title,video_id,channel,chunks_punctuation
CLIMATE COLLAPSE: EXTREME Temperature Records SHATTERED Again | The Kyle Kulinski Show,twNs_39Zqa4,Secular Talk,"Ben Shapiro. every time he talks about climate change, it is, uh, it is a glorious thing to see. you see, that big brain, uh, you know, breaking everything down in real time, it is, it's really phenomenal. so he's got some new thoughts for us on climate change. now, remember, guys, this is at a time when, um, we're getting records shattered left and right, just absolutely obliterated left and right. I mean, I don't even know is is Phoenix still going with their record? I know that it was like what did they have 22 straight days of 110 degrees or more, 22.. the previous record was 18.. they obliterated the record. and it's just one of many, right? we've seen the insane flooding in the Northeast and parts of New York. there's been a list of wild and extreme weather events: the, the water off the coast of Southern Florida was close to a hundred degrees. it was like a freaking hot tub. we're an Uncharted Territory here. well, um, Ben Shapiro is going to come in and, don't worry, he's going to use logic and facts to disprove any sort of concerns you have, based on science and empirical data and phenomenological experience. listen to this. can I point out that there are a lot of headlines right now about how hot it is outside. I know it's hot outside. you know what I can do about that? zero things. thank God we have this thing."
CLIMATE COLLAPSE: EXTREME Temperature Records SHATTERED Again | The Kyle Kulinski Show,twNs_39Zqa4,Secular Talk,"called air conditioning. it's awesome, you know. it's a great cure for being super duper hot outside. being a first world country, amazing. it works out tremendously well because it turns out that if you have a really solid energy grid and you have the capacity, turn on that AC, you're living quite comfortably these days. you know what sucks Global poverty? you know it brings Global poverty decarbonization. so not only is he being smug and glib and dismissive, you know, like AC, AC exists, so owned, climate change wrecked, owned, bro, we got you. he's also leaning into, by the way, let's not do anything about this at all. definitely don't- uh, you know, move away from carbon and fossil fuels. definitely don't do that. so not only is he being glib and saying AC is the solution, bro, he's also saying: but definitely don't move to solar, definitely don't move to win, definitely don't move to nuclear, definitely don't move to geothermal, definitely don't do anything you can. definitely don't have an economic Revival where we get the inevitable patents in the field of green and renewable technology, where we can be the world leader in that thing and we can make tremendous amounts of money. definitely don't do any of that. stick in the previous ERA. this is like a dude saying: right after the invention of the car, bro, forget the car, horse and buggy bro, where my horse and buggy people at you want."
CLIMATE COLLAPSE: EXTREME Temperature Records SHATTERED Again | The Kyle Kulinski Show,twNs_39Zqa4,Secular Talk,"to get off the horse and the buggy. what's wrong with you? we've been doing it like this for so long. do you think we're gonna change it? let me also point out that, uh, the media always do this routine when it's very, very hot outside. they never, ever, cover it when it's cold. so it's funny. that is actually factually not true and he's going to get into this here. but they used to call it global warming, now they call it climate change. why do they call it climate change? well, the trend is still warming. you could see the line on the crab goes, like you know, basically straight up or up in a very clear way. but because of climate change, there are also just a massive increase of extreme weather events of all kinds across the board. so they do bring up when it's cold outside and in that instance, oftentimes they say, yeah, this potentially could be part of climate change. scientists are very careful when they talk because they want to make sure they're clear about something. so, and you can't say any one individual weather event is because of climate change, you can look at the pattern, you can look at the trend and then you can definitely say it's because climate change and yes, it includes extreme weather events on the other side too. yes, and that's not crazy, that's not stupid, that's not dumb. you're being professionally dense when."
CLIMATE COLLAPSE: EXTREME Temperature Records SHATTERED Again | The Kyle Kulinski Show,twNs_39Zqa4,Secular Talk,"you act like you don't understand that point. your freaking ivy league educated. you get the point people are making. you just don't agree with it. so you try to poke holes using facts and logic, but you end up falling on your ass. the media will say: well, you know, it's not global warming, it's not climate change. and the reason they changed the term from global warming to climate change is because the the climate in many cases is colder during the winters than it was before, so it's hotter during the summer since colder during the winters. they've called this climate weirding, but that doesn't really seem to go over all that way, so they call it climate change, which, of course, is an incredibly vague term because the climate is always changing. however, it is worth noting at this point that all of this folks, Millions- will die of the heat waves that are occurring on planet. oh my God. the ocean is so hot during the summer in Florida, okay. so, first of all, it is hot this summer in Florida also. it's not like every summer in Florida. I've been to Florida. it's really really hot and humid, like I noticed when I first visited here several years ago, and we moved anyway because air conditioning exists. so he's like poo pooing the idea that people will die because of climate change. well, I hate to tell you, Ben, but there's this thing called."
CLIMATE COLLAPSE: EXTREME Temperature Records SHATTERED Again | The Kyle Kulinski Show,twNs_39Zqa4,Secular Talk,"drought. there's this thing called famine. there's this thing called uh many fresh water resources running out, where we'll eventually have wars over water. there's this thing called the Middle East will at some point be uninhabitable because it's too hot. who knows, maybe places like Phoenix, Arizona will be uninhabitable- and they also sold a lot of their water to freaking Saudi Arabia, by the way, seems like a bad idea given the current place we're in. you got all these problems and he just swats them aside. we have AC. yeah well, thank you, Ben, for using your big brain like I get it, dude. you're conservative, I get it. I get it. I get it. but when you're so ideological and you're so married to your, your politics that you just disregard or ignore or SWAT aside empirical facts about reality, I mean it there. you can't call that anything but dishonest. you can't, you can't do it. so you know it used to be the case that these guys had climate change isn't happening. now it's like: okay, it's happening, but it's natural, it's gonna happen no matter what. okay, it's happening, but it's a good thing. they keep like moving the goal posts and now we're at the point where he's just like threw his hands up in the air. he's like: I don't know. whatever it is, what it is, AC exists. get over it. that's not good. that's not a serious way of."
CLIMATE COLLAPSE: EXTREME Temperature Records SHATTERED Again | The Kyle Kulinski Show,twNs_39Zqa4,Secular Talk,"tackling this problem. so, anyway, you would have thought that over the years, his commentary would have been sharpened because he's a political commentator. no, this reminds me exactly of this old clip, which is a very famous clip because everybody and their mother made fun of it because it's the dumbest thing you've ever heard in your life. so let's say, let's say, for the sake of argument, that all of the water levels around the world rise by by, let's say, five feet over the next hundred years, say, 10 feet by the next hundred years, and it puts all the low-lying areas on the coast underwater right which, let's say, all of that happens. you think that people aren't going to just sell their homes and move? this is the level of commentary that we're dealing with, and he's viewed as the right wing intellectual, he's used as the smart guy, and this is this type of stuff. he says: well, look again, I got news for you saying now, in the year of Our Lord, 2023.. we have AC, bro, what ifs? that same level, that's the same level of commentary and, honestly, it's embarrassing. at this point, if you're- uh, you know- willfully going along with this, I don't know what to tell you. I don't want to be too much of a dick and question your intelligence. but good, googly, moogly, it's hard to steal man people who are falling for this stuff, man."
CLIMATE COLLAPSE: EXTREME Temperature Records SHATTERED Again | The Kyle Kulinski Show,twNs_39Zqa4,Secular Talk,"it really is sweet Jesus. I don't. I don't know how this is convincing to anybody, but nonetheless, here we are. hey, y'all do me a favor and like And subscribe. it helps out big time in the algorithm. click the Bell as well for notifications when videos Drop and watch that video on screen right now. you know you want to."
Ocean Current COLLAPSING In Nightmare Scenario | The Kyle Kulinski Show,CNFATGlTXEI,Secular Talk,"every day I learn a new fact. that scares the crap out of me when it comes to climate. so this is an axios. a new study says a key Atlantic Ocean circulation could shut down by mid century. so here's a little picture of it here: the way the circulation works in the Atlantic. it's actually really interesting. a key element driving the Atlantic Ocean May dramatically dramatically slow down and then turn off completely during the next few decades. a new study finds the circulation known as the Atlantic meritonial Meridian overturning circulation, or the amok. amoc includes the Gulf Stream, part of a global conveyor belt that moves water around the world. the amok helps to regulate everything from the rate of sea level rise on the east coast to Europe's average temperatures. a sudden shutdown of this ocean current, which the new study shows could occur during mid-century or between 2025 and 2095, was part of the plot of the 2004 disaster film The Day After Tomorrow. do you guys remember that movie? We're literally now bringing about in reality Day After Tomorrow stuff. the research published Tuesday in the journal Nature Communications uses statistical methods to tease out early warning signals of an amok collapse, including a Slowdown in the current and increasing variability. the findings also suggest the shutdown may happen sooner than previously thought and perhaps within many people's lifetimes. a breakdown would likely be potentially irreversible and would Mark a major Tipping."
Ocean Current COLLAPSING In Nightmare Scenario | The Kyle Kulinski Show,CNFATGlTXEI,Secular Talk,"Point: critical thresholds in Earth's climate system that, when crossed, will usher in severe changes. climate models indicate that an abrupt stop could trigger extreme cooling across parts of the northern hemisphere. rainfall patterns around the world would be disrupted and major floods and storms would increase, leading to further sea level rise in the North Atlantic Basin, among other effects, they say when they talk about extreme cooling. I saw this in a different article on the same topic. they say that, uh, in like, like the UK, for example, northern Europe sort of area that that would go into to extreme cooling. now I'm sure if slash, when that happens, you'll have a conservative turn around and say whatever, I thought it was global warming and look, there's massive cooling going on here. no, the reason why they changed the terminology to climate change is to be more accurate, because the fact of the matter is, even though the trend over time is warming- and that line is very clear- the climate truly is warming. the weather even is warming. it's true that you're going to have all sorts of issues pop up with severe weather on both ends of the spectrum, and this is one of those things. as a direct result of climate change, this circulation could stop and then you'll have some places that get super freaking cold. totally Haywire, our system's gone. totally Haywire. we're talking about drought. we're talking about famine, we're talking."
Ocean Current COLLAPSING In Nightmare Scenario | The Kyle Kulinski Show,CNFATGlTXEI,Secular Talk,"about wars over water. we're talking about some places you can't even live. we're talking about increased extreme weather events. the list goes on and on. while the precise effects of a collapse aren't fully understood, scientists believe it would have vast socioeconomic consequences for tens of millions of people, acutely impacting coastal cities, agriculture. that's terrifying. if it's going to affect our agriculture, how do we know everything's going to be okay where we can feed everybody, fish populations and marine ecosystems? detailed observations of this circulation pattern via modern instruments are relatively short. the study notes the scientists extended records further Back In Time by using sea surface temperatures to shed light on Trends. the authors also noted they couldn't rule out overlooked or undiscovered mechanisms not reflected in their assessment. the amoc is a system of ocean currents that transport water and heat between the Southern Ocean and the far North Atlantic Ocean in a years-long cycle that influences weather patterns in both hemispheres. the currents are driven by differences in water density, regulated by changes in temperature and salt concentration. as warm water flows north along the ocean's surface, it becomes denser as evaporation increases, salinity levels and temperatures decrease, making it sink deeper. it then slowly spreads southwards before rising from the ocean's depths in the Southern Ocean in a process known as upwelling, thereby completing the circuit. previous Studies have shown that the already slow moving series of ocean currents is likely further weakening."
Ocean Current COLLAPSING In Nightmare Scenario | The Kyle Kulinski Show,CNFATGlTXEI,Secular Talk,"due to human-caused climate change, which is accelerating ice melt. in Greenland. this increases the volume of lighter fresh water entering the North Atlantic. the study's conclusions run contrary to the most recent report from the UN ipcc, which found in amok shutdown is very unlikely to occur this Century. Michael Mann, a climate scientist at the University of Pennsylvania who has published studies on the slowing AMAC mock but was not involved in the new research, said he questioned some of the methods and methods the new study uses. nevertheless, he finds its conclusions plausible. quote: I think the authors in this case are onto something real. we could be talking decades rather than a century. every time I see a story on climate change, it's always like: well, this is worse than what we thought the worst case scenario was going to be. every single time. I mean, we just had it was. it may have eclipsed 100 degrees in the ocean, uh, by Key West Florida, which would be a world record if that's. we're shattering temperature records everywhere. Rome just had a a new record temperature. we've had extreme flooding in places like, uh, in like Northwestern New York. there was just a whole bunch of extreme flooding. we have the wildfires which are out of control and, worse than ever, we have all these things and every single time I read an article it's like: this is worse than what we thought the worst case."
Ocean Current COLLAPSING In Nightmare Scenario | The Kyle Kulinski Show,CNFATGlTXEI,Secular Talk,"scenario would be. so, based on that, I tend to lean more in the direction of the study that, like, this thing is going to happen and it's going to happen relatively soon, and who knows what else this will lead to. and, like I said, the fact that this is like, hey, part of this was a day after tomorrow and of course, Day After Tomorrow is uh, traumatized, no, but also like, really, we're even having a conversation about some of those things might happen. that is wild. that is wild. um, yeah, I don't know, man, I think we should maybe do something about this, or we could keep debating it and we could have a whole cottage industry based on, uh, mucking up, doubt that this, that this is even a problem, and uh, we can drag our feet until we hit, until we reach Oblivion. we could do that too. I don't know. that just seems like a bad idea to me. hey, y'all do me a favor and like And subscribe. it helps out big time in the algorithm. click the Bell as well for notifications when videos Drop and watch that video on screen right now. you know you want to."
The Climate Apocalypse Is Here | The Kyle Kulinski Show,lUYdZbUIv0o,Secular Talk,"this past month has been a real eye-opening experience for many normies, because this is the first time in a while that people's anecdotal experience has lined up with the data on climate change and, uh, so you're seeing a lot of, you know, a lot of people are having a breakthrough like holy cow. there's really something that we need to address. so some of these headlines, man, are just jaw-dropping. so Ken klippenstein tweeted the following: Earth reaches hottest day ever recorded four days in a row. this is the hottest month ever recorded in human history, with Florida ocean temperatures topping 100 degrees. experts warn of damage to marine life. it's so hot in Arizona. doctors are treating a spike of patients who were burned by Falling On The Ground. hospitals in Arizona, the the burn units are completely full. 45 beds in one Hospital mourn, another totally full. searing Arizona Heat Wave. that's delivered 110 degrees Fahrenheit weather for 30 days straight. kills off States iconic cactuses as locals bake cookies in cars and complain of melting roads. he also shares this. Banks vote to limit accounting of emissions in bond and stock sales. that's great. that's great. so Corporate America, of course, taking this very seriously. so, uh, let's dive into some of these stories here. so hot in Arizona, doctors are treating a spike of patients who were burned by falling on the ground. it's so hot, Maricopa County, Arizona. the people are being."
The Climate Apocalypse Is Here | The Kyle Kulinski Show,lUYdZbUIv0o,Secular Talk,"brought into the emergency room with significant, sometimes life-threatening, Burns. for the past three or four weeks of this record Heat Wave, people have been burned just by Falling On The Ground. quote. summers are our busy season, so we anticipate that this sort of thing is going to happen, but this is really unusual. the number of patients that we're seeing and the severity of injuries- the Acuity of injuries- is much higher, said Dr Kevin Foster, director of burn services at the Arizona Burn Center at Valley wise Health. the numbers are higher and the seriousness of entries are higher, and we don't have a good explanation for it. every single one of the 45 beds in the burn center is full, he said, and one-third of patients are people who fell and burn themselves on the ground. there are also burn patients in the ICU. about half of those patients are people burned after Falls. quote. it has definitely taken its toll, Foster said. the area has been hotter than usual, even for Arizona, and that expert said means that the ground can be dangerous for anyone whose bare skin comes into contact with it. temperatures in Phoenix top 110 degrees for the 30th day in a row- by far the longest streak on record. the old record was just 18 days, as of uh me recording this segment, I think it's even higher. now I think we're on day 32 or 33.. every single alarm Bell."
The Climate Apocalypse Is Here | The Kyle Kulinski Show,lUYdZbUIv0o,Secular Talk,"should be going off. everybody should be recognizing exactly what this is. now, by the way, people actually do, the public actually does what's standing in our way. we all know what's standing in our way. we have an oil Lobby, a fossil fuel Lobby that has effectively bought the entire Republican party, and then you have some Democrats and that's all they need to do is buy some of the Democrats, Joe manchin for example- and then you really block any movement in the right direction. now we ended. we did end up getting the inflation reduction act, which was definitely a step in the right direction, but it certainly doesn't match the scale of the crisis, and, as I said a million times and I'll say a million more, this is actually an Economic Opportunity. if we lead when it comes to solar, we lead when it comes to wind, we lead when it comes to nuclear and geothermal, we can get the, the patents for the inevitable new technology that we can then sell to the rest of the world, and so it should be looked at as an economic opportunity to change the nature of the economy, get all fossil fuels, save ourselves from This Disaster and do a tremendous amount of job creation in the process. now, by the way, we already have. what is it? over 60 billion dollars went to green and renewable technology made in America stuff as part of the IRA."
The Climate Apocalypse Is Here | The Kyle Kulinski Show,lUYdZbUIv0o,Secular Talk,"that's great, that's a good start, but we got to go further, man. so I mean, look, every time I read an article on this stuff, it's like this is worse than what, uh, scientists thought the worst case scenario would be. and so it looks like we've really hit a Tipping Point here and there's no going back. the head of the UN came out the other day and said: it's no longer global warming, now it's Global boiling. man, that scent chills up my spine. dog, that sent chills up my spine. so I I mean, we can't put the genie back in the bottle and I'm just, I just fear how bad it'll actually get. you know, famine, drought, increase in extreme weather on both end, both ends of the spectrum, trillions of dollars in damage as a result of all this stuff. Wars over water, limited resources, anyway, uh, I have to say this to end: end this segment: but if these things don't whip the world into shape and don't make it so, the government's lead in a serious way. I don't know what will. because what do you have to do? hottest month on record ever, ever hottest days keep coming in. ocean temperatures over a hundred, shattering heat records. what does it have to be? over 130 degrees for five weeks for people to act. I don't know, I don't know, but uh, this is unsustainable and terrifying. hey, y'all, do me a."
The Climate Apocalypse Is Here | The Kyle Kulinski Show,lUYdZbUIv0o,Secular Talk,favor and like And subscribe. it helps out big time in the algorithm. click the Bell as well for notifications when videos Drop and watch that video on screen right now. you know you want to.
Fox Host Calls Climate Change &#39;Psyop&#39; As Hawaii Burns | The Kyle Kulinski Show,fVzw1IkuEXw,Secular Talk,"all right, everybody, welcome to the show. how's everybody doing today? I am doing just Splendid, uh. so do me a big favor. before I even say another word, click that subscribe button. it's basically inevitable that Crystal is gonna pass me and subscribers, which is a tragedy. uh, some would say it's up there with some of the worst disasters in American history. uh, I am one of those people. I would like to have bragging rights over my wife, continuing in perpetuity, but it looks like all of you have failed me and I will not be able to do that and she'll have bragging rights over me and rub it in my face that she surpassed me in Subs even though my Channel's been around for roughly 78 years longer. so, yeah, it's cool, no big deal, it's whatever. click subscribe, for the love of God, and keep me in front of her. so, anyway, um, also click the Bell icon to get a notification every single time video drops. shout out to all the patreon supporters of this show. shout out to everybody who subscribes to Crystal, Kyle and Friends. by the way, we had a great debate with Michael Tracy on the Trump indictments last week. definitely check that out. it got very heated and very passionate, but it was also very substantive and I think you guys will enjoy that and remember you can always listen to this uh show in its totality as"
Fox Host Calls Climate Change &#39;Psyop&#39; As Hawaii Burns | The Kyle Kulinski Show,fVzw1IkuEXw,Secular Talk,"an audio podcast. we don't just post the clips on YouTube, it's also over on Spotify anyway. all right, so let's go ahead and jump into it. I got a great show for you. today. we have um disaster in Hawaii- a wildfire disaster- and, um, at the same time, you have these Fox News hosts. I don't know if it was the same time or a day before, to be fair, but Fox News hosts were uh, uh, basically denying climate change, as they always do. we also have, uh, some very prominent right-wing judicial experts turning on Donald Trump and making an amazing argument that's going to shock you. we have a Biden supporter, a Biden supporting Republican, who confronts a trump supporter at the Iowa State Fair, and that is an amazing video. and then we also have, uh, Texas. apparently their prisons don't have air conditioning in Texas, and you can imagine what's now happening as a result of that. so we'll dive into all of that and much more, all right? so Jesse Waters is, uh, of course, the resident Fox News frat boy goon and um, they decided to do a climate change denying segment because it's a day that ends in y and uh. I want to show you it and then contrast it with the disaster that we're experiencing in Hawaii, so let's dive into it. this is a psyop against the American people by big business and the Democratic party to"
Fox Host Calls Climate Change &#39;Psyop&#39; As Hawaii Burns | The Kyle Kulinski Show,fVzw1IkuEXw,Secular Talk,"worry you into giving you more of their money. you know the World's Gonna Change. everyone's gonna die. tax me, tax me, tax me. and when someone is that anxious, they will do anything to solve the problem. and the government says we just need to spend more money to solve the problem and that money goes to their donors. they're going after people who are, I guess, seeing therapists because they're worried about climate change or something and they're using this as like a haha, stupid liberal segment and he says it's a psyop and it's a conspiracy by big business to get, uh, Americans taxed more or something. I love how they invert the conspiracy. no, Jesse, the conspiracy is out in the open. the conspiracy is Exxon Mobil and Chevron and a big oil and all of these dirty energy companies making a tremendous amount of profit. they want to continue to make a tremendous amount of profit. so what they do is they hire mercenary junk scientists to pretend like they are not leading to climate change, and that gets everybody to drag their feet and not do enough to fight back, even though you have like 98 or 99 of the climate scientists saying this is a real problem and we need to address it. you have like 99.8 percent of studies in a in a giant meta-analysis showed: yes, climate change is real, it's happening and it's largely man-made. still want to swad it."
Fox Host Calls Climate Change &#39;Psyop&#39; As Hawaii Burns | The Kyle Kulinski Show,fVzw1IkuEXw,Secular Talk,"aside, because I got one mercenary For Hire junk scientists who said: actually it's not our fault and so let's just keep, uh, using oil and gas until the cows come home forever, and so that's the real conspiracy. the real conspiracy are the climate change deniers. but he flips it. oh yeah, it's a psyop on behalf of big business, because the government wants to tax you or something. by the way, Jesse, do you have anything to say about the fact that under Republican administrations, working people pay more in taxes? do you have anything say about that? under Democratic administrations, where can people pay less in taxes? do you have anything to say about that? no, I didn't think so. so it's. it's just standard climate denial nonsense. and now it's happening at a time where even people's anecdotal experience is lining up with the data it used to be. you look at the data, the data says one thing, and then you talk to individuals and they go. I don't know. things seem pretty normal. now we're at the point where the data says one thing and the anecdotal experience says the same thing. everybody just came off the hot, the hottest month ever recorded in human history. yeah, I think people are going to notice that, Jesse, and I think they're gonna have some concerns. so anyway, at the same time- or I should be clear, I think it was maybe a day before- um."
Fox Host Calls Climate Change &#39;Psyop&#39; As Hawaii Burns | The Kyle Kulinski Show,fVzw1IkuEXw,Secular Talk,"the Hawaii Wildfire happens. this is what they're talking about. so now let me show you some from that. this is what happened in Maui. this is astonishing. look at this, so for everybody just listening. you're seeing burnt, charred cars. you're seeing uh buildings that uh have effectively collapsed because they were burnt to a crisp. you're seeing just complete and utter total devastation. it's basically an entire town that has effectively been wiped off the map. at this point, as I'm talking to you right now, I know the death toll is over 100 people. it is still climbing. um, people were basically jumping out of their cars and jumping into the water to survive. that's how nightmarish this entire scenario was. there's smoke everywhere. I mean it is uh, it's something that looks like it's post-apocalyptic. it looks like it's something out of a zombie movie or or like this area just got nuked or something. that's what it looks like: storefronts absolutely positively destroyed, a car that looked like it was in the fire for 24 hours straight. everything's destroyed, everything's gone, boats even destroyed. even that boat caught on fire and the boat is literally on the water. I mean it's. it's really, really an astonishing picture, just to put it more into perspective, for people. look at this. so this is the before and after, and forgive me if I mispronounce this, but Lahaina Maui, before and after. this is the before, that's this."
Fox Host Calls Climate Change &#39;Psyop&#39; As Hawaii Burns | The Kyle Kulinski Show,fVzw1IkuEXw,Secular Talk,"is what this beautiful place looked like, and then now it looks like that it is. uh, it's a nightmare and a lot of people lost absolutely everything. now you might be watching this and saying, well, yeah, but how does this link up to climate change? well, we've experienced this in the American West. we've seen what's happened as a direct result of climate change. let me show you that chart. so there are now more wildfires than there ever were. over the past six decades, there has been a steady increase in the number of fires in the western US. in fact, the majority of Western fires- 61 percent- have occurred since the year 2000. this is what the graph looks like. you have a steady, consistent increase here. this is in the American West and apparently those fires are also larger. they say those fires also burn, are burning more acres of land. the average annual amount of Acres burned has been steadily increasing since 1950.. the number of mega fires, fires that burn from more than 100 000 Acres, which is 156 square miles, has increased in the past two decades. in fact, no documented mega fires occurred before 1970.. and now we get them. we'll get this chart. and when I think of a wildfire, I do not think of Maui. you know it's tropical. it rains there quite a bit, but apparently it dried out and then there was a very rare wind event."
Fox Host Calls Climate Change &#39;Psyop&#39; As Hawaii Burns | The Kyle Kulinski Show,fVzw1IkuEXw,Secular Talk,"where there were 70 mile an hour winds and the, the fire just cut through everywhere like a hot knife through butter and uh, again, this is directly linked to climate change. how much more evidence do these people need? how much more do you need? do you need me to bring up the climate chart, the temperature chart where it's been steadily Rising, where the pattern is rising, Rising, Rising. now, what they often do is they point to well, there's also cold records from time to time, but the way climate change works is that you get extremes on both ends of the spectrum. one of the potential side effects of climate change is that the ocean current is collapsing and that's supposed to make it so that, like the UK, enters like Ice Age, and that's all a direct result of climate change. it does it just. it makes the climate go Haywire effectively. that's what happens, and you're also going to have drought, you're also going to have famine, you're also going to have wars over water. this is all like documented and this is stuff that we know is coming, and every time they look at it they say, oh my God, this is worse than what we thought the worst case scenario was. we're all living in it right now and they still want to do their. haha, stupid liberal segment about some people going to see a climate therapist or something seems like."
Fox Host Calls Climate Change &#39;Psyop&#39; As Hawaii Burns | The Kyle Kulinski Show,fVzw1IkuEXw,Secular Talk,"you're missing the fars for the trees there. that's what it seems like to me, and it seems like you guys are working backwards from your conclusion and you will never acknowledge you were wrong, no matter how much evidence is put directly in front of your face. hey, y'all do me a favor and like And subscribe. it helps out big time in the algorithm. click the Bell as well for notifications when videos Drop and watch that video on screen right now. you know you want to."
The Climate Apocalypse Is Here | The Kyle Kulinski Show,lv4iv6gql68,Secular Talk,"all right, guys. so, uh, i regret to inform you that the climate apocalypse is here. it is here. carbon dioxide levels are highest in human history. humans pumped 36 billion tons of the planet warming gas into the atmosphere in 2021, more than in any previous year. it comes from burning oil, gas and coal. the amount of planet-warming carbon dioxide in the atmosphere broke a record in may, continuing its relentless climb. scientists said friday it is now 50 higher than the pre-industrial average before humans began the widespread burning of oil, gas and coal in the late 19th century. there is more carbon dioxide in the atmosphere now than at any time in the last four million years. national oceanic and atmospheric administration officials said the concentration of the gas reached nearly 421 parts per million in may, the peak for the year. as power plants, vehicles, farms and other sources around the world continue to pump huge amounts of carbon dioxide into the atmosphere, emissions totaled 36.3 billion tons in 2021, the highest level in human history. let me just say i remember when people talked about 400 parts per million being the point of no return, that once we crashed that cr, cross that line, we're screwed. we're screwed. you're gonna have catastrophic effects as a result of that. now we're at 421 parts per million. we're way above that 400 line. kind of scary, isn't it? kind of scary, as the amount of carbon"
The Climate Apocalypse Is Here | The Kyle Kulinski Show,lv4iv6gql68,Secular Talk,"dioxide increases. the planet keeps warming, with effects like increased flooding, more extreme heat, drought and worsening wildfires that are already being experienced by millions of people worldwide. average global temperatures are now about 1.1 degrees celsius, or 2 degrees fahrenheit higher than in pre-industrial times. growing carbon dioxide levels are more evidence that countries have made little progress toward the goal set in the par in paris in 2015 of limiting warming to 1.5 degrees celsius. that's the threshold beyond which scientists say the likelihood of catastrophic effects of climate change increases significantly. they are a stark reminder that we need to take urgent, serious steps to become a more climate ready nation. rick spinrad, the noaa administrator, said in a statement: although carbon dioxide levels dipped somewhat around 2020 during the economic slowdown caused by the coronavirus pandemic, there was no effect on the long-term trend. peter tanz, a senior scientist with noa's global monitoring laboratory, said in an interview: the rate of increase in carbon dioxide concentration just kept on going, he said, and it keeps on going for about the same pace as it did for the past decade. so, um guys. [Music]. the thing that we need to realize is: you can actually view this as an opportunity. like fdr looked at the depression, with all the pain and all the suffering and the economic devastation, and he used that as an opportunity to fix the system. let's do the new deal um. you can."
The Climate Apocalypse Is Here | The Kyle Kulinski Show,lv4iv6gql68,Secular Talk,"do the same thing with this. that's why people talk about a green new deal. now there's different versions of it. i think some of them, uh, are not specific enough on this issue. but the whole concept of let's do a green new deal- transition off of fossil fuels, move to green renewable technology, move to electric vehicles. you can have a giant economic boom as a result of that- a giant economic boom. you can create so many jobs. you can make the us the manufacturing hub of the world again. we can lead the world on this stuff. we can develop the patents and have them here, which will make it so that in this global economic competition, we rise above everybody else. you can look at this as an opportunity for growth, and so you get. you would get the benefit of fighting back against climate change, but also the benefit of an economic boom and jobs and even profit being created. but you just need to dedicate yourself to it now. the reason why we haven't- and everybody knows this- is the influence of oil money and natural gas money- just the whole fossil fuel industry, all the various dirty energy industries. they've basically bought the entire republican party here in the us, but they've also bought a handful of democrats like joe manchin, and so they block any sort of movement in the right direction. and so here we are, every time, you see."
The Climate Apocalypse Is Here | The Kyle Kulinski Show,lv4iv6gql68,Secular Talk,"an article on climate change or a study, they always say: look, it's worse than what scientists said was the worst case scenario. how many times have we seen that? and so i mean this article should terrify people, because- and i also think- people don't do a good enough job talking about all of the real downsides of climate change. you know, the one that's floated from time to time is like well rising sea levels. yeah, that's true, and that's a huge problem. and, um, you know, there are cities like new orleans or miami that could be gone eventually. right, that's a huge problem, but there's other things that aren't discussed, like the fact that there's going to be wars over water and there's going to be famines because there's not enough fresh water and the growing seasons are all [ __ ] up, you know. here's another one. this is an argument that should work on conservatives if they're using their brains. the middle east is becoming literally uninhabitable. one of the region's hardest hit by climate change is also one least equipped to deal with it. the summer this summer- this was in 2021. this summer, several picturesque countries in the middle east became tinder boxes as extreme temperatures and severe droughts ravaged the region. forest burned and cities became islands of unbearable heat. in june, kuwait recorded a temperature of 53.2 degrees celsius- 127.76 degrees fahrenheit, while oman, the united arab emirates and saudi."
The Climate Apocalypse Is Here | The Kyle Kulinski Show,lv4iv6gql68,Secular Talk,"arabia all recorded over 50 degrees- 122 degrees fahrenheit. a month later, temperatures in iraq spiked 50 to 51.5 degrees- 124.7 degrees uh fahrenheit- and iran recorded a a close 51 degrees- 123.8 degrees fahrenheit. worst of all, this is just the start of a trend that the middle east is warming at twice the global average and by 2050, will be four degrees celsius warmer as compared with the 1.5 degree mark that scientists have prescribed to save humanity. so they say. some people say by 2050, others say by 2100, the middle east will be literally uninhabitable. now let me ask you a question: where do these people go when this happens? where these people go, there's going to be a giant refugee crisis and a giant immigration issue and conservatives not gonna like that. but if you say, hey, we can address this now by transitioning off of fossil fuels, they also don't like that. so a little bit of a rock and a hard place, isn't it so? unfortunately, look, in many ways i don't fancy myself a doomer, but i think when it comes to climate man, i'm really close to just being a doomer, because we're at the point now where it's like not only do we need to transition quickly, we also need um new technology to help get us there, finding a way to vacuum the greenhouse gases out of air or some [ __ ], and i don't know if that."
The Climate Apocalypse Is Here | The Kyle Kulinski Show,lv4iv6gql68,Secular Talk,"exists. i don't know if that will exist, but this is not a good sign. none of this stuff is a good sign and i guarantee this won't get nearly the press that it deserves. that carbon dioxide levels are the highest in human history. that's astounding. ever since adpocalypse, when youtube defunded all independent news and politics overnight, we haven't trusted them. we know they can pull the rug out from underneath us at any time. if you enjoy this content, please consider tipping a dollar two per month on the secular talk patreon link in the video description box below. thanks for your support."
THE CLIMATE APOCALYPSE IS HERE | The Kyle Kulinski Show,plzrk_A2uqQ,Secular Talk,"all right, guys, let me walk you through this situation that we're currently looking at. uh, the fact of the matter is, the climate apocalypse is already here. people talk about climate change. uh, from the perspective of man, we better do something, because in the near future we're really [ __ ]. but the reality is ain't: no, near future, nothing, we're [ __ ]. right, nski? okay, we, we're already the Die Cast, we're already seeing the results here. man, here's one thing I wanted to share: emergency services at Dublin Airport after passengers and crew injured by turbulence in Qatar Airways flight. now you might say, well, Kyle, hold on. now. this just turbulence, no big deal. it happens every now and then. we've seen a massive, drastic increase in the number of flights that have vicious and violent turbulence, where some people are get hurt. somebody died on a flight the other day because of the turbulence, because their head went up and hit and [ __ ] broke their neck, or some [ __ ] right, we're now seeing more and more and more instances of this happening. why, oh my God, again a second plane is hit by dangerous turbulence just a few days? this is what happens when the planet is hotter than ever in recorded history. it's obvious. we will see much more of this, despite the fact Aviation experts tell us it's rare and the complacency of the media, Etc. we"
THE CLIMATE APOCALYPSE IS HERE | The Kyle Kulinski Show,plzrk_A2uqQ,Secular Talk,"are in near total denial of the planetary crisis we are in. I read an article the other day that made the same point. uh, this is actually directly tied to climate change and the temperatures being record-breaking in terms of how hot it is, so expect more severe turbulence. look at this North North Atlantic Sea surface temperature anomaly. this is 2024 North Atlantic Sea surface temperature. here you have all the other years right. here's 20124. the. the sea is boiling on the west coast of Florida. yesterday they said it hit 90°. the ocean is a [ __ ] hot tub there. you know what that means: very, very dangerous and strong hurricane season talking about, instead of the top end being 150 mph, could be 180 miles hour now with the wind because the water is so hot. so this was 1982 to 2022. 2024 is the red. it's almost like everything's hitting us all at once now that it built up, it built up, it built up and now we're off the charts in terms of where we're at all. right, let me play this for you: this is wild man time for the barelli bonus. so we're talking about this monster heat. we'll talk about the impacts on places like Texas and Florida as well, but I want to focus on what's happening in Central America. it has been baking for the past several weeks. we're talking extreme heat there and every single Heat."
THE CLIMATE APOCALYPSE IS HERE | The Kyle Kulinski Show,plzrk_A2uqQ,Secular Talk,"Wave now, because air temperatures have risen, is made worse by climate change. they're more intense, these heat domes. they last longer and they're also much larger in scale. so the result of that is places like Mexico City, for instance, have got to 95 degrees twice. actually it was 94 on Friday. 95- Mexico City is 7,300 ft in the air, basically on a mountain. 95 degrees there, supposed to be cooler the higher up you go, 95 degrees there. record-breaking, here we go. this is like Mexico City, for instance, have gotten to 95 degrees twice. actually it was 94 on Friday. 95 on Saturday broke their alltime record two days in a row. now that doesn't sound very high, does it? well, it's measured at 7,300 ft cuz. Mexico City is way up there. by the way, there 20 million people there. so if you take the equivalent at the surface, that's 110 plus degrees in Mexico City, just to give you an idea of how hot it is there. there are some impacts: 48 people have died in Mexico since the heat wave began. 157 monkeys have died of heat stroke, dropped out of trees and the extreme drought in Mexico. they are running out of water. they're at day Zero- sometime in June, they think, meaning they may run out of water in Mexico City. so we have a horrible drought going on across all of Central America and Mexico. the drought is Amplified by"
THE CLIMATE APOCALYPSE IS HERE | The Kyle Kulinski Show,plzrk_A2uqQ,Secular Talk,"the Heat and the heat amplifies the drought. so let's talk about just how hot it feels like, and you can see these numbers, Rebecca. I mean up to 120° right now in parts of Mexico and Central America. in Texas, close to 110°, if not more, in Brownsville and across the State of Florida. it's actually a picnic compared to the rest of the area right now. now it's starting to affect corals already and we saw last year the worst Coral bleaching event in history. this is a product from Noah coral reef watch. it gives us a watch up to a warning, up to an alert where we might see Coral bleaching and if you zoom in on the keys, most of the keys already under a watch and then some of the keys also already under a warning but not quite alert level yet. we're hoping it's not as bad a bleaching season as it was last year, but it is possible if this heat continues. so, as the they pointed out there, Mexico City could run out of water in a month unless it rains. recorded heat in New Delhi hit an all-time record: 52.3 de CS, that's 126° fah. today, 126 degrees fenhe in India, a new record. the world is still only at 1.1 degrees above pre-industrial warming and may Al and may go as high as 2.4. South Asia will become literally unlivable, many areas of the Middle East as well, literally."
THE CLIMATE APOCALYPSE IS HERE | The Kyle Kulinski Show,plzrk_A2uqQ,Secular Talk,"unlivable, and it's happening faster than we ever thought. every time I read an article on this, it says the same thing. it looks like what's happening is actually worse than the worst predictions that climate scientists had made not that long ago. by the way, buckle up for the hurricane season this year, bro. this is going to be a wild one. this is going to be a [ __ ] wild one, all right, and then, finally, I'll give you this: majority of us voters back legal action against Big Oil. a majority us voters support civil lawsuits against fossil fuel companies for their role in creating the climate crisis, while roughly half support criminal charges. the poll results uh released Tuesday indicates support for the dozens of civil cases brought against Big Oil currently in US courts, many of which were brought by municipalities or states. in a sample of over 1,000 respondents, 62% of likely voters said that they supported legal accountability for oil and gas companies for their contributions to climate change, including 84% of Democrats and 40% of republic Republicans. voters strongly want to see companies held accountable for their harmful actions. these national uh findings show these cases may be able to earn popular support, particularly in blue jurisdictions. public interest groups have supported the civil cases and pushed for the US Department of Justice to also take civil action against fossil fuel companies, which the lawsuits uh generally argue spread disinformation about."
THE CLIMATE APOCALYPSE IS HERE | The Kyle Kulinski Show,plzrk_A2uqQ,Secular Talk,"the climate consequences of their product for many decades and continue to block substantive climate action. the case against big oil has been strengthened by improved attribution science, which can show the links between climate change and extreme weather events such as forest fires. many experts draw comparisons to lawsuit once lawsuits once brought against big tobacco. the uptake and legal activity is by no means unique to the US. there are thousands of lawsuits against fossil fuel companies around the world. yet the new poll does touch on an emerging idea among American experts. in addition to its broader findings, data for Progress found that 49% of likely voters support criminal charges against Big Oil, 68% of Democrats and 32% of Republicans, while just 39- 39% of POS idea. so even a it support criminal charges against Big Oil. you want to know why people aren't [ __ ] dumb? yeah, big oil's bombarded us with propaganda for a long time about how actually the climate's not changing at all, or actually, if it is changing, maybe it's a good thing and actually maybe it has nothing to do with with people and it just happens naturally in a cycle or so. something solar flares, whatever, bro, people aren't buying it. they know you're full of [ __ ]. they know they did this. they know. they know that you knew the consequences. they know you lied and you lied on purpose. some of the same people who argued"
THE CLIMATE APOCALYPSE IS HERE | The Kyle Kulinski Show,plzrk_A2uqQ,Secular Talk,"that that cigarettes don't cause lung cancer, are the same people who are arguing that climate change is nothing to worry about, or yeah, it's happening, but it's got nothing to do with people. so people see through it, they see through you. and now we're at the point where everybody realizes just through their anecdotal experience, like, yeah, the climate is [ __ ] changing [ __ ] the data. they don't even need to see the data they're like. I see it in my own life. I can see it moments like now. uh, really highlighted, doesn't it? hey, y'all do me a favor and like And subscribe. it helps out big time in the algorithm. click the Bell as well for notifications when videos Drop and watch that video on screen right now. you know you want to."
SCORCHING Heat &amp; Flooding Keeps Shattering Records | The Kyle Kulinski Show,FERI1uPlYBs,Secular Talk,"all right, guys, I'm sure many of you have been seeing um all of these terrifying stories about these uh weather records that have been shattered, and I'm I swear every day. now I see a new one. right, I see a new one. so shout out to um yellow dot Studios. uh, I guess it's a nonprofit media Studio from Adam McKay and uh, what they did is they compiled for the week of June 22nd. they compiled all of like the extreme weather events that happened, and when you see him back to back to back to back to back, it really paints a devastating and terrifying picture. so here, let me, let me show you this. I'll mute it because it's got some music with it, but anyway, uh, week of June 22nd, 2024. this is ma Spain. um, an entire summmer Summer's worth of rain in 20 minutes. bro, it was, it was was storming Niagara Falls on their head in 20 minutes. this is insane. uh, June 12th, it was 125 degrees fah, the hottest June day ever recorded in Mexico in history. okay, here we have- I'm sure you all saw this- the flooding in Miami Florida. there was horrible flooding in Miami Florida. um, Jesus, I don't even know how much in terms of Damages, how long it's going to take people to clean up and, by the way, a lot of these people who just got flooded again, they had just recovered-"
SCORCHING Heat &amp; Flooding Keeps Shattering Records | The Kyle Kulinski Show,FERI1uPlYBs,Secular Talk,"from a previous flood. we all know Miami is in trouble when it comes to climate change and sea level rise and I mean, I've been in places that are, like you know, islands that are just off the coast of somewhere, like I've been to the those islands just off, like North Carolina, and whenever it rains, like the [ __ ]- just always floods. now, imagine a really big rain event for an extended period of time. it's so easy for everything to just flood and that's why you have some regulations in some places where the, the houses kind of have to be up on stilts. well, a lot of places don't have, don't have those tilts, you know they don't have the regulations. uh, they happen to be in a flood zone but like, maybe just barely off the edge of where you're legally required to have, you know, certain, it built a certain way and so many people just, and sometimes that stuff doesn't even matter because you flood anyway. right, that's what happened in Miami. all right, this one here is June 15th. another, uh, Mexican place that flooded: solidad Columbia, June 15th. same thing. there's the Ivory Coast flooding. this is a place in China that was flooding on June 16th, horrible flooding. here we have New Mexico: 8,000 residents were ordered to evacuate from ruid Doo, New Mexico. they had wildfires there. they also had a haboob. you guys know what a."
SCORCHING Heat &amp; Flooding Keeps Shattering Records | The Kyle Kulinski Show,FERI1uPlYBs,Secular Talk,"haboob is. it's like a dust storm- they had one of those and I think it was New Mexico and Arizona as well- like sort of close in line with the um, with the storm and with the wildfires is like Day After Tomorrow type stuff. here we have in Sumatra flooding, horrible flooding. in China, more horrible flooding. we got to talk about this one. as of June 20th, more than 1,000 people have died on the pilgrimage to Mecca because the temperature reached 125 degrees Fahrenheit in Mecca, Saudi Arabia. this was as of June 20th. I'm talking to you now, a few days later. the last number I saw was over 1300 people have died simply because of the excruciating heat in Mecca, Saudi Arabia. they couldn't get relief from it. they couldn't get relief from it. they're just dying because it's too hot. we're at the point where a lot of places are very soon going to be uninhabitable. I've showed you guys that article a million times where they say by 2050 or by 2100, many Middle Eastern places will be completely and utterly uninhabitable cuz humans just can't live there anymore, cuz it's too hot for humans to be there. I know India has been struggling not only with the massive, massive, endless heat, but also in some places, basically a water shortage. you see people like really fighting for a water when a water truck comes, they're really fighting each other to try."
SCORCHING Heat &amp; Flooding Keeps Shattering Records | The Kyle Kulinski Show,FERI1uPlYBs,Secular Talk,"to get some of it, because they're [ __ ] dying without it. man, this is all here right now. this is here right now and, uh, if you think it hasn't gotten worse, I got a [ __ ] bridge to sell you, bro. I got a bridge to sell you. oh, it's just the weather, and it's hot and the summer, and that's just what these are. this is the world. it's a record for this: warmest June on on record. it's uh, May was the same thing. you've all seen the graphs, you've all seen the charts. you've all seen like history, it's like this, and then, within the past decade, it's like it just shoots straight up. we've all seen it. it's not fake, that's real, and there are massive consequences for that: Wars over water, famine, drought, flooding. you have more extremes all over the map as a result of climate change and that's what we're currently witnessing. this was in France: flooding in France. 80% of the US population is experiencing temperatures of 90 degrees Fahrenheit or higher this week. yeah, there's a heat Dome, as they called it, over the Northeast, in the Mid-Atlantic. um, and everybody's just roasting, bro. world record, uh, heat for this June, the hottest June ever on record. an ominous sign: June is likely to once again break the global temperature record record set last June. yeah, I mean again. every time the experts look at it, they're."
SCORCHING Heat &amp; Flooding Keeps Shattering Records | The Kyle Kulinski Show,FERI1uPlYBs,Secular Talk,"like, oh, it looks worse than the worst case scenario now. by the way, they said, since what? do we have a linia year? was it linia or El Nino? we had one of them and they said, because of that, things were hotter, right, um, but the experts are expecting the temperature to actually get cooler next year. if it doesn't do that, we are so far gone beyond [ __ ], like we hit a point of exponential warming and there's, just like now it's the rapid phase, right, I again, I don't think people have truly grasped and don't truly understand, like we've been the Frog and boiling water this entire time and now the [ __ ] water is boiling homie, like it's already, like it's already too late, type [ __ ]. it's crazy. it's crazy. I mean, you want to talk about Net Zero? we should have been on Net Zero. we should have been totally transitioned to green and renewable technology and no fossil fuels and all that. and it should have been [ __ ] 10 years ago, right, anyway, there you have it. that's just uh, some of the the video just from this week, bro, just from this week, the uh extreme weather events. so I'm sure you've all seen it, I'm sure you'll continue to see it. but this isn't anecdotal. this isn't, like you know, my a self- selection bias on my part, or confirmation bias. I we're"
SCORCHING Heat &amp; Flooding Keeps Shattering Records | The Kyle Kulinski Show,FERI1uPlYBs,Secular Talk,"simply just seeing more out of this world type weather and uh Lord, help us, cuz we're certainly not moving fast enough to try to fight back against climate change. hey, y'all do me a favor and like And subscribe. it helps out big time in the algorithm. click the Bell as well for notifications when videos Drop and watch that video on screen right now. you know you want to."
Obama OMITS His Failure In Smug Climate Speech | The Kyle Kulinski Show,i0aAuxML74Q,Secular Talk,"so you had this big climate change conference happened recently in glasgow and um barack obama stopped paris- parasailing- is that the word? i think that's the word. parasailing with billionaires for five and a half minutes, um, in order to give a speech. now, if anybody knows how to give a speech, it's barack obama. you're going to see what he says here. then, when we come back, i'm going to talk about his record and what he actually did. you've been bombarded with warnings about what the future will look like if you don't address climate change and meanwhile, you've grown up watching many of the adults who are in positions to do something about it either act like the problem doesn't exist or refuse to make the hard decisions necessary to address it. you are right to be frustrated. folks in my generation have not done enough to deal with a potentially cataclysmic problem. that you now stand in here vote like your life depends on it, because it does. i recognize that a lot of young people may be cynical about politics, but the cold hard fact is we will not have more ambitious climate plans coming out of governments unless governments feel some pressure from voters. yes, the process will be messy, i guarantee you. every victory will be incomplete, but if we work hard enough for long enough, those partial victories add up. where do i start with this one? he says i understand."
Obama OMITS His Failure In Smug Climate Speech | The Kyle Kulinski Show,i0aAuxML74Q,Secular Talk,"young people are cynical about politics. gee, i wonder why that is. you want to know why that is? look in the mirror. i remember when obama won in 2008, i teared up. i teared up because i thought, oh, we're gonna get out of all the wars. we're getting out of all the wars. that was actually the main reason why i ended up voting for him in the primary. uh, i originally i wanted john edwards- yikes, knowing everything that happened since then, but he was running as the furthest left candidate. and then, when it came down to him and hillary- at the time, people remember hillary was running on single-payer health care, and so i- i really valued single-player health care, but obama- hillary- had voted for the iraq war. obama had criticized the iraq war, and so i thought the iraq war was really a defining feature in my political evolution, and so i thought i got it. i got to pick obama. i have to- and so i voted for obama. i thought it teared up. when he got elected, i think i thought we're finally ending the wars. he didn't end them. i'm cynical about politics because of you, and actually, to be fair, i wouldn't say i'm cynical. a lot of people are cynical and i understand that perspective, i'm more skeptical. i still think change is possible. i just think it's really difficult. but he's the one who made people both."
Obama OMITS His Failure In Smug Climate Speech | The Kyle Kulinski Show,i0aAuxML74Q,Secular Talk,"skeptical and cynical. if you went: oh, this guy, we thought he was going to be fdr 2.0. we thought he was going to really really bring about change. instead, he went the path of bill clinton. he was a new democrat. he triangulated, he said: i'm above the fray. and he did all these and he even said it himself at one point in an interview. i remember because we showed the clip a thousand times- but he said: um, you know, if i was, if, if, decades ago i was in politics, i'd be called a moderate republican. that's right and that's the problem. we thought we were getting fdr and we got bill clinton 2.0- absolutely devastating. then i love this part. he says you need to pressure politicians. oh, we do. we need to pray. but when we do that, you turn around and say: hey, stop the purity tests. why are you purity testing? stop purity testing. he had a famous line: don't let the perfect be the enemy of the good. that was a barack obama line. that contradicts the idea. oh, you have to pressure politicians to do better. the second we do that, you turn around and say: don't let the perfect be the enemy of the good. shut up, shut up, move along, let the adults handle this. look. the worst part of that is that he's given this speech. it's soaring rhetoric. this is how we save the world, and"
Obama OMITS His Failure In Smug Climate Speech | The Kyle Kulinski Show,i0aAuxML74Q,Secular Talk,"all this stuff, he's completely omitting his own record. throw up, uh, the article here which will put in perspective what barack obama really did. obama takes credit for us oil and gas boom. that was me, people. he took credit for the oil and gas boom. tell me how you square that circle in your mind. former president obama. tell me how you do that. how do you go from? i'm the- you know, i'm the- anti-climate change crusader. how do you square that with? when i was in office, i was bragging that we went further in the direction of endless fossil fuels, which is, of course, the main problem. i don't know now. listen, that was his rhetoric. what do real experts in climate scientists say about the current state of where we are when it comes to climate change and what the solutions are moving forward? take a look at this and, kevin anderson, can you say specifically what exactly does the science suggest? uh, these biggest emitters, uh, the us and and china- should be doing well. we have to. we're in such a a desperate situation now. we have been 30 years- 31 years now- since the first major report on climate change, and emissions have just been going up year on year. we now have very little emissions space left. so the sorts of announcements we need to be hearing are things like no more fossil fuel development and the rapid phase out."
Obama OMITS His Failure In Smug Climate Speech | The Kyle Kulinski Show,i0aAuxML74Q,Secular Talk,"of fossil fuel use within um with, particularly within the wealthy countries. if you just take our 1.5 degrees c commitment and you, you recognize the difference between what are called developing country parties in the paris agreement and developed country parties, so the richer and the poor parts of the world- then for the richer parts of the world, if we are to deliver on our 1.5 degree c commitment, then we need to be zero emissions from energy by around 20- 30 if we want to an outside chance of 1.5 by 2035. now that sounds impossible, but that is. we are in this situation because we have listened to these world leaders, give us their vacuous talks for years and then go home and do absolutely nothing. and but biden and obama demonstrate that, with obama demonstrated in the us before, biden's demonstrating it now. um, and obviously trump in between. well, you know less than about him, the better perhaps, but we've seen this in virtually all the world leaders. it's not just the us, it's the, it's the eu, it's the uk, it's japan, it's australia. there is no leadership within any of the progressive countries and, to be blunt, you know, china is is really reflecting that absence of leadership when it comes to climate change as well, the best line out of there was when he said: we've been seeing these politicians do vacuous talks for years, and then they go home and"
Obama OMITS His Failure In Smug Climate Speech | The Kyle Kulinski Show,i0aAuxML74Q,Secular Talk,"do absolutely nothing. so, in other words, they show up at these- uh, you know, climate change conferences and they grandstand and they posture a posture. is that the word i'm looking for? that's not the word i'm looking for. maybe it is the look for whatever, it doesn't matter. they get on their soapbox and they act like here's what we need to do, and i'm the adult in the room and i'm gonna lay it out, i'm gonna be a truth teller, uh, and then they go home and it's [Music]: did we get the paris climate agreement? sure, was the paris climate agreement, even if it was upheld perfectly. is that enough? absolutely the [ __ ] not, which is why this is so, so frustrating. they literally did this symbolic thing at this gathering, where they flipped a coin hoping for good luck. that is way more in line with the way that we tackle this problem than anything else. there's no real talk about the actual solutions. you gotta be, you know, you gotta. he said: start phasing out fossil fuels right now. definitely no more fossil fuel development. this is what the expert is saying. and then, by 2030, we gotta- you know, let's go. we gotta totally build up renewables and green technology. that's not me saying it, that's him saying it, and i think he's correct because he knows what he's talking about. and, by the way, if we weren't such idiots,"
Obama OMITS His Failure In Smug Climate Speech | The Kyle Kulinski Show,i0aAuxML74Q,Secular Talk,"and if corruption wasn't such a big problem- big oil has bought our system. here we would look at the, the next generation, as an opportunity, because you're going to eventually have these inevitable patents. and in the field of renewable technology, you know we could lead the world or we can lag behind the world, and clearly it looks like we're just going to lag behind the world, but honestly, the rest of the world doesn't do much either. so we're all going to be [ __ ] together. we can hold hands and sing kumbaya as the penguins catch on fire. so it's, it's just an absolute mess man, and he just gaslights us so hard when you go out there. it's not enough to just pretend like. i believe in the proper things, i believe in the right things. here's the list of the good things i believe, and i'm for good things and my opponent is for bad things. what are you gonna do about the good things you supposedly believe in, the good things you claim to believe in? what are you gonna do? what are you gonna do? i care about action, i care about action. you could talk all day. it doesn't mean. dicky mcgeez acts at the end of the day, and that's the democratic party, you know we'll say the right things occasionally, but then substantively we'll propose a half measure and then we'll water that down to be a half."
Obama OMITS His Failure In Smug Climate Speech | The Kyle Kulinski Show,i0aAuxML74Q,Secular Talk,"measure, of the half measure, and then ultimately we'll say we can get anything done because we got a couple right wing democrats who just kill everything. vote for us in the next election. do your [ __ ] job. how about that? hey, y'all do me a favor and like and subscribe. it helps out big time in the algorithm. click the bell as well for notifications when videos drop and watch that video on screen right now. you know you want to."
Trump: It&#39;s Cold Out So Global Warming Isn&#39;t Real,fuNM-SoOdQ8,Secular Talk,"Donald Trump couldn't help himself on a cold day last week in the Northeast, so he took to Twitter and he said: in the East it could be the coldest all in caps New Year's Eve on record. perhaps we could use a little bit of that good old global warming that our country- but not other countries- was going to pay trillions of dollars to protect against bundle up. so, uh, you know, no, he hasn't evolved, he hasn't grown up, he hasn't become less dumb. from his tweet from years ago where he said climate change is a Chinese hoax. that's what he say. tweeted that climate change is a Chinese hoax. he hasn't. he still believes that. that. that's what that tweet tells me right there. he still believes it. and he's also too dumb to get the difference between weather and climate. he doesn't get that. you know what weather is weather as you look outside, whatever, whatever's going on that day, hey, it's cold today. that's called the weather. you know what climate is. it's the pattern of the weather. so you look at the macro picture, not the micro picture, but to see this is what they do, you go: it's cold one day. you're North Dakota. climate change is fake. well, no, if you look at the trends, the trends are crystal clear. the greenhouse gas effect is increasing. we got over 400 parts per million in terms of carbon dioxide in the"
Trump: It&#39;s Cold Out So Global Warming Isn&#39;t Real,fuNM-SoOdQ8,Secular Talk,"atmosphere. the hottest three years on record have been in the past five years, you know. and, by the way, there's a reason why people now refer to it as climate change, because everybody agreed, the scientists agreed. hey, global warming is a little misleading because it's not just that, you know, the world is getting warmer, it's that the climate is changing. so some places that used to be, you know, a piping-hot are gonna get cooler. many places that used to be cooler are gonna get hotter. you're gonna have an increase in natural disasters, a rise in sea levels, a spike in food prices. you have wars over water at some point will be coming. and every time I read about climate change, the scientists say, oh, this is worse than the worst case scenario that we projected a decade ago. that's what they say. but this idiot goes at science. Mayans, did you know that there was a meta-analysis done of every peer-reviewed climate science article, and it's been done a few times now, but it's somewhere in the ballpark of ninety-nine. point eight or 99.9% of all peer-reviewed studies on climate science come to the same conclusion: yes, climate change is happening. yes, it's largely man-made and we need to do something about it immediately. so even when people get that stat of 97 percent of scientists agree that. don't even use that stat, because that's that's an old stat and that's just a survey."
Trump: It&#39;s Cold Out So Global Warming Isn&#39;t Real,fuNM-SoOdQ8,Secular Talk,"of scientists opinions. I don't give a [ __ ] about anybody's opinion. I care about what the data says, what the studies say, what the empirical evidence says, and that, under cells, the effect of climate change, in the reality of climate change, it's like ninety nine point eight or ninety-nine point nine percent of the actual peer-reviewed Studies on it. so that's the real fact that matters. but no, he doesn't care, he doesn't know, or he doesn't care, or both, I don't. it's cold out. so Donald Trump is your idiot. you know dumbass family member at the Thanksgiving dinner table who, like watches Hannity and think he thinks he has the world figured out. we all know that person, everybody knows that person. you know of the [ __ ] family member who's super far right-wing and they're so. reaction: they haven't answered everything. every boom here's. here's my stock [ __ ] response to whatever thing you just brought up. that's Trump. is that guy? Trump is the guy. I watched Fox and Friends for three hours a day so I figured it out. tremendous, believe me, I know everything. that's Trump and he's the [ __ ] president and is the guy who destroyed the Paris climate agreement and, by the way, even though effect or we were gonna spend trillions of dollars to stop this. this is such a dumb point brought up by Donald Trump and other Republicans in regards to the"
Trump: It&#39;s Cold Out So Global Warming Isn&#39;t Real,fuNM-SoOdQ8,Secular Talk,"Paris climate agreement, they go. this is harder on the US than it is on other countries, so why would we agree to this? you do know the us is one of the top emitters of greenhouse gases, by definition. any agreement would have to be more strict on the US because we bit more the [ __ ]. that's like somebody who's a multi-billionaire saying: I can have to pay millions in taxes. this is terrible. I have to pay millions in taxes and they're going. why doesn't the guy that make $30,000 a year have to pay millions in taxes cuz he makes $30,000? you guys have [ __ ] millions on to pay in taxes. that's the same argument they're making with the Paris climate agreement. oh, I can't believe. we have to pay. we have to do more than any other country. this is outrageous. [ __ ]. Bangladesh doesn't have the same number of emissions. you [ __ ] gargantuan [ __ ]. you are colossal II. stupid you're. it's embarrassing how stupid you are. you are an embarrassment to this country. it is disgusting because he's so sure of himself, too, he tweets us. you could see the [ __ ], [ __ ], eating, eating grin on his face as he's tweeting this nonsense. whoo, it's cold out. climate change is fake. do you not realize how you look like the biggest [ __ ] on the planet to every other modern country?"
Trump: It&#39;s Cold Out So Global Warming Isn&#39;t Real,fuNM-SoOdQ8,Secular Talk,"it's so. it's not just every other modern country, every other country period. you know who was it? it was like Nicaragua and Syria were the only two countries that didn't originally sign on to the Paris climate agreement. why? well, I think it was Nicaragua who said, no, we want, we want to do a stronger agreement. this doesn't go far enough, we have to go further. that's why we're not gonna sign on to this. we want to do more. and Syria didn't sign on to it because they were in the middle of a [ __ ] civil war and they didn't have a representative at the table to do it. but now even they signed on to it. the Nicaragua's like, okay, I guess you guys aren't serious and you don't want to really do this the right way. so fine, well, sign onto it. and Syria is like, hey, here, now we actually have a representative there. of course, we're in favor of this. so the you it's. we're uniquely unscientific and it's not a [ __ ] coincidence that this entire Republican Party is bought and owned by big oil. you look at the contribution numbers. don't take my word for it. you go to open secrets. you look at how much the oil and gas industry, the fossil fuel industry gives these Republican politicians and you'll find out. it's a, it's a convenient level of ignorance now, isn't it? you remember when Jim"
Trump: It&#39;s Cold Out So Global Warming Isn&#39;t Real,fuNM-SoOdQ8,Secular Talk,"Inhofe was in the Senate giving a speech about climate change and he said: hey, look, there's snow outside. he brought a snowball in from outside. that's what this guy did. he brought a snowball and said: see, snowed. I rest my case against climate change. come to find out. Jim Inhofe is the number one recipient of money from the oil and gas industry. Wow, pretty [ __ ] convenient. so don't get me wrong. some of these guys are true believers and kool-aid drinkers, but they're wrong because they've been bombarded with money from oil and gas and bombarded with the propaganda from oil and gas, so they believe a lot of the [ __ ] that's told to them by the industry in this unholy alliance. and the glue of it all is money in politics. but this unholy alliance is screwing over the next generation and, quite literally, the world. so this is, this is. it's just pathetic. your reactionary [ __ ] family member at the Thanksgiving dinner table is President. that's what this is, and I'll leave you with this one thing that you have to see. this was on Twitter. this was the best response to Trump's tweet here. it shows the Titanic sinking and it says Republicans on climate change, quote: if we're sinking, why are we hundreds of feet in the air. that's exactly the kind of dumbass logic of Trump in the Republicans when they look at a cold day."
Trump: It&#39;s Cold Out So Global Warming Isn&#39;t Real,fuNM-SoOdQ8,Secular Talk,"and they go gasps. climate change nonsense, fake, fake news. fake news is what this is. no, fake president is what you are."
Parts Of The Persian Gulf Will Be Too Hot For Humans By 2100,9NBf4xvZPYw,Secular Talk,"the Associated Press is reporting on another mind-blowing symptom of climate change. a new study in the journal Nature says- quote: if carbon dioxide emissions continue at their current Pace, by the end of the century, parts of the Persian Gulf will sometimes be too hot for the human body to tolerate. how hot the heat index, which combines heat and humidity, may hit 165 to 170 degrees. that's so hot that the human body can't get rid of the Heat. the elderly and Ill are hurt most by current heat waves, but the future is expected to be so hot that healthy, fit people would be endangered. Health experts say, all right, that's incredible. now they go on to say that obviously it's not you know, 24 hours a day or whatever it's for, I think, six to seven hours, midday at times, certain times of the year or whatever. but uh, this is somewhat unprecedented and it's directly because of the Greenhouse Effect and directly because of climate change. guys, it's not that far away, like oftentimes when we discuss climate change or when we used to discuss climate change, it was this thing that that we talk about as if you know great, great grandkids around that time. that's when they'll start to see the beginning of all the problems. now I think the problems are happening right now, when, whether you look at the increase in wildfires and the Midwest and the west in the United,"
Parts Of The Persian Gulf Will Be Too Hot For Humans By 2100,9NBf4xvZPYw,Secular Talk,"States and, I'm sure, elsewhere, whether you look at the increase in other kinds of natural disasters, whether you look at the increase in drought and stuff like that, it's happening already and it's it's time that we act on it. but I feel like, no matter what the [ __ ] happens, we can't get our [ __ ] together enough and we can't get the world on board enough, or even our own government, where we we treat the problem for what it is and we really move in a different direction when it comes to our energy source. now, I always find it hilarious when people on the right argue that you know, this is going to hurt the economy and we got to be practical and that's why we can't do dick about it. no, no, no, no, no. if anything, the opposite will happen. if we have a green technology boom and we have to redo the infrastructure in all countries with green technology and renewable energy, there's going to be nothing but economic upsides to that. how do you not see that this entire blossoming new industry that we need to implement in all these different places, obviously there's tremendous upsides. obviously many jobs are going to be created. obviously it'll help with wealth creation, this idea that you know, oh, since we have to move off of the Old Guard, it's a problem, because it just is. whenever you move off the old"
Parts Of The Persian Gulf Will Be Too Hot For Humans By 2100,9NBf4xvZPYw,Secular Talk,"guard. I mean that's like saying we gotta stick with horse and Buggies and [ __ ] the cars, you know, uh, hey, man, we're. but there's so many people whose jobs are tied to the horse and buggy and we're so used to it. and I mean what should we have stuck with the landline when the cell phone came along? and should we have stuck with the, the Save By the Bell, Zach Morris [ __ ] brick phone when they came along with the flip phone? and should we have stuck with the flip phone when they came along with the newer smartphones? it just there's no argument for it, and the only people making those arguments are people that are bought off by, uh, the oil companies and the fossil fuel companies, or people who are just ignorant and useful idiots. and I don't it's. I feel like, no matter how many times I report the most incredible stories, we still don't move quickly enough down the right Road on this, and it's not an excuse anymore to say um, but, but in the end, but China, I mean, what kind of a [ __ ] show if they were, if they randomly legalized murder, what? what is that we say? I mean, what are we gonna do? India chive a murderer. we got a murderer. it's a murder. India, China, that doesn't mean anything, just [ __ ]. the Charlie Brown [ __ ] is."
Parts Of The Persian Gulf Will Be Too Hot For Humans By 2100,9NBf4xvZPYw,Secular Talk,"what I hear when people say [ __ ] like that. no, we know that we have a tremendous problem here. we know we have the ability to do the right thing if we just put our mind to it and get the money out of politics and end the corruption in the fossil fuel industry having its tentacles on everybody. so it's time to [ __ ] do it. they're saying, by 2100, no matter what we do now, parts of the Persian Gulf uninhabitable. uninhabitable, I mean: good, you have if you have AC, so maybe you won't die immediately. but imagine some places where people are living and the AC goes out. you're just gonna die. you're just gonna die. this is what we're talking about. it's already pretty [ __ ] hot there. they're saying it's going to get hotter. we'll see. man, how many more stories do we have to do? whether it's the trillions of dollars that the cleanup from climate change will cost, or whether it's other things, no matter how outrageous or Incredible or unbelievable the facts are, we drag our feet. let's stop dragging our feet and let's do the right thing, because we have to do it."
Will People Take Climate Change Seriously When Lots of People Die?,tNVehJsjysE,David Pakman,"I was thinking the other day about what it would really take to get people to care and activate around climate change. And it's tough because climate change is the sort of invisible force, right. There aren't that many physical signs that the average person can see that the Earth's climate is changing. The only physical signs will be, in part, through natural disasters like hurricanes or floods or droughts. And no matter how many times a scientist goes on the news to say climate change is real, people will probably not want to change the way they're. they live their lives because they like the way they live their lives for the most part. And Hurricane Sandy caused tens of millions of dollars worth of damage. Climate deniers said: ""Oh, it's a freak accident, right, That occurs every couple decades or so"". They'll probably mention another natural disaster in the 50s and say: ""Was climate change happening then too"". If the frequency were monthly and people were dying every month, would deniers be as easily able to deny climate change in this way? But then I thought even a ton of people dying wouldn't convince everybody. Attribution is really difficult. The events kill people, right. It's not climate- climate change amorphously- that is killing people. It's specific events And people aren't going to see: oh, climate change caused a thousand deaths, they'll see. oh okay, hurac, hurricane Lewis caused a thousand deaths, or whatever, and it will still be."
Will People Take Climate Change Seriously When Lots of People Die?,tNVehJsjysE,David Pakman,"easy to not accept climate change. So I don't really know, Lewis, what it will take to get people to really accept that climate change is a thing and that we're much better off dealing with it sooner than later. Climate change, arguably, has already killed many people, but much of the public doesn't see it that way. They just see an individual incident not in any way connected to broader changes in climate. is what's responsible, not climate change, Right? So you've got hurricane season. It could be a particularly bad hurricane season. Then you've got winter. Okay, There could be a lot of blizzards. uh, you know, maybe during, uh, whenever tornado season is, maybe that's really bad in in tornado alley. but I think, uh, you know, you're probably not going to start to see major change until those water levels around coastal cities start creeping up on the homes of millionaires and billionaires. Maybe then you'll see, uh, some people uh activating around this, maybe So. and the other factor that keeps people from really taking this seriously is that a lot of the solutions revolve around contracting, at least temporarily, your consumption and therefore the economy. It is very tough as a candidate to get elected by saying I will push policies of lower consumption and less economic growth in order to improve the situation for our environment. That is not a winning strategy in the United States. Yeah, definitely not. It's, uh, it's, it's."
Will People Take Climate Change Seriously When Lots of People Die?,tNVehJsjysE,David Pakman,"a really tough situation. but you know those big coastal cities, uh, they are going to have to deal with this, and in the not too distant future. So, um, you know, not sure how to approach it, but someone has to come up with a new, and we, we also- we have to get moving on alternative technologies. If we don't want to reduce consumption, we need to really invest in emerging technology. That's not what big current big political donors want. So that also is a tough agenda. And even if we came up with some silver bullet, new technology that was economical and efficient and 100% pollutionfree today, it would probably still take 50 years before it became our primary source for energy. Yeah, But you know, politicians have to convince the people that alternate energy can be good for business too, uh, and can be good for jobs and can be good for everybody. That really has to be the message. What do you think it will take to get really people to think climate change is real and we have to do something about it? Let me remind you: a week from today, next Friday, we're going to be offering a really big membership discount. If you want to get an email with the membership discount code. it's a huge membership discount. If you want to get that, sign up for our newsletter at davidpacmancom And on Friday, August 7th you will get an email."
Will People Take Climate Change Seriously When Lots of People Die?,tNVehJsjysE,David Pakman,with a few hour window during which you can sign up for membership at a drastic discount.
Big Blizzards Don&#39;t Disprove Climate Change,TqxS2PWgfoo,David Pakman,"let's talk about this huge blizzard over the weekend in parts of the Northeast- Washington DC, New York City- record record snowfall. we were mostly spared here in Boston, maybe I don't know what, do you think, Lewis, four inches or something like that. I was thinking three it it really was not much. well, right, Wingers love to point to these events, like when there's snow in the winter, to suggest that these disprove or somehow conflict with climate change and global warming hypotheses. and this is not true. Michael man, who we've had on the show he was on recently. actually he's the director of Penn State's Earth system science center. he indicated that peer-reviewed science predict that climate change will lead to more intense blizzard producing nor easers for the exact reason that this storm over the weekend was so big, which is that the Atlantic ocean surface temperatures are higher. and when you have higher ocean surface temperatures, it serves- almost to use a very crude analogy- as more fuel for really big and erratic weather events. the bottom line is: critics like to say that massive winter storms are evidence against so-called global warming, but any serious climate change hypothesis, Lewis, would account for continual new records of both cold and hot and an increased number of these record-breaking weather events. uh, yeah, I think it will be more erratic. I think we're going to see more of this. you know, I'm not a scientist."
Big Blizzards Don&#39;t Disprove Climate Change,TqxS2PWgfoo,David Pakman,"but I believe the scientist, and that's the whole point. that's the whole point, uh, so you know, unfortunately, we have two people that are deniers. we have the people that are maybe aware that this is happening, but protecting big business, sure, and then you have the people that have actually been convinced that this is some liberal hoax, right? um, I suppose both are equally dangerous. Kevin trenberth is the former head of the climate analysis section at the national Center for atmospheric research and he explained that, basically, what we see here is: uh, these superstorms sweep in more water vapor as a result of of what he believes to be human-caused climate change and and warming of the uh ocean temperature, and that serves, as I mentioned, as fuel for these really big storms. and we've seen, even before this latest superstorm, a sort of long-term pattern of more extreme precipitation, more uh, uh in the Northeast, particularly during the winter, and climate scientists have long predicted that this was going to uh be exactly what we saw. I don't know at this point, Lewis, what it is that can be said to the deniers. uh, this is all backed by science. when it is cold enough to snow, so snowstorms will be fueled by more water vapor and thus become more intense. and still you get Fox News saying: despite it being bitterly cold in the Northern Plains in December, Congress keeps talking about global"
Big Blizzards Don&#39;t Disprove Climate Change,TqxS2PWgfoo,David Pakman,"warming. they're not going to believe it, no matter what the science says, are they? no? because unfortunately Fox News also has on scientists- ones that are paid uh to, you know- conduct study studies that show the opposite of what we're talking about, absolutely, and It's Tricky. they- and the Dunning Krueger effect is a big factor here. the Dunning Krueger effect is this phenomena where someone doesn't have the cognitive capacity to realize why their reasoning or understanding of something is wrong. they say, oh, Global Warming, but it's cold and snowy, that's not warming. well, they don't get why. it follows logically, based on our understanding of climate change's impact on our planet, why climate change hypotheses would actually predict and suggest EX actly the extreme weather events that we've been seeing. Dunning Krueger effect is tough to overcome. the online news world is getting pretty cluttered with lots of nonsense. there's the so-called news sites that just rewrite news articles, and then there's the websites we all know that we just can't trust. lately I've been reading smash pipe, which is an online magazine that does original alternative news and satirical news with an Unapologetic perspective and a roving moral Center. smash pipe is less interested in trending topics than in what's actually going on, and smash pipe has no ads whatsoever other than reader generated classified ads and they never will smash pipe is what happens when you, on a bad day, stub your toe."
Big Blizzards Don&#39;t Disprove Climate Change,TqxS2PWgfoo,David Pakman,on the miseries and Mysteries of Life. check it out at smashcom.
Island Nations At Risk RIGHT NOW Because of Climate Change,UecII6d3h3Q,David Pakman,"I'm joined today by Dr Hugh cely, who is Professor in the Department of Public Health and preventive medicine at St George's University. uh, it's so great to speak to you. you know, when we talk about climate change and sea level rise, it's often sort of considered this problem that's somewhere out there in the future and we still have plenty of time to make sure there are no negative repercussions from it. but in Grenada, this is already an issue, and it's not just Grenada. I mean, there are a number of island nations around the world that are really experiencing the negative effects of climate change. talk to us first generally about that. uh, well, thank you very much for for having me on the show, David. um, yes, I'm a lead negotiator for the alliance of small island States, so um on on climate change issues and that this is an alliance of all the islands in the Caribbean, in the Pacific um ocean, in the Indian Ocean and in the Mediterranean. uh, we, we total 39 uh member countries in in all, and that's out of the 195 of us or so that that negotiate under the United Nations framework convention on climate change. so I represent a fairly large block of of countries that are particularly vulnerable uh to to climate change. matter of fact, we argue that, for the majority of our membership, climate change is not an economic issue. it it actually."
Island Nations At Risk RIGHT NOW Because of Climate Change,UecII6d3h3Q,David Pakman,"threatens our, our actual existence and- and you mentioned uh sea level rise, of course that is- that is a particularly Insidious uh threat. uh in in our region of the world, the, the, the the sea levels are are are rising at around uh 3 mm uh per year. uh, that that may not sound uh like much, but when you add that up over over decades, uh it, it will just consume all of our low lion infrastructure. now, to play Devil's Advocate on that piece for a second, you will have what what I call climate science deniers who say: you know the thing is, David, when you're talking about 3 millimeters, uh, this could be cyclical, right, we could see 30, 40 Years of a 3 millimeter rise per year and then, just by the natural cycles of our planet, you will see a a drop in the sea level. what science do we have, if any, that might do away with that talking point? well, the, the latest report of the intergovernmental panel on climate change, the ipcc, which is this: this group of hundreds of of of scientists that do, yes, represent God. so, yes, there is some politics in there, but they don't generate the science themselves. they screen all of the scientific Publications and they come up with a report once every five to seven years and the latest report from them, the fifth assessment report that that we have. that came."
Island Nations At Risk RIGHT NOW Because of Climate Change,UecII6d3h3Q,David Pakman,"out, oh, about two years ago now, was unequivocal: in, in, in scientific terms, when, When someone tells you that that they're 95% certain in science, that means we can't have any more certainty that that, one, climate change is occurring and two, that mankind has caused climate change, and perhaps, three, that we run out of time, that that the climate change is already occurring. H it's, it's, it's a runaway uh train that that that we're facing now and and we have very, very few years to to drastically change our emissions trajectory if we hope to remain below two degrees uh celsus of warm, and on us small Islands, we, we, we said that even 2° was too much and we've asked for a 1 to to limit warming to 1.5° above pre-industrial times, and that was a, a success that we got in Paris, uh, in in 2015, yeah, so as far as that goes, I mean when my audience hears you say, well, you know, two, two degrees Celsius was too much, so we, we insisted on 1.5 and we got it. whatever sort of Target point is put out there, what really matters is what the policy is that will help us to achieve that right, and there's this idea that it may already be too late. I mean, what? what's the degree to which activities on our planet would need to change in order to achieve that? we're running out of time. the"
Island Nations At Risk RIGHT NOW Because of Climate Change,UecII6d3h3Q,David Pakman,"the. the latest science that we have, um says that we have a very, very limited carbon budget, if any carbon budget left at all, to remain below 1.5 degrees cus. so I'm I'm I'm being realistic and recognizing that to achieve this 1.5 degree goal will require a Herculean effort on the part of all Nations. this is like a global Marshall Plan that we're asking for as small islands and we recognize that, and it's going to be very, very hard to turn around a fossil fuel world and and make that transition in our in our energy sectors, but we have to do it. in the Solomon Islands, there are already five islands that, since 1947, have gone completely underwater. there are a number of of tourist Islands, uh, off the coast of of Thailand, that have had to suspend tourist activity because of sea level rise and the impact that it's had on coral reefs. is your sense that in the next 50 years, it's just inevitable that there are going to be some parts of the world that used to be places of business, places of Tourism, that will have to be abandoned by by the human race? yes, uh, I think that's now inevitable. I think that we have- we have locked ourselves into at least one meter of of sea level rise in in. in US terms that's a little bit over 3 feet. that that's inevitable. that will occur no matter what."
Island Nations At Risk RIGHT NOW Because of Climate Change,UecII6d3h3Q,David Pakman,"we do uh from here on in. so I, I, I, when I, when I speak to to our, our Ministers of finance and and and planners in in in our small island governments, I, I tell them we, we have to recognize that and we're going to have to to to move vulnerable infrastructure and people uh away, more coastlines and and some areas will will no longer be viable settlements. what I'm trying to do is save our is save, is save the islands and that themselves, recognizing that we're already going to lose parts. that's, that's the unfortunate thing, and I and I've I've built a home myself, um on the coastline here in in Grenada, and I and I I wonder, um whether I'll be able to pass it on to my children when we think about who might be the best uh Partners worldwide in in terms of fighting the effects of climate change. particularly watching incoming Secretary of State Rex tillerson's confirmation hearing yesterday and hearing him say that you know this, the it's sort of in doubt the impact that that humans are having on the climate, my sense is that the Trump Administration in the US is not going to be one of the key players in curbing climate change and Emissions. who are the key players in your mind that are that are the real strategic Partners over the next 10 years is China one of them, is India, another. well,"
Island Nations At Risk RIGHT NOW Because of Climate Change,UecII6d3h3Q,David Pakman,"I think that the US and China are the two elephants in the room. I I think that without the US- China agreement pre to Paris, we would not have gotten the Paris agreement, and that was, that was a fundamental- that the US and China had agreed themselves on emissions trajectories that they were going to follow and that made the piracy agreement tenable. what will happen in the future if the US pulls up out of the pirat agreement is is is one of conjecture. um, I'm not prepared to go there yet, David, I'm. I'm going to remain an optimist and and, and, and, and and hope that, uh, Mr terson, if he is confirmed as the secretary of state, is probably going to be one of the most informed Secretary of States about climate change. as the, as the former head of Exxon Mobile, he had access to to, to data that actually most of us don't have, right, I mean data that Exon Mobile we now know covered up for 40 years about the impact of climate. not going there, I'm just saying that he has access to the data. not only that, but, but, but he knows the economic impacts of climate change, right, not only what it will cost it to to avert and the climate change and adapt to climate change, but also the impacts will have on existing industries that rely on on fossil fuels, so he's actually perfectly placed to"
Island Nations At Risk RIGHT NOW Because of Climate Change,UecII6d3h3Q,David Pakman,"help us make that transition. so I'm going to wait and see. mode I I can I con see you with with with a again optimism that the Paris agreement cannot be stopped. all the world has signed onto the Paris agreement, including the United States. if the if the United States wishes to withdraw- and that would be extremely unfortunate- then what that would mean was that the United States would go to the sidelines again, because it was on the sidelines for the Kyo protocol. if, if, if United States goes to the sidelines again, the game or push will continue well. last thing I want to touch on: anytime we talk about curbing emissions, limiting energy use, Etc. it's much easier to get agreement from people, sort of in the abstract, that other than the climate science deniers that this is something we need to address. but when the rubber meets the road and you say: here is how everybody's daytoday energy consumption would have to change for us to achieve what we need to achieve or what we're looking to achieve, it's much harder to get Buy in from people who are very comfortable based on the, the, the benefits and luxuries that fossil fuels bring to us. what's the best way to have that conversation with people to explain the urgency of this, that's. that's an excellent question and it's one I've struggled with here at St George's University. we are an American University here."
Island Nations At Risk RIGHT NOW Because of Climate Change,UecII6d3h3Q,David Pakman,"in Grenada. I teach American students public health and, and one of the things I say to them- and I try to personalize this- is: I say: all of us have to reduce our carbon Footprints. uh, as a typical American, we're probably at around 20 tons of CO2 per year. we're going to have to drop that to less than, say, six. but does that mean that you're going to lose your SUV? does that mean that you're going to use your plasma TV? not necessarily that, the, the technology that we have in the world today, um, with renewable energy, with increased Energy Efficiency. I do not think that combating climate change means that we're going to lose or way of life, the, the, the, the typical American way of life, that's a myth, that that's, that's being perpetuated. we're going to have to do some Paradigm shifts in, in, in, in, yes, in the way that we produce energy. but we've already learned that we can decouple economic growth from increased energy emissions. the United States has actually proven that in the, in the in the last year. so, again, I, I remain optimistic that if we bring technology to Bear, if we have the, the, the, the political will to transform our energy Industries- and there will be some that lose. the coal industry will lose, the oil industry will lose, but they will be replaced and we will have all of the energy that we."
Island Nations At Risk RIGHT NOW Because of Climate Change,UecII6d3h3Q,David Pakman,"require and we will have the quality of life that we all desire. well, I don't share your optimism, but I like that you're optimistic because, uh, uh, I hope that you're right in that optimism. we've been speaking with Dr Hugh cely, professor at St George's University. really appreciate you talking to me about this. thank you for having me on the show."
The ONE NUMBER That Connects Hurricanes to Climate Change,zF5TqVIJY28,David Pakman,"been a tough weekend for many parts of Florida and the southeast of the US with hurricane Irma- and I am NOT a meteorologist, this is not the Weather Channel and there's plenty of coverage of the impact of that particular hurricane. but I want to keep building on our sort of conversation and understanding about the connection between climate change and individual weather events and, like I told you last week, whenever there's a hurricane, the anti-science crowd says it's not time to talk about climate change. that's politicizing a natural disaster. my view is, any opportunity to talk about climate change is a good one and there is a relationship between extreme weather events, and their frequency and severity, and climate change, but it's a complex relationship. again, I told you this last week. generally speaking, when you have a warmer ocean, that serves is more fuel for storms to build rather than dissipate. there's a very important number that tells us so much more about how and why climate change connects to more and more severe hurricanes, and it's called the clausius-clapeyron equation. I have no idea if I'm pronouncing that correctly, but that's roughly what it is. some people call it the clausius clapeyron relation and it's a physical law and it predates the modern politicization of climate change by several centuries, in fact, and quite simply, what that relation states is that every time air temperature goes up by one degree Celsius, that air can."
The ONE NUMBER That Connects Hurricanes to Climate Change,zF5TqVIJY28,David Pakman,"effectively hold seven percent more water. well, you might be saying: great, we don't have to worry, we use fahrenheit in the US, so the impact won't really be as bad. of course that that would be moronic, and the significance with hurricanes and extreme weather is pretty direct. here's a quote from Gabriel vecchia's, a professor of geosciences at Princeton University. he said: a warmer ocean makes a warmer atmosphere. a warmer atmosphere can hold more, so, all other things equal, the same storm in a warmer planet would give you more rainfall. now, this is not literally true, right that the saying the atmosphere can hold 7% more water. it's more accurate to say: there's more energy in the weather cycle, so it can move more water. it's- it's sort of a shorthand, right the? the atmosphere can hold 7% more water. and of course, climate change encompasses a lot more than just water. we've talked about pollution. we've talked about the oceans ability to carry life as a result of acidification of oceans. it's a long list. but as far as weather is concerned, this summer's hurricane season has been particularly warm. in the region of the Atlantic, where hurricanes forms, sea surface temperatures have been anywhere from half a degree to a degree Celsius above average. the higher temperatures mean that hurricanes will store more water, which they will eventually dump when they make landfall, which means bigger storm surges and more flooding. but let's talk."
The ONE NUMBER That Connects Hurricanes to Climate Change,zF5TqVIJY28,David Pakman,"a little bit about the math, because very often the devil is in the details. the most important thing I can tell you about this equation is that for every degree of temperature increase, you add 7% to the holding capacity of the atmosphere, not 7 units. this means that it is an exponential increase. it's sort of like compound interest: if you put a hundred bucks in an account earning 5% interest, that first year you earn five dollars, but next year you earn 5% of the hundred and five dollars that you now have. meaning in year two you're adding five dollars and 25 cents. same thing with the air temperature. meaning that one degree increase adds 7%. the second degree increase adds another 7%, which is a growing amount of water that can be conceivably held. add that to the fact that damage caused by rainfall or flooding is also exponential. right, with snow, you can think about it: two inches of snow doesn't really cause much more chaos than an inch of snow. 1/3 inch of snow- it starts to get a little dicey. the third inch of snow causes a lot more chaos than the second inch, and so on, until eventually you've got enough snow that power lines become down, etc. same thing with rainfall, and that's why all of this Pat, the financial damage grows exponentially. it's all exponential equations and that's what a lot of people don't get when they say: well,"
The ONE NUMBER That Connects Hurricanes to Climate Change,zF5TqVIJY28,David Pakman,"we've had a little more rainfall in the last few years, or a couple more hurricanes or whatever. there are still plenty of people in that anti science community who just think this is no big deal, yeah, and one thing that they'll point to is that there hadn't been a major hurricane to hit the US since 2005- I think- I didn't think 12 years. and now that kind of puts aside, you know that we had some pretty significant storms, including Hurricane Gustav, superstorm, Stamey's, sandy. aside from that, though, it could just be luck, you know, yeah, well of yours. it's not a long time, yeah, and also, the world's a pretty big place. it's not just the United States that were talking about. just because they're not forming here and maybe the jet stream is bringing it to a different direction, we could be due for more. it's unconscionable to basically write off all of the concerns in that way. it truly is, and we're gonna continue talking about it, and I think there's no better opportunity than when we're having these huge hurricanes to actually talk about the broader issues that we're facing. the video you just finished watching was made possible by you through the membership program. you can sign up for membership at david pakmancom slash membership. we are viewer supported independent media. you can use the coupon code- I voted 17- for a 40% discount off of your membership."
"If We Don&#39;t Solve Climate Change, Does Anything Even Matter?",mSjEuWur7Xo,David Pakman,"okay, let's go next to our caller from. let's go to country code 48. I don't know what cut, what country this is, but who's calling today from country code 48? hi, David, I believe this is me. my name is vitaly. yes, it is where you coming from. well, actually, the phone number is located in Poland, but I'm actually calling from Ukraine. how dare you call from a different place than your phone number? that is horrible. okay now, I've been following your show for a while and the question I have for you is actually a challenge. I would consider myself to be a progressive like you and I totally, totally agree with you on pretty much every single issue you talk about. yeah, you know, respect man, really well, thank you. what I hear is amazing, yeah, but I would say that it's all pointless and useless. if you take the larger picture, like the dying planet and the point that no one's gonna stop it voluntarily- I mean, there's not going to be a voluntary- mmm-hmm, sorry- transformation- and basically you basically means that you have to simply stop the industrial civilization from destroying the planet. there could be a lot of discussion here, of course, but I would love to hear if you're in any way open to a discussion to have longer, to a deeper discussion. in that regard, listen, you're presenting a fatalistic but accurate critique of really of life, not just"
"If We Don&#39;t Solve Climate Change, Does Anything Even Matter?",mSjEuWur7Xo,David Pakman,"of my program or programs in general, which is, if you really want a big picture, it we're all dead. the Sun is eventually going to expand and engulf the earth and if Homo sapiens has not found some other place to live, Homo sapiens will die out. I mean, I'm taking it to them, taking the fatalism to a saw extreme-right vitaliy, but there's a point to this. so then we come back to any one activist or any one show. I mean, yeah, you're right, there are in modern American and sort of global society a few major meta issues. you've identified one, which is climate change in the destruction of the planet. in order to make change happen in a serious way, we need to change the way that politics is financed and controlled by the rich and by corporations. that's another meta issue. we need to change how it is that we select our leaders. you know there's these sort of three or four meta issues that exist and if we don't deal with them, then we're kind of doomed. but but I think that that's what we're trying to do. I mean, we talk about these issues on our show and your how. you're obviously right that if those issues aren't dealt with we're in trouble, but I don't know that that gets us to a point of why even bother? I don't. it doesn't get me to. why even bother? no, I, I'm what."
"If We Don&#39;t Solve Climate Change, Does Anything Even Matter?",mSjEuWur7Xo,David Pakman,"I'm saying is that why even bother, you know, creating democracy if that doesn't give us enough time to actually secure a future for the coming generation, this proper, you know, the next generation, not eventually, not when the Sun burns out, not, not that. I'm talking about the kids that are being born today. they will not basically live to die. that that's pretty much a guarantee for almost every one of them, because you know, you see what's happening with hurricanes, you see what's happening with extreme heat waves, you see what's happening with the food supply, with the immigration, with, you know, quite a lot of stuff, and that's all because we burn fossil fuels. and what I'm saying you're, I believe you're taking it wrong, like you're. you see, there's fatalistic or something I'm trying to say that any ambition that does not take into account the bigger picture is basically pointless. okay, well, listen, that's your point then. I agree with you. I agree that the bigger picture has to be taken into account. this is why I talk all the time about the unsustainability of the idea of infinite and indefinite growth as it is considered economically. I mean in. in that, as you're laying it out, vitaly, I agree with you. ok, I hope I'll be writing to you on Twitter and while proposing probably some public dialog, in that I would be sort of your friendly rival if you wanted that ok."
"If We Don&#39;t Solve Climate Change, Does Anything Even Matter?",mSjEuWur7Xo,David Pakman,"well, it sounds like we agreed, so it may not be. it may not be the most exciting rivalry, but I welcome your comments, Batali. thank you. I've got a bunch of people holding, so I'm going to continue moving down the queue."
Which Policies Would Actually Curb Climate Change?,4dHem7KqCYY,David Pakman,"hey, David, what policies actually make the most sense to deal with climate change? this is a really good question, particularly in the context of the g20 summit and the United States being the only of 20 countries that didn't sign on to the sort of climate change agreement or intent to work on the issue of climate change. I think the answer the question properly. you really need to divide it up into short term versus long term action on climate change. we need some short-term ideas on climate change to serve as like a bridge or a funnel to the long term solution that we ultimately want. so, number one: we need to understand what causes emissions. emissions are a big part of what we're trying to ameliorate. energy causes huge emissions. transportation causes huge emissions. animal agriculture- significant contributor to emissions. manufacturing of stuff- a massive contributor to world emissions. so let's address some of those with our ideas. number one: in the short term: carbon taxes. ok, carbon taxes make sense in the short term. there is some disagreement among the left as to whether we want revenue-neutral carbon taxes or carbon taxes that will raise revenue, which can then be used for whatever right insert here. in either case, study after study has demonstrated that carbon taxes will incentivize cleaner manufacturing and cleaner transportation. period number two: we should have targets for X percent renewables by Y date in the future. sometimes the targets are."
Which Policies Would Actually Curb Climate Change?,4dHem7KqCYY,David Pakman,"unrealistic. it'd be great to have realistic but aggressive targets. in either case, we need to be setting goal posts and trying to reach those goals. number three: we should reduce the amount of meat that we eat. there's really no way around that at this point. moving to lab-grown meat is definitely a possibility that might be more palatable to people who eat a lot of meat. I am down to eating red meat probably five times a year and eating poultry, I don't know- maybe once every ten days, and beyond that I am tasket Aryan for most of the time. we know that this is a good thing, and until lab-grown meat becomes a full reality, we should be doing that. and then we've got to incentivize renewable energy. like yesterday, I mean right away. right now, we are subsidizing a lot of the wrong forms of energy: fossil fuels, oil. Trump talks about clean coal, trying to revitalize an industry that the free market has clearly shown should be dying. coal should be going away completely. we do want to incentivize the generation of renewable energy. stop incentivizing the continued harvesting of fossil fuels and- and this is a controversial part- I've gone back and forth on this over the last many years- I'm open to open to using nuclear as a bridge to get off of fossil fuels and to renewables. but number one takes a long time to get new renewable on board. I"
Which Policies Would Actually Curb Climate Change?,4dHem7KqCYY,David Pakman,"actually don't know that at this point the timing even makes sense, like I'm conceptually open to nuclear as a bridge, but given how long it takes to actually start producing new nuclear power, I don't even know that the timeline makes sense for us geopolitically. this is all really important stuff. if we reduce our demand for fossil fuels, this weakens the leverage that country's hostile to a half a Venezuela, Russia. I'm not saying we should never try to have good relationships with these countries. I'm merely saying that deleveraging them when it comes to manipulation and control over the oil markets would be a very good thing geopolitically and a very good thing in terms of national security. yes, there may be short-term pains in terms of gas taxes or other costs. that would be part of a long term solution- but I think that if we think through it carefully, the government can ensure the that those who would be most hurt by a slight uptick in the cost of gas or other fuel energy sources. we can mitigate those impacts, and I think that we should. if I'm missing something here, send me your thoughts. I want to hear from you."
Fact &amp; Fiction: The Impact of Climate Change,k4PCtuDphxM,David Pakman,"Michael man is distinguished professor and director of the earth system science center at Penn State University and also author of two books, including dire predictions: understanding climate change and the hockey stick and the climate Wars- it's so great to have you on and uh the. the book really uh presents in sort of ordinary, uh straightforward language the important findings of what is currently happening with the the climate crisis on Earth. I would love to start at the broadest Point possible with regard to what predictions we can make and predictions people may have heard about the future of the climate crisis. uh, people sometimes hear: oh, the entire East Coast will be underwater or all of the ice will be melted in the polar ice caps, Etc. and sometimes it sounds a little bit hyperbolic. so let's break it down. what are the real concerns with regard to what we can predict will happen as a result of continued climate change? uh, thanks, it's good to be uh on the show with you. um, so if we continue with business as usual- uh, burning of fossil fuels. uh, if we don't take precautionary actions to deal with our uh increased, uh ongoing emissions of carbon into the atmosphere, we will likely see uh between 7 and 9 degrees Fahrenheit warming of the globe by the end of the century. uh, now, that won't. uh, you know, that doesn't mean that the, the entire us, will be."
Fact &amp; Fiction: The Impact of Climate Change,k4PCtuDphxM,David Pakman,"submerged uh below the ocean. um, uh, it means that uh, there will likely be enough sea level rise to uh Force us essentially to retreat from many of the uh major coastal cities of the US and elsewhere around the world. uh, it will mean that uh, many of the problems we are already seeing uh damaging impacts of climate change related increases in extreme weather, um wildfires, droughts, uh flooding- all those things that we have seen already- um uh worsened weather, uh events because of the impact of climate change, will get that much worse. uh, if we again continue with business as usual, burning of fossil fuels. uh, by the end of the century, we warm the planet by 7 to9 degrees Fahrenheit. uh, arguably, the rates of change that we will see in our climate will exceed our ability to adapt to those changes. on the other hand, I'm curious, Michael, as far as the temperature change you know we you talked about the sea level rise that we would see what the if, if our oceans were warmer. also, would that not have a significant impact on ocean life and thus the entire animal ecosystem? yeah, that's right. uh, in fact, right now we have a major El Nino event going on and it sort of gives us a glimpse of the future, because during El ninos, often uh sea surface temperatures around uh the the world are much warmer than they would normally."
Fact &amp; Fiction: The Impact of Climate Change,k4PCtuDphxM,David Pakman,"B and with those large El Nino events like the one we're seeing right now, we often see massive die off of corals. we see, uh, uh, an event called Coral bleaching, where corals they lose their color because the symbiotic organisms that give them that color um literally, literally flee, but the the corals can't move, they're stuck and, uh, if that goes on long enough, that kills off the corals. uh, that is combined with the effects of ocean acidification: as we increase Co two in the atmosphere, the oceans become more acidic. so all of these things are impacting uh ocean biota, coral reefs. uh, this is part of the reason that climate change represents a major threat to uh ocean biodiversity, uh to fish populations and our ability to continue to feed ourselves uh through um fishing. I would love to hear a little bit from you about, uh how our audience can uh tackle, when they are on the receiving end of what to me sounds like a tired old talking point from so-called climate Skeptics, or or non non-science believers, as I like to call them that. Hey, listen, humans on Earth, we only have observations about temperature from a very tiny slice of the history of our planet and there's really no way at all to say that the. the changes in temperature we're seeing today are any more than just cyclical temperature changes. we've had ice ages and it logically follows we."
Fact &amp; Fiction: The Impact of Climate Change,k4PCtuDphxM,David Pakman,"also have warmer periods. we, we only have a little bit of data. that's a very common talking point we hear from climate Skeptics. what can our audience have sort of in their Arsenal to refute that? sure, so I will respond to that particular talking point. but, uh, it's often very useful to draw upon resources that exist out there. um, there is a site called skeptical sciencecom and if you go to that website, they have a list of the hundred or so leading climate change denier talking points and the scientific resp responses to each of those talking points at the introductory, intermediate and advanced level. fantastic, uh. and even better than that, you can download the whole thing onto your smartphone and have it at your fingertips. so you know, at that Thanksgiving dinner, where that can torous uncle that you have, who always comes armed with, uh, you know, you, you've got that at your disposal and you can respond to him in real time. uh, but, uh, with that particular talking point, um, it's actually combining a number of myths. uh, first of all, it wouldn't even matter, um, if the current warmth that we've seen, whether or not it's unprecedented, um, the reason for past periods of warmth is understood, the reason that, uh, you know, the temperatures were so warm during the early Cretaceous Period, when dinosaurs roamed the planet, that was because of very high CO2 levels, a very high Greenhouse."
Fact &amp; Fiction: The Impact of Climate Change,k4PCtuDphxM,David Pakman,"Effect and that happened naturally over tens of millions of years due to Natural variations in in the concentrations of these greenhouse gases that have to do with things like plate tectonics. so those changes happen over a time scale of- you know, it's a 100 million years if you go back to the early Cretaceous Period. what we are doing by burning fossil fuels is literally taking all the carbon that got buried in the ground after that period, over a hundred million years, and we're putting it back up into the atmosphere, but over a time scale of a hundred years, a million times faster. so it's the rate at which we are modifying the atmosphere and warming the planet that is caused for concern, not whether or not there might have been past periods, uh periods in the distant past there that were as warm. one other thing: we do know that the recent warming spike is unprecedented- uh, going back into the last ice age and probably back more than a 100,000 years. there are various lines of uh paleoclimate evidence that we can use to piece together the puzzle of how the climate changed in the past, and those data tell us that the recent warming Spike um is likely unprecedented in tens of thousands of years, maybe more than a 100 thousand years. so it is unusual, and the CO2 concentrations that we've reached already are higher than they've been in millions of years."
Fact &amp; Fiction: The Impact of Climate Change,k4PCtuDphxM,David Pakman,"we know that as well. and, Michael, how drastic do human activities on earth have to change to really make a dent in the impact that we're having? you know, sometimes I'll read about a new Initiative, for example, uh, we could move 30 % of New York State's electricity consumption to renewable and and green alternative energies. uh, on a per capita basis- and I'm thinking per capita- our population continues to increase. we're talking only about 30%. it seems like 10 years from now, any benefit that we get from doing that is already going to be undone by our population growth. is my sort of a, a pessimism, or feeling overwhelmed by the, the magnitude of what we have on our hands here, Justified, or can we really make a dent in this? yeah, I think it's a little overly pessimistic. um, population in the US isn't climbing, uh, uh, it's population uh, in developing nations. um, that uh continues to climb. but when demographers look at sort of the large scale Trends, uh, right now, uh, with global population, they estimate that will probably plateau uh by the middle of this Century at about 9 billion people. so, yes, will be more people. right now there are about 7even billion people, but that's not going to continue on an uh exponential trajectory, like it has in the past, it appears to be plateauing out uh now can we provide uh energy for those people without the"
Fact &amp; Fiction: The Impact of Climate Change,k4PCtuDphxM,David Pakman,"continued burning of fossil fuels. that's the real Challenge. and you know you mentioned, uh, you know the- the possibility of New York generating 30% of its electricity from Renewables. well, Germany's already doing it. Germany is doing that, the. if you look around the globe, if you tally the the total uh Global electricity use, we are now up to about 22% of our electricity generation globally coming from Renewables. so there has been a dramatic uh turning of the corner just over the past few years, um, in, you know, moving away from burning of fossil fuels, moving towards renewable energy to generate electricity. we've got a lot farther to go, but last year, for the first time ever, or the first time in many decades, we saw global economic growth without any growth in carbon emissions. right, we reported on that that extensively, and that that seems to be a really important indicator of where things could go with the right decisions made, is it not a absolutely it suggests that we're turning the corner. now we're not yet turning the corner fast enough to stabilize those greenhouse gas concentrations below dangerous levels, so it's going to take a lot more work, but, uh, there's reason for cautious optimism. we are already beginning to turn the corner. well, any conversation about climate change where my view is unnecessarily pessimistic for me is a win. you know, I mean, that's uh, that's good news. for sure I'll remind."
Fact &amp; Fiction: The Impact of Climate Change,k4PCtuDphxM,David Pakman,"our audience. we've been speaking with Michael man, distinguished professor and director of the earth system science center at Penn State University. check out his book: dire predictions: understanding climate change. thanks so much for joining me today. oh, thank you, it was a pleasure talking with you."
Candace Owens Climate Monologue,5KQcLWyVn_s,Candace Owens,"[Applause]. hello and welcome. i was having a conversation the other day with one of my oldest friends. we were sort of reminiscing about high school, the high school years, particularly about a boyfriend that she used to have, a terrible boyfriend. every single time they got into a fight and she wanted to break up with him, he would say: if you break up with me, i'm gonna kill myself. he would threaten suicide every time that she wanted to break up with him. and i thought to myself, oh my gosh, looking back on that, what emotional abuse that was. we were talking about that because now we're adults, obviously we're in our 30s, and we can look back on those times and think, wow, adult, maybe an adult maybe should have intervened in that relationship. and that kind of got me thinking, because textbook emotional abuse and uh, blackmail kind of seems to be the way of the world right now, particularly when it comes to our government. they're constantly telling us: do this or death. on the other end of it, just like her boyfriend, right, so it's: wear a mask, or you are going to kill the people around. you. wear a mask, or granddad's going to die. i mean that's emotionally abusive. it's psychologically abusive to constantly think that if you don't do something, you're going to die and, by the way, it's not like it just got started with the coronavirus in terms"
Candace Owens Climate Monologue,5KQcLWyVn_s,Candace Owens,"of our government using this as a tactic. it's actually started a long time ago, especially in terms of the climate change lobby. i mean, is there anything that's more aggressive in terms of telling people that they are going to die than when it comes to climate change? i know a lot of parents at home that watch my show, have children that are growing up right now in the world who actually believe that in 10 years, they're not going to have a plan to live on. that that is real. there are children that are suffering psychological trauma in school, learning that they're not going to have a planet to live in in a few years. that's a scary thing to go through, and if you are one of those adults, i want to make sure you share this clip with your son or your daughter, because it's important that they know a few things. the first thing they should know is that they are not the first generation that was told that they are going to die, especially when it pertains to the climate. in fact, i remember when i was growing up. it was similar: the plan is going to be gone in 10 years if you don't do this, and guess what? i actually believed it when i was in school. so here's a list of just some of the things that maybe your, your parents or your grandparents may have gone through in"
Candace Owens Climate Monologue,5KQcLWyVn_s,Candace Owens,"1975, they said that there was going to be dire famine, dire famine. people were going to all die because there wasn't going to be enough food on the planet. there also was, of course, global cooling. you might be a person that lived that generation where they told you that there was going to be a new ice age by the 21st century. of course that didn't happen. i think the most traumatic among them has to be the people that lived through acid rain. they told them that the oceans were going to become acidic and then acid rain was going to pour from the sky. could you imagine being scared every time it rains as a child, can you imagine thinking today is going to be the day the acid rain is going to pour down because we haven't done enough to protect the planet? that actually happened, of course. the acid rain never came, but that didn't stop people. of course they said the ozone layer. there was the ozone layer hole. oh my god, the world's going to end. except it didn't end. so they shifted gears and they said: we're going to eventually run out of water. that was another one. and of course, in my generation it was global warming, global warming, global warming everywhere. they forced us to actually watch in health class al gore's inconvenient truth, and i remember being terrified because the sea levels were rising. they told us that."
Candace Owens Climate Monologue,5KQcLWyVn_s,Candace Owens,"in 10 years, florida was going to be under water. they were making placing bets. florida will be underwater unless you kids, you guys at home, unless you do something. here's what i'm going to recommend to you. uh, it's a book called inconvenient facts, written by gregory wrightstone, and it is something that completely changed my perspective on climate change and something that all children should read. if your children are fearful that the world is going to end, they should know that the left always promises an apocalypse. they've done it many, many times and, of course, we know the reason why: it's because they want to extract money. they want to be able to raise trillions and trillions of dollars on fear. children are going to commit to having the government tax them into perpetuity because there's some climate crisis that they need to fix. so here are just a few, by the way, of those inconvenient facts that he lists in this book that i think are important. first and foremost, we are living in one of the coldest periods in all of earth's history. oops, so much for everyone telling us that global warming and carbon dioxide- which, by the way, is plant food- is going to make things so terrible. more co2 means more plant growth. more co2 helps to feed more people. worldwide, the number of tornadoes is declining. extreme heat events are declining. there has been no increase in frequency of hurricanes."
Candace Owens Climate Monologue,5KQcLWyVn_s,Candace Owens,"in recent data, forest fires across the northern hemisphere are also decreasing. so you know, they shifted gears away from global warming and pushed it towards climate change because, unfortunately, in 2011, actually, the earth started to cool a bit. so they said, oh, we got to move and now it's just climate change. every time a climatic event happens, they want you to go. oh my gosh, oh my gosh- climate change, the world is ending. it's not ending. it is not ending. there's not going to be some event other than your government attempting to grow and using children to do that. it's a form of child abuse. i believe it is a form of child abuse. worse than that, it's a cult. i believe it is a climate doomsday cult and, just like every doomsday cult, when they don't meet the deadline, they just transform it and go. actually, no, no, no, the doomsday is going to be a little bit later. well, guys, i'm pleased to tell you that today is my birthday. this is my birthday episode and for whatever reason, i, candace owens, have managed to survive so many leftist apocalypses. i survived y2k, i survived acid rain, i survived the corona coronavirus. they just cannot get rid of me. here's to another year and welcome to candace. [Music]."
"Candace Owens - Climate Change, Gender & War On Fertility",1feEjY8kPfw,Candace Owens,"I mean I just would like to shout out: do not. I do not know this person at all, but a book: if you have a child that you want to make aware of the climate scam which you are absolutely crazy about, about the subjugation of humanity. such an easy book, very short read. it's called Uh inconvenient facts and it's written by Gregory Whitestone and it will wake you to the fact that the ipcc is just a corrupt industry. every single model they ever have put out is wrong and they rely on people not understanding just how old the Earth is and that it goes through coldness. it could. I mean there was a medieval warming period followed by a freeze. I mean, there's just they're trying to actually make you think that weather is something to be fearful of and that these things don't naturally happen like forest fires, they just naturally happen. they've always happened to. speaking of time, things get hot. I just came back from South Africa. while we were there, just temperature hits in Africa, the bush Burns and it's a good thing that it burns, and so people. they rely on the ignorance of people that are widely emotional, which is why they start they sort of brainwash when you are in high school, when you are in middle school, if there's always a different scare and they've been wrong every time time to go. if you still believe that."
"Candace Owens - Climate Change, Gender & War On Fertility",1feEjY8kPfw,Candace Owens,"there are some element of truth to this. just go talk to people in different generations and tell them what their big scare was. I was generation: global warming. we still had to watch a sad movie of polar bears drowning and we're told that there were going to be no polar bears left. in fact, polar population has gone up since inconvenient facts. generation before us. they were told the exact opposite: that it was going to be global cooling. they were all going to freeze to death and then they were like: oh, got that one wrong, so we're gonna change to global warming. exactly. they need the grip to keep going. all that money, everything is always about money, and it's the same people destroying the environment that are coming to you saying: just give us more money and we'll fix the environment. in reality, those Solutions do not work and create more problems and they fly private when they talk about it, on your private jet to discuss Ukraine and but also climate and everything doesn't make sense when it's put together. it doesn't matter, because don't pay attention, because you're supposed to be ignorant and not realize that literally all they want is money, launch a new war and ruin the climate. at the same time, they're telling you that you've got to give them more money so they can save the climate. I mean, it's stunning to me and people that get behind this."
"Candace Owens - Climate Change, Gender & War On Fertility",1feEjY8kPfw,Candace Owens,"initiatives over and over and over again. if you're really trying to discern what VidCon is, go find the people that back the military industrial complex. go find the people that put a little Ukraine flag and told you that this was your duty to go out and defend Ukraine. to ask no questions about president zielinski, who shut down that speech. I find that to be absolutely ridiculous. um, I wrote this in my book, but my thesis is that what they're basically doing is modernizing the slave plantation. right, you can't now take people into chains, but what was one element of the slave plantation? well, it was that slaves weren't allowed to learn how to read. these were called slave quotes. So what better way than to make people think that they're learning how to read, but they're learning nothing? they're learning be scared. the plan is going to be dead in 10 years. men can be women. women can be men. I have a degree, I'm so smart. should they come out? super arrogant, convinced they know everything? and they quite literally, if you drop them off in the forest, they'd all be dead in a week. right, they literally know nothing. this is all a part of the big plan. right, the idea is to produce dumb people intentionally. right, you literally have doctors that are graduating Harvard right now. I cover this on my podcast this week. they are graduating Harvard and they believe."
"Candace Owens - Climate Change, Gender & War On Fertility",1feEjY8kPfw,Candace Owens,"that children are born with the ability to pick their gender. I mean, like, like they're talking about infants right now. I cover this on my show. infants, they believe, have within them, possess within them, the knowledge to know that they're in the wrong body. right, I have an infant. this is. these people now are convinced that they're brighter than you because they're a doctor and they became a doctor because they graduated from Harvard. you, I'm like you, I know you went to University. you have to go to university to be that dumb. nowadays it's you have to spend four years in school to be this stupid kids. it's like all you have to do to trick an academic is to put it in a book and it becomes magically real and they suspend their ability to think quickly, because that's what too much schooling does. it's suspend your ability to think critically, because your job in these, at these University campuses, is to remember information, not to to regurgitate information. it's not to think quickly and go, wait a second. this justifies common sense, right? you know they just go, oh, but it's right here. right here, it's a passage. I am now of very formed opinion that I believe that there is a true government war on fertility. they want to own the means of fertility, and this is big. this is happening in the classroom with convincing women, when we're 13, to get."
"Candace Owens - Climate Change, Gender & War On Fertility",1feEjY8kPfw,Candace Owens,"on birth control pills and telling you there's no effect. there's no effect in me taking hormones every single day. that's crazy really. there's gonna be no effect to me taking hormone pills every how stupid. I mean again common sense, but I read it. I read it about it: there's a there's a sterilization program being run right now against the people of this world and many people don't even realize it."
Ben Shapiro VS Climate Change,WJUZuOTNehE,Ben Shapiro,"okay, so here's my take on on the climate change issue. um, on the climate change issue, I'm not going to pretend that I'm an expert in in reading the studies, I do know that certain aspects that have been widely talked about have been debunked. the idea that the Arctic Ice is disappearing is nonsense. uh, the idea that the hockey stick graph is anything remotely resembling reality. the hockey stick graph shows over the last century- and it's it's too short a period of time to do climate change statistics like this. it shows over the last century century and a half, that the climate, along with carbon emissions, go like that, that it's a hockey stick. the problem is that's falsified data. uh, there have been multiple problems with the measurement data. as far as global warming, uh, the that's why they call it climate change now and not global warming, because the Earth basically has not been warming for the last 15 years or so. all of which is to say. if you could come up with a solution that did not hurt millions of people and plunge us back into the 1850s, then maybe we could talk about it. the problem is that nobody, even on the left- people who are the biggest climate anthropogenic, climate change Advocates, cannot tell you what we are supposed to do to stop climate change. everything they're talking about is, at the very least, trimming around the edges. so"
Ben Shapiro VS Climate Change,WJUZuOTNehE,Ben Shapiro,"if climate change is based on carbon emissions- and carbon emissions have caused all this damage, then you need to dramatically scale back carbon emissions to the point that, basically, you stop driving cars, that you stop having coal emissions, that power all of the all of the energy in the country. there, green energy is the biggest boond doggle that ever was. mean solar energy is providing less than 4% of the nation's energy at this point, and we've invested billions and billions and billions of dollars into it. so until we come up with something nearly as efficient, we're going to have to make a choice. either we're going to have to let the market come up with something as efficient as carbon based energy, which is going to take a little while, or we are going to, if you take this problem as seriously as the left purports to take it, or you're going to have to plunge people into living standards of the third world. and, by the way, even if you do that, I promise you China's not going to stop developing. it's its carbon emissions, and the reality is that all the developing countries, environmentalism is a luxury of the rich. that's the truth. when you're in China, when you're in the third world, you don't give a damn. when you're in the third world, all you want to make sure of is that your kid doesn't die at night, and if that means"
Ben Shapiro VS Climate Change,WJUZuOTNehE,Ben Shapiro,"that you're lighting cow chips on fire, which is what they actually do for warmth in in in huge swaths of the world and that causes significant emissions, significant carbon emissions- then you'll do it because, hey, if it's my kid, or the temperature rises by 00000000000000, one degrees Celsius over the next Century because I lit this fire, uh fine, I don't care. and, by the way, this idea that the climate has ever stopped changing is ridiculous. if there are climate change, the entire Heartland of the country would become three times as productive in terms of, in terms of crop productivity. uh, the? the climate change has always been been occurring, which is why you know Pangia, it's why there, it's, it's, it's, it's why there, the the climate across the Earth has changed radically across time. there have been ice ages and there have been non- I ages. there have been global warming periods and global cooling periods. in fact, global warming periods, historically, have been significantly better to humans than global cooling periods. Global period, global cooling periods have been significantly damaging to the human population. so, uh, right. so a couple of things. one, the the subset of climate scientists is not all that large, so I really don't care what a doctor in biology has to say about climate change. he knows about. he knows as much as I do, so it depends on what they have a Doctrine in, right, so so"
Ben Shapiro VS Climate Change,WJUZuOTNehE,Ben Shapiro,"you're right. there are a lot of climate scientists and and uh, and you know climatologists who have- who have said that that global warming is an absolute fact and anthropogenic global warming is an absolute fact. they have very different measurements as to how large that affects is going to be. there is a broad range among climatologists, as far as I can tell, among how much the climate is going to actually change and what is the direct impact of carbon Emissions on that, given the fact that for the last 15 years there has been no global warming. uh, you know the, the, the the single largest study of global warming. that was done in the in the in Britain. it turned out a lot of the data was actually kind of falsified, so that it's, it's. I'm not saying that it's not happening. it may be happening. I'm happy to say that it may be happening. I may even be happy to say that it's, it's probably happening. but again, unless you have a solution to the problem that does not involve killing off millions of human beings- no, no, right, no, no and no. but this is the. I, I agree, but the problem is that if you're going to provide, if you're going to make, this is another issue where the demonization is significantly more important to the left than actually solving the problem right. so so everything that the left says about climate."
Ben Shapiro VS Climate Change,WJUZuOTNehE,Ben Shapiro,"change is basically your a climate change denier. therefore, you're a fool, right as opposed to okay maybe. maybe you're wrong about climate change denial, but here's the solution that you're ignoring. where's the solution that's being ignored? I'm sorry, it's not Holocaust denial. the- the use of the language denier is- is pretty ridiculous on its face, considering that there that 30 years ago they were claiming there was going to be a grand Ice Age that was going to freeze us all to death. so you know, I'm I'm willing to wait for the evidence to come in, especially given the fact that we don't have a good solution for it at this point. it. once there's a uh, once there's a plausible solution that that the left actually wants to propose, we can talk about costs and benefits of it. but, um, you know the I also have to. I have to understand what exactly is the real imminent threat to human life. I mean the. the idea that that the gradual rise of sea levels is going to kill hundreds of millions of people is is, it's just fantasy. it's just fantasy. it's not going to kill. it's it they act like the day after tomorrow is how global warming is going to be right, like the Giant Wave is going to sweep in and then the next morning it will freeze and all of New York will be under ice and Dennis Quaid and Jake"
Ben Shapiro VS Climate Change,WJUZuOTNehE,Ben Shapiro,"Gyllenhaal will be trying to fight their way through it. that's not how global is going to happen, right? global warming is going to happen if. if it does happen that the rate they say it's going to, it's supposed to happen over the course of the next 100 years. so let's say, let's say for the sake of argument, that all of the water levels around the world rise by by, let's say, 5 feet over the next 100 years, say 10 feet by the next 100 years, and it puts all the low-lying areas on the coast underwater right which, let's say, all of that happens. you think that people aren't going to just sell their homes and move. it's not like there. it's not like it's all going to happen at once, like there, just a big tsunami that comes and wipes out everybody. so human beings have a way of adjusting. human beings have a way of dealing with these things and- and I have more faith in human beings to deal with the, The crucial move from Santa Monica to the San Fernando Valley than I do in in okay, we're all going to stop using our cars, burning coal and using electricity. that seems to me a much worse solution than okay. I'm GNA, have to sell my beach pump property at a discount price, by the way. that's who's going to hit the people with Beach prump property. it's not going to hit."
Ben Shapiro VS Climate Change,WJUZuOTNehE,Ben Shapiro,"anybody in in indana, you're, you're pretty safe, it'll be all right for for definitions, right? they do this on climate change too. say: Do You Believe In climate change? are you a climate denier? and no, I don't deny the climate. it exists, right? do you believe in climate change? well, yes, I mean the climate changes. what are you talking about? would we like to get more specific? now? what per do you know? for example, what percentage of human activity is responsible for the rising climate? do you have any clue what we would have to do in order to minimize human activity so as to go back to the amounts of carbon that were being sent into the atmosphere before the Industrial Age? is that something that you're willing to? how many people are you willing to let die? how many people are you willing to impoverish based on lack of carbon based fuels? how many people are you willing to let suffer in order to do this? in the third world, by the way, because those are the people who are going to suffer if they're not using carbon based fuels. people on the left are very fond. they they have this kind of Rosy picture of what it would be like to go back in time. they would still get to keep their iPhone, but they'd go back in time if they, if they, if they really want to go back in time there."
Ben Shapiro VS Climate Change,WJUZuOTNehE,Ben Shapiro,"is a time machine on this planet. it's called an airplane. all you have to do is fly to the third world and you just went back about 70 years in time, right, and the fact is they don't want to live with that. so you're allowed to give them these kind of minor victories, where you, where you say, oh yeah, sure, climate change. but then then you hone in, right, because they, they, they feel like they're on their home turf and then you flip it on them and it's a really fun. meanwhile- I don't know if you saw this story- apparently Bill Gates, the richest man on earth- literally the richest man on earth- came out for socialism today. he did an interview in the Atlantic and he talked about how socialism was a grand and wonderful thing. this did not cause him to give up 50 of his hundred billion dollars or or cause him to start handing out his money on street corners, but he says that socialism is a wonderful thing. it is amazing how many people who are experts in one field are complete idiots in another. this is the beauty of capitalism, folks. it can take otherwise useless people like Bill Gates and make them multi-g billionaires, because they actually invent products that we like to use, because obviously Bill Gates has no clue how the world works, but we can still make a useful person of him and make a"
Ben Shapiro VS Climate Change,WJUZuOTNehE,Ben Shapiro,"very wealthy person of him. here is what Bill Gates said over the weekend, and I think it is amazing how many 1centers- people who are at the very top of the spending Spectrum- are people who are, who are willing to come out in favor of socialism and redistribution of wealth. here's what Bill Gates said. he said, quote: there's no fortune to be made in green energy. even if you have a new energy source that costs the same as today's and emits no carbon dioxide, it will be uncertain compared with what's tried and true and already operating at unbelievable scale and has gotten through all the regulatory problems. without a substantial carbon tax, there's no incentive for innovators or plant buyers to switch. and what he's saying here is that we need to use government regulation in order to cram down Green energy on people. we can't just let the market take care of it, even though the market always goes for the most efficient energy source. no, we have to let government cramm down on people. and I think that it's worthwhile just taking a minute to explain why this is wrong in the environmental setting and then why it's wrong generally, because there are too many people who are buying into the Bernie Sanders Notions- I'm sure people who are watching or listening. you have friends, family members. you shouldn't have friends, but family members who believe in Bernie Sanders. if you have a"
Ben Shapiro VS Climate Change,WJUZuOTNehE,Ben Shapiro,"friend who believes in Bernie Sanders. you shouldn't be friends with this person, because this person- number one- is not intelligent and number two- believes in something that's actually tremendously evil, because Bernie Sanders has, of course, stood up for Fidel Castro, among others. but there is this concept out there that only government can make the environment better, which is idiotic, because, after all, the worst polluting country in the world right now is China, which is no shortage of government. now, what people normally use to talk about why the the environment is better is they talk about C standards. this would be the, the corporate average fuel economy standards that the government has increase the standard for production of cars. they have to produce more fuel efficient cars. what people forget is the reason the government had to do that in the first place is because government subsidized gas and oil. government made it cheap so that people would buy cars in the first place, and then, because gas was cheap, they had to create another program to mandate that the car manufacturers not take advantage of the cheap gas, but they make fuel efficient gas. now there's a very easy way to solve the problem of non-fuel efficiency, and that is: let gas go to its normal price. if gas is at its normal price, then scarcity means the prices go up and then people will want more fuel efficient cars to save money. but according"
Ben Shapiro VS Climate Change,WJUZuOTNehE,Ben Shapiro,"to Bill Gates. this is just no good. and Bill Gates wants a carbon tax. he wants to tax everything out of, out of out of existence. Andrew clav- I thought had a- had a- an amazing point on his podcast the other day. I mean, you know, Andrew, he's he's a dunderhead on a lot of things, but on this he was exactly right and that is that Drew said he was talking about this. it was really wonderful and if you haven't listened to Drew's podcast, seriously it's a, it's a fantastic podcast. folks, you should click out of this when you're done and you should tune on over to to Drew's podcast, which I download every day and enjoy immensely. it's really a lot of fun. it's it's about as different from a- a show, from this one, as you could get. this one's very topical and newsy, and Drew is much more philosophical, but it's very deep. and one of the things he said is he said that if you watch the movie Avatar and you see all of the beautiful light and the swirly things and the flying creatures and all that, we have that it's called oil. right, that's what makes things go right. oil makes all of these magical things happen. Bill Gates wants to wipe oil out in order to make the environment better, which is just foolishness of the highest order, again, considering that people would prefer to live not in."
Ben Shapiro VS Climate Change,WJUZuOTNehE,Ben Shapiro,"massive poverty. and then Bill Gates continued. he he said: since World War II, US Government R&D, research and development has defined the state-ofthe-art in almost every area. Okay, the idea that us government R&D has defined the standard in every area is just beyond absurd. R&D in in the government sector has really lagged in most areas. is the truth. I mean, if you look at, aside from the development of military technology, all of the good developments in computer technology are taking place in the private sector, not on behalf of the government. he says the private sector is, in general, inept. this is Bill Gates talking, the guy who invented Microsoft. right, the private sector is in general inept. this hundred billion dollar, Bill Gates. the climate problem has to be solved in the rich countries. China and the US. Europe have to solve carbon dioxide emissions and when they do, hopefully they'll make it cheap enough for everyone else. well, I have another solution that Bill Gates might like, and that is: we could all just become poor again. we could be extremely poor and we could die at 30 and we could have no carbon based fuels and life could suck dramatically. but at least the world wouldn't be getting warmer. okay, John writes: my family leans left and often spouts statistics that 97% of scientists believe in climate change. the only basic argument I have heard from conservatives is that there is no evidence."
Ben Shapiro VS Climate Change,WJUZuOTNehE,Ben Shapiro,"for climate change or that it is too Li lied? if the argument is we are not 100% sure climate change is happening, wouldn't it still be prudent to air on the side of caution and take necessary steps, just in case? can you give a more detailed defense of your position? okay, so there's a great article at Daily wire. you can search for it. it was written by a climate scientist debunking all of the various myths about climate change. here's the short answer to your question. number one: 97% of scientists do not agree with certainty that the world is going to warm to the point where it's actually dangerous. plus, 97% of scientists includes people who have nothing to do with climate. me asked my wife: she's a scientist, she's a doctor. does she know anything about climate, climatology? no, she doesn't know anything. she's a family physician. okay, so scientists are not all in the same field. number two: there's one thing we agree on. there's something called a greenhouse effect. that exists. okay, if you put carbon into the atmosphere, it warms the Earth, no question. the question is: how much does it warm the Earth? does the Earth have patterns that that cool it? meaning, they've been saying now that the oceans might be absorbing some of the some of the emissions, so that that's preventing all of this from happening. how much does it matter? how much of this is due to?"
Ben Shapiro VS Climate Change,WJUZuOTNehE,Ben Shapiro,"Natural weather patterns. what level is is sophistic. what level is is certainly attributable to human behavior. and, most of all, even if you wanted to reverse this, what would it take? the problem is that when you say, wouldn't it be better to air on the side of caution, well, when you're talking about doing away with fossil fuels, which power pretty much everything, when you're talking about going back to 1850 standards of living, complete with 1850 lengths of life and and all the rest of it, no, I'm not willing to to on that, especially when you know everybody talks about the end. it's not the end of the world. okay, if if cities have to move, cities have to move. I mean, the fact is that Venice has been obviously sinking for the last couple of hundred years, more than that couple of thousand years. so you know that that happens it's. I'm not willing to sacrifice the well-being of all of Western Civilization on the 50/50 bet that the waters are going to rise a foot. I'm just not willing to."
Ben Shapiro on climate change | Lex Fridman Podcast Clips,vOblAlOifpo,Ben Shapiro,"let me ask you about climate change. there's a let's go from the meme to the, to the profound philosophy. okay, the meme was- there's a clip of you talking about climate change and saying that- the Aquaman meme. uh, you said that for the sake of argument. if the water level arises five to ten feet in the next hundred years, people will just sell their homes and move. and then the meme was: sell to who? uh, can you argue both sides of that? the argument that they're making is a straw man. the argument that I'm making is over time. I don't mean that if a tsunami is about to hit your house, you can list it on eBay. that's not. that's not what I mean, obviously. what I mean is that human beings have an extraordinary ability to adapt- it's actually our best quality- and that as water levels rise, real estate prices in those areas tends to fall. that over time, people tend to abandon those areas. they tend to leave, they tend to right now sell their houses and then they tend to move and eventually those houses will be worthless and you won't have anybody to sell to, but presumably not that many people will be living there by that point, which is one of the reasons why the price would be low because there's no demand. so it's over a hundred years. so all of these price Dynamics are very gradual, relative."
Ben Shapiro on climate change | Lex Fridman Podcast Clips,vOblAlOifpo,Ben Shapiro,"to the other price Dynamics correct. that's why the joke of it, of course, is that like I'm saying that tomorrow there's a tsunami on your Source step and you're like, oh, Bob will buy my house, Bob ain't gonna buy your house. like we all get that, but it's a funny man, I laughed at it. how is your view on climate change, the, the human um contribution to climate change, what we should do in terms of policy to respond to climate change? how has that changed over the years? I would say the truth is, for for years and years, I've believed that climate change was a reality and that anthropogenic climate change is a reality. uh, I don't argue with the ipcc estimates. I know climatologists at places like MIT or Caltech and they know this stuff better than I do. so you know the. the notion that climate change is just not happening or that human beings have not contributed to climate change, I find doubtful. the question is to what extents human beings are contributing to climate change. that 50, is it 70, is it 90? I think there's a little bit more play in the joints there, so it's not totally clear. the one thing I do know- and this I know with with factual accuracy- is that all of the measures that are currently being proposed are unworkable and will not happen. so when people say parent climate, Paris climate Accords, even"
Ben Shapiro on climate change | Lex Fridman Podcast Clips,vOblAlOifpo,Ben Shapiro,"if those were imposed, you're talking about lowering the potential trajectory of climate change by a fraction of a degree if? if you're talking about the- if you're talking about you know Green New Deal: Net Zero by 2050.. the carbon is up there in the air and the climate change is going to happen. also, you're assuming that geopol, the geopolitical Dynamics don't exist, so everybody is going to magically get on the same page and we're all going to be imposing massive carbon taxes to get to Net Zero by 2050. I mean, like hundreds of times higher than they currently are. and that's not me saying that's Cloud Schwab saying this of the world economic Forum, who's a big advocate of exactly this sort of policy. and the reality is that we're going to have to accept that at least 1.5 degrees Celsius of climate change is baked into the cake by the end of the century. again, not me talking, William nordhaus, The Economist who just won the Nobel Prize in the stuff, talking. and so what that suggests to me is what we've always known: human beings are crap at mitigation and excellence in adaptation. right, we are. we are very bad at mitigating our own fault. we are very good adapting to the problems as they exist, which means that all of the estimates that billions will die, that there will be Mass starvation, that we will see the migration in just a few,"
Ben Shapiro on climate change | Lex Fridman Podcast Clips,vOblAlOifpo,Ben Shapiro,"years of hundreds of millions of people. those are wrong. what you'll see is a gradual change of living. people will move away from areas that are inundated on the coast. you will see people building sea walls. you'll see people adapting new technologies to stock carbon out of the air. you will see geoengineering, right that. this is the sort of stuff that we should be focused on and the sort of bizarre focus on what if we just keep tossing hundreds of billions of dollars at the same three Technologies over and over in the hopes that if we subsidize it, this will magically make it more efficient? I've seen no evidence whatsoever that that is. that is going to be the way that we get ourselves out of this necessity. being the mother of invention, I think human beings will adapt because we have adapted and we'll continue to adapt. so to the degree we invest in the, the thread of this it should be into the policies that help with the adaptation versus the mitigation. right: sea walls, geoengineering, developing technologies that carbon out of the air again. if I thought that there was more Sort of hope for the green technologies currently in play, Then subsidization of those Technologies I might be a little bit more for, but I haven't seen tremendous progress over the course of the last 30 years in the reliability of, for example, wind energy, uh or or the ability to"
Ben Shapiro on climate change | Lex Fridman Podcast Clips,vOblAlOifpo,Ben Shapiro,"store solar energy to the extent necessary to actually power a grid. what's your thoughts on nuclear energy? is nuclear? nuclear energy is a proven source of energy and we should be radically extending the the use of nuclear energy. it's one one to me that, honestly, this is like a litmus test question as to whether you take climate change seriously. if you're on right or left and you take climate change seriously, you should be in favor of nuclear energy. if you're not, I know that you're just, you have other priorities. yeah, the fascinating thing about the climate change debate is the Dynamics of the fear-mongering over the past few decades because, uh, some of the nuclear energy was tied up into that. somehow there's a lot of fear about nuclear energy. it seems like there's a lot of social phenomena, social dynamics involved versus dealing with just science. it's interesting to watch and if, on my darker days, it makes me cynical about our ability to use reason and science to uh to deal with the threats of the world, I think that our ability to use reason in science to deal with threats of the world is almost a time frame question. so I think that we're again, we're very bad at looking down the road and saying: you know, because people can't handle, for example, even things like compound interest. yeah right, like the idea that if I put a dollar in the bank,"
Ben Shapiro on climate change | Lex Fridman Podcast Clips,vOblAlOifpo,Ben Shapiro,"today that 15 years from now that's going to be worth a lot more than a dollar. people can't actually see that, and so the idea of let's foresee a problem, then we'll deal with it right now, as opposed to 30 years down the road. typically, we let the problem happen and then we solve it, and it's bloodier and worse than it would have been if we had solved it 30 years ago, but it is in fact effective. and sometimes it turns out the solution that we're proposing 30 years in advance is not effective, and that's, that's a. that can be a major problem as well. well, that's then the Steel Man, the the case for fear-mongering, for irrational fear-mongering. we need to be scared shitless in order for us to do anything, so that that's that. you know, I'm generally against that, but maybe, on a population scale, maybe some of that is necessary. for us to respond appropriate for long, two long-term threats, we should be scared jealous. I don't think that we can actually do that, though, like I like. first of all, I think that it's it's platonic. lives are generally bad, uh, and then, second of all, I don't think that we actually have the capacity to do this. I think that the people who are, you know the, the sort of Elites of our society who get together in rooms and talk about this sort of stuff, and I've been"
Ben Shapiro on climate change | Lex Fridman Podcast Clips,vOblAlOifpo,Ben Shapiro,"in some of those meetings at my synagogues Friday night, actually nobody but uh, but I didn't make the joke, but I'm glad you did. yeah, you know I've been in rooms like Davos, like rooms, and when people discuss these, these sorts of topics, and they're like what if we just tell people that it's going to be a disaster, with tsunamis and day after tomorrow? it's like you guys don't have that power. you don't and, by the way, you dramatically undercut your own power because of covid to do this sort of stuff, because a lot of the sort of what if we scare the living hell out of you to the point where you stay in your own house for two years and we tell you you can't send your kids to school, and then we tell you that the vaccine is going to prevent transmission, and then we also tell you that we need to spend seven trillion dollars in one year and it won't have any inflationary effect, and it turns out you're wrong. on literally all of those things, the the last few years have done more to undermine institutional trust at any time in in probably American history. it's pretty, pretty amazing. yeah, I tend to agree with that. the only thing we have to fear is fear itself."
Climate Change Is NOT An Emergency — Here Are The Facts,SOUXgnXHxoE,Ben Shapiro,"hi ben, my name is ember. in 2021, you said that the potential rise of global temperatures by four degrees celsius due to climate change is- quote- not an emergency, and even made fun of top scientists for calling climate change a climate emergency. a new study by the journal of natural science says that if, by the end of the century, climate change will total up to 83 million deaths because of climate-related causes, yeah, they're wrong. sorry, go ahead, but continue. but i'll explain why go ahead. i'm wondering, ben, why you believe that climate change is not an emergency. okay, because they're wrong. so now here's the sorry. i didn't let you get to the question mark. the reason that they are wrong is because all of these studies are done in the absence of mitigating measures. so, as i've said before, when i talk about climate change, when you're talking about climate change, there are a couple of things human beings can do and, by the way, i accept ipcc estimates. they. they range from sort of the mild, like 1.5 degrees celsius, all the way up to the not very mild, like four degrees celsius, again over the course of the century. and because there is this range, the more extreme versions of this, the four degrees celsius, whenever you read the ipcc reports which i have. when you read those reports, they say in them that they have very low confidence that some of"
Climate Change Is NOT An Emergency — Here Are The Facts,SOUXgnXHxoE,Ben Shapiro,"the more catastrophic sort of predictions are going to occur- they will say low to moderate confidence. the less catastrophic predictions. they'll say more like high confidence, or or fair, fair, high confidence, that kind of stuff. okay, here is the thing: when people suggest that there is not going to be any sort of mitigation measures, this is wrong. or adaptation. so there's two ways you can know that. one is mitigation, which is we all stop driving cars, we stop using electricity, we don't have kids anymore. right, we really cut down on our carbon usage in ways that are catastrophic to the world economy and what it really mostly does. it says to people in the developing world: hey, you're screwed, because those are the people who really need carbon-based emissions. it's very easy for those of us who live in extraordinarily prosperous societies to say: you know what? i'm cutting down my carbon emissions a little bit because we live in very prosperous societies. carbon-based energy is by far the most efficient form of energy on the planet and it's worthwhile to notice that people who are living in developing or undeveloped countries- those people are still in large part burning things like dung for fuel, which is not only carbon intensive but also a horrifying way to live, and telling those people. you can't use carbon-based energy is a mistake. in order for us to take the mitigation measures that would be necessary in order."
Climate Change Is NOT An Emergency — Here Are The Facts,SOUXgnXHxoE,Ben Shapiro,"to dramatically lower the trajectory of global climate change. you'd have to get china to sign on, which they will not. you have to get india to sign on, which they will not. those are the two largest carbon based emitters on planet earth and we live in a geopolitical world in which a carbon emission from china counts the same as a carbon emission from the united states, which says, again, this doesn't mean there's nothing we can do. it means what we ought to be doing is the thing that will prevent the 83 million deaths, which is why i'm very confident it'll prevent the 83 million dots adaptation. this means, for example, that we build sea walls. the simple fact of the matter is that new orleans exists below sea level. when the sea walls, when levees, were breached because the levees were poorly built, it killed 10 000 people. when the levees last time around this last year there was a major hurricane, it swept directly through the exact same area and pretty much no one was killed, the reason being the levees were much better built. when you're looking at coastal, low-lying areas, sea walls have been built in places in miami, in places in seattle. geo-engineering, which is a methodology that's being explored largely in some of the northern european countries for actually changing the climate itself by, for example, shooting particular types of material into the air. you know these sorts of solutions."
Climate Change Is NOT An Emergency — Here Are The Facts,SOUXgnXHxoE,Ben Shapiro,"are things we should be pursuing. they're a lot easier to do, because technology is a lot easier to do than anything remotely approaching a global carbon tax, which will, number one, be unsuccessful and, two, will not mitigate the effects on the climate nearly as much as you're talking about. human beings are great at adaptation and we suck at mitigation and, as i've said before and been mocked for it, the simple fact of the matter is, over the course of the next 100 years, when you see all these maps, it's like this area will be flooded and all those people will be dead. no, because they won't be living there, because, as it turns out, when the tide rises, people move inland. this is what has been happening throughout human history. not a huge number of people were killed, presumably when the land bridge between russia and alaska- that that from which sarah palin could see right when, when that land bridge ended up being covered up in water, there weren't tens of thousands of people who died in that, because it took thousands of years for that to be covered up by water. slow-moving crises are not crises. they're problems, not emergencies."
Charlie Kirk Destroys Climate Crazies!,tm0jIRDzHeY,Charlie Kirk,"so I'm in a crisis communication class at my college and we were asked to come up with solutions for, like the population control and whether, you know, we want to feed more people, or whatever. well, one of my peers said that the solution should be that the US should pay about3 million a year for contraceptives- for the world's contraceptives. my question is: how do we get the average student to realize that money doesn't just come from the government? it's not magic, it's so I'll do you one better. so the premise of your class is that we have too many people. we don't have one of the things. yeah, I I reject the premise. we we need more. we need more children, not less children. uh, our country is on the verge of a population collapse, and so here, here's one piece of advice I'll give you for everyone in the room. um, as soon as you're talking about how we're going to pay for something, we've already lost the debate. first, you should say: why should we pay for that nonsense at all? and, by the way, we shouldn't fund contraceptive, we should any of that garbage. but back to what you're saying. so this is: this is basically, you're being taught Earth worship. okay, and that's. that's what's being taught in most schools, which is: somehow we must put the Earth above the well-being of human beings. remember, we have a prum agenda right."
Charlie Kirk Destroys Climate Crazies!,tm0jIRDzHeY,Charlie Kirk,"now. we shouldn't abuse the Earth, we shouldn't pollute the rivers of the Lakes, but always we should have a belief in human Supremacy. I know that's like a weird thing to say, but that's basically where this conversation goes right now. I believe human beings are image bearers. you're made in the image of God. every life is a gift, should be preserved and protected. we have a million abortions year, every single year, and I believe if you can't get that issue right, then look at all the other issues you screw up beyond that. but also this is something that happens in the academy far too often, which is we have too many people. we need to, you know, get rid of population. I'm going to make a prediction. that's the opposite. in 30 years we're going to see declining population like you've never seen before. we're already seeing it here in America. so in the last year you have a lot of people at home, people spending time locked down. you'd say, oh, birth rate's going to go up. it's a dramatic decrease like we've never seen before. why? half economic? right, it's expensive to have kids. people say I'll have one of each, like they're picking out a Toyota or something. right. the other is that if you don't believe that children are necessary to be fruitful and multiply, to replicate your values and replicate yourself. why have children so if you don't teach people?"
Charlie Kirk Destroys Climate Crazies!,tm0jIRDzHeY,Charlie Kirk,"that having children is necessary, and those of us that believe in the Bible, we we have an answer for that. it's like the second chapter of the Bible: be fruitful and multiply might be the third. anyway, the point is that it's right there. then why have if you, if you actually believe that climate change is an existential threat, which is complete gibberish, nonsense and boulder dash, and all of you guys should be unafraid to push back against, against all that garbage, because it's designed for one thing: power and control. and let me just tell you something that is a general rule: if your biggest worry in life is existential, you live a great life. if your biggest worry is the sky falling and not sanitation, nutrition, getting murdered on the way home or being beaten, you live a very nice life. you do this. climate change nonsense can only happen in a rich, generally peaceful Society. this. doesn't you think that the people in the slums of India who have to worry- the 300 million that don't have access every single day to functioning toilets- you think that they're worried about the sky falling? or maybe that they want a coal P, Coal fire power plant to be able to have a hospital or a school? and so I guess the final point I'll make on this, which is so important, is reject the premise. the premise of that whole thing is that more people"
Charlie Kirk Destroys Climate Crazies!,tm0jIRDzHeY,Charlie Kirk,"population increasing, much reduced people. I don't agree with that at all whatsoever. I think that we should have we have a commandment to be fruitful and multiply. I do not believe even close that human population is what is destroying the entire Earth and even beyond that. I think that if people, if that's their biggest concern- just it's nice to lightly remind them that you live a great life, maybe you should worry about improving yourself, not destroying the world around you. thank you, it's good. thank you [Music]."
“The Climate Change Agenda Is A Hoax” - Vivek Ramaswamy,keUPHwFFQj4,Vivek Ramaswamy,"young people in this country are so hungry for a cause, they are starved for purpose and meaning, and so when you lose faith and when you lose patriotism, you start bending the need of new religions like the climate religion instead. I stand by what I said at the debate stage. the climate change agenda is a hoax. more people are dying of bad climate policies then they are of climate change itself, and we have to be clear that you know what the climate disaster. death rate is down by 98 because of more use of fossil fuels, not less, and so I ask: what advances American Prosperity? not what emits carbon or not into the atmosphere. that is the wrong question to ask, and I feel sad for young people who are so, so starved for purpose and meaning that they're turning to this new cult instead of actually just asking what it means to be an American. that's how we win and dilute these agendas to irrelevance."
It's Time To Acknowledge The Climate Crisis For What It Is - A SCAM,Wwoq4Yikfko,Vivek Ramaswamy,"Vic ramaswamy is the founder and executive chairman of strive Asset Management, who sees the big picture of these ideas on our country, and we're happy to have Vic. thank you so much for coming on. so you're, I would say, a very rational man. um, these don't seem like rational ideas, like there's no way to justify this on the basis of science or economics. I don't think there's another explanation apart from religion. religion is absolutely an explanation, Tucker, but here's the dirty little secret about the climate religion. it has nothing to do with the climate and everything to do with making the west, and America in particular, apologize for its success, which it views as a sin, and I can prove that to you. okay, because if it was about the climate, then this movement would care about shifting oil production to places like China, but somehow it only attacks oil production in the United States, and last time I checked it was called global warming. you can also take the hostility of this movement. the big mystery is actually its hostility to nuclear energy, which would be the best known solution to mankind for carbon-free energy production, even if you subscribe to this religion. and yet the hostility of the environmental and ESG movement and related climate religion to nuclear energy reveals what's going on. that might be too good at solving the problem, where they no longer have the Trojan Horse for Global Equity."
It's Time To Acknowledge The Climate Crisis For What It Is - A SCAM,Wwoq4Yikfko,Vivek Ramaswamy,"so that is what this is about: all the way down, apologizing for our success and our modern way of life and using the climate- religion- just as a vehicle to accomplish that goal. it has about as much to do with the climate as the Spanish Inquisition had to do with Christ, which is to say nothing at all. it was actually just about power and exercising dominion over people. that's what this is. well, that's exactly right, but unlike other kooky religions that you know, I don't have to have anything to do with them because they don't have centralized technological control over my life. this religion has more power than any religion in history because it's merged with state power to accomplish what neither the religion nor the state could on its own if it didn't get people to submit. and I think we're in this moment where Americans can't just blame the top-down powers. that be, though those are significant, but I think everybody's just got to look at them, look in the mirror, and ask ourselves: what is that vacuum in our heart that causes us to want to bend the knee, to want to be so submissive to this authority, to believe the kinds of things we would have never believed? you talk about scientists, a famous mathematician and scientist who's a hero of mine, Blaise Pascal, famously said that if you have a god-sized hole in your heart, something else is going to."
It's Time To Acknowledge The Climate Crisis For What It Is - A SCAM,Wwoq4Yikfko,Vivek Ramaswamy,"fill that hole if God doesn't. instead- and that's what this climate religion it's preying on it's- it's a form of praying on a victim, and the victim is us, because we have nothing greater to believe in anymore. we're bowing our head to this new, not religion, it's just a cult, because at least a cult, a religion, is withstood the test of time. that's what this is, is a cult. for the last 30 years, it's really taken off as our commitment to Country and God have this disappeared. and that is one of the smartest observations I've heard in. I can't remember a long time. we need to look inside. what is this vacuum inside us that is allowing us to be praying to something like this? I think that's what I mean. that's so smart. thank you so much. great to see you."
Fox News is Definitely Certain that Climate Change is a Hoax,nBnVeh9udkk,Fox News,"you don't go see Joseph goal's films to see the truth about Nazi Germany. you don't want to go see Al gor film to see the truth about global warming. global warming- well, I rudely put it in the myth chapter with psychics and astrology. it is some of the coldest air in this part of the country in 20 years, proof that all of this hype over global warming could be just that height. today's headlines about global warming prove the news Axiom. if it bleeds, it leads. the warming is due to the sun. thermonuclear war might threaten the survival of our civilization, but warming up the planet? I think not. no doubt that it's man-made. it's a hoax, a total hoax. it's an outrageous lie. you're a meteorologist. what do you think scientists really agree on? there is no agreement that the warming we've seen is due to man. it is more fiction than fact. just to rush to judgment and assume that it's human emissions of carbon dioxide and other greenhouse gases is really foolish. CO2 is not a pollutant. the hysteria we're all going to drowned. this is the alarmist scientists who always get the most play on the media. the thing about Al Gore is I've always thought of him as such an inauthentic man. Planet fever or PR fever. Al Gore is wrong in a science. I want to point out something. he's got the Bella legosi haircut. Al Gore is unhinged if"
Fox News is Definitely Certain that Climate Change is a Hoax,nBnVeh9udkk,Fox News,"we are to connect with our audiences on this issue, we learned that we must first get our own house in order. companies themselves have realized that there is some way to make some bucks by getting on board of some sort of climate change program. acting on this issue is simply good business. alarmist messages about global warming are counterproductive, but I'm a little more worried about akmad with a nuclear weapon than stupid Glacier melting outrage over dams who want to fight global warming at the expense of fighting terrorism."
BREAKING | Trump At UN: 'Climate Change Is The Greatest Con Job' | Blasts UN Over Climate Warning,QTLmVwZHQyw,Donald Trump,"air conditioner is like, very uncommon to see one in some of these countries because the electric cost is so high. So, while the US has approximately 1,300 heat related deaths annually- and it's a lot- Europe loses more than 175,000 people to heat deaths each year. because the costs are so expensive, you can't turn on an air conditioner. What is that all about? That's not Europe. That's not the Europe that I love and know. All in the name of pretending to stop the global warming hoax. The entire globalist concept of asking successful industrialized nations to inflict pain on themselves and radically disrupt their entire societies must be rejected completely and totally, and it must be immediate. That's why, in America, I withdrew from the fake Paris climate accord where, by the way, America was paying so much more than every country. Others weren't paying. China didn't have to pay until 2030.. Russia was given an old standard that was easy to meet- 1990 standard. But for the United States we're supposed to pay like a trillion dollars. And uh, I said this is another scam. The fact is, United States has been taken advantage of by the world for many, many years, but not any longer. As you probably noticed, I unleashed massive energy production and signed historic executive orders to hunt for oil, But we don't have to do much hunting because we have the most oil of any nation anywhere- oil and gas in."
BREAKING | Trump At UN: 'Climate Change Is The Greatest Con Job' | Blasts UN Over Climate Warning,QTLmVwZHQyw,Donald Trump,"the world. Well, and if you add coal, we have the most of any nation in the world- Clean- I call it clean, beautiful coal. You can do things today with coal that you couldn't have done 10 years ago, 15 years. So I have a little standing order in the White House: Never use the word coal, Only use the words clean, beautiful coal. Sounds much better, doesn't it? But we stand ready to provide any country with abundant, affordable energy supplies if you need them, when most of you do. We're proudly exporting energy all over the world. We're now the largest exporter in the United States. We want trade and robust commerce with all nations, everybody. We want to help nations. We're going to help nations, but it must also be fair and reciprocal. The challenge with trade is much the same with climate. The countries that followed the rules, all their factories, have been plundered. It's really- it's uh really sad to watch. They've been broken. They've been broken by countries that broke the rules. That's why the United States is now applying tariffs to other countries And much as these tariffs were, for many years, applied to us, uncontrollably applied to us, We've used tariffs as a defense mechanism under the Trump administration, including my first term, where hundreds of billions of dollars in tariffs were taken in And, by the way, we had the lowest inflation and now we have very low inflation. The"
BREAKING | Trump At UN: 'Climate Change Is The Greatest Con Job' | Blasts UN Over Climate Warning,QTLmVwZHQyw,Donald Trump,"only thing different is that we have hundreds of billions of dollars flowing into our country, But this is how we will ensure that the system works for everyone and is sustainable into the future. We're also using tariffs to defend our sovereignty and security throughout the world, including against nations that have taken advantage of former US administrations for decades, including the most- uh- corrupt, incompetent administration in history, the sleepy Joe Biden administration. Brazil now faces major tariffs in response to its unprecedented efforts to interfere in the rights and freedoms of our American citizens and others, with censorship, repression, weaponization, judicial corruption and targeting of political critics in the United States. I have a little problem saying this because I must tell you I was walking in and the leader of Brazil was walking out. We saw him and I saw him, he saw me and we embraced. And then I'm saying: can you believe I'm going to be saying this in just two minutes, but we actually agreed that we would meet next week. We didn't have much time to talk, like about 20 seconds. They were in, they were in retrospect. I'm glad I waited because this thing didn't work out too well, But we did talk, We had a good talk and we agreed to meet next week, if that's of interest. But he seemed like a very nice man actually. We He liked me, I liked him. But if you, uh and I"
BREAKING | Trump At UN: 'Climate Change Is The Greatest Con Job' | Blasts UN Over Climate Warning,QTLmVwZHQyw,Donald Trump,"only do business with people I like, I don't when I don't like them. When I don't like them, I don't like them. But uh, we had, at least for about 39 seconds, we had excellent chemistry. It's a good sign. [Music]."
Donald Trump's Best Lines on Climate Change,qpyFjUsm2PU,Donald Trump,"and I think I know more about the environment than most people can have Clean Coal, really clean coal, I don't think science knows. actually, a windmill will kill the Eagles. so Obama's talking about all of this with the global warming and that a lot of it's a hoax. it's a hoax. I mean, it's a money-making industry. okay, what do you think the world should be doing about climate change and do you still Harbor that skepticism? I feel that the United States has tremendous wealth. if we ignore that science and sort of put our head in the sand and think it's all about vegetation management, we're not going to succeed together. protecting Californians: okay, it'll start getting cooler. I wish you just watch. I wish science agreed with you. I think something's happening, something's changing and it'll change back again. you'd have to show me the scientists, because they have a very big political agenda. our numbers are very, very good. our environmental numbers, our water numbers are. our numbers on air are tremendous. I'm a big believer in the environment, the number one Environmental president since Teddy Roosevelt. who would have thought Trump is the great environmentalist? you hear that, Ed? do you hear that I'm an environmentalist? a lot of people don't understand that. I have done more environmental impact statements. probably than anybody, more than anybody that's ever been president or vice president or anything even close to president, my Administration is putting."
Donald Trump's Best Lines on Climate Change,qpyFjUsm2PU,Donald Trump,"an end to the war on coal, can have Clean Coal, really clean coal. we want the cleanest air. we want Crystal Clean Water. we have the cleanest water. it's Crystal Clean and I always say I want Crystal Clean Water in there, clean air, clean water. but if we're clean, but every other place on Earth is dirty, that's not so good. new green deal, or whatever the hell they call it. Green New Deal. [Applause]. Green New Deal- right, Green New Deal. I encourage it, I think. I think it's really something that they should promote. it sounds like a high school term paper that got a low mark. oh, that's right. who you had said needs to work on her anger. she had some very harsh words. I didn't say anger, I said anger management. how old is she? that's good, but what is your response? she beat me out on Time Magazine. what did you hear from? [Music]? you thank you very much. [Music]. no planes, no energy. when the wind stops blowing, that's the end of your electric. let's hurry up, darling. darling, is the wind blowing today? I'd like to watch television. darling, I'm not going to lose that wealth. I'm not going to lose it on neems, on windmills, which, frankly, aren't working too well and they say the noise causes cancer. you tell me that one. okay, you know the thing makes it so. they sort of like wind, even though it"
Donald Trump's Best Lines on Climate Change,qpyFjUsm2PU,Donald Trump,"kills all the birds. you want to see a bird Cemetery go under a windmill sometime and of course it's like a graveyard for birds. if you love birds you'd never want to walk under a windmill because it's a very sad, sad side. it's like a cemetery. we put a little. we put a little statue for the poor Birds. we'll have a an Economy based on wind. I never understood wind and I know windmills very much. I've studied it better than anybody. I know it's very expensive. [Applause]. [Music]."
