title,channel,ideology,chunks_punctuation,zeroshot_conf,embedding,zeroshot_believes_exaggeration,lr_believes_exaggeration
CLIMATE COLLAPSE: EXTREME Temperature Records SHATTERED Again | The Kyle Kulinski Show,Secular Talk,progressive,"Ben Shapiro. every time he talks about climate change, it is, uh, it is a glorious thing to see. you see, that big brain, uh, you know, breaking everything down in real time, it is, it's really phenomenal. so he's got some new thoughts for us on climate change. now, remember, guys, this is at a time when, um, we're getting records shattered left and right, just absolutely obliterated left and right. I mean, I don't even know is is Phoenix still going with their record? I know that it was like what did they have 22 straight days of 110 degrees or more, 22.. the previous record was 18.. they obliterated the record. and it's just one of many, right? we've seen the insane flooding in the Northeast and parts of New York. there's been a list of wild and extreme weather events: the, the water off the coast of Southern Florida was close to a hundred degrees. it was like a freaking hot tub. we're an Uncharted Territory here. well, um, Ben Shapiro is going to come in and, don't worry, he's going to use logic and facts to disprove any sort of concerns you have, based on science and empirical data and phenomenological experience. listen to this. can I point out that there are a lot of headlines right now about how hot it is outside. I know it's hot outside. you know what I can do about that? zero things. thank God we have this thing.",0.603,"[ 3.84312356e-03  4.33480516e-02  7.51560852e-02  4.00166065e-02
  2.99959779e-02 -2.07805284e-03  2.99455374e-02 -5.67678958e-02
 -3.65325548e-02 -1.19375410e-02 -9.88548622e-02  1.21344067e-03
  5.17921001e-02  4.13821638e-03 -1.69485360e-02  5.80345653e-02
 -6.08664155e-02 -3.32037695e-02 -7.61076435e-02  3.48444954e-02
 -6.08963855e-02  1.04254693e-01 -3.18020545e-02  3.66648659e-02
  1.27606103e-02  4.85911109e-02  6.75718905e-03  2.20691450e-02
 -9.46782455e-02  7.13730752e-02 -3.73083260e-03  4.42631394e-02
 -5.04172221e-02  1.22321732e-02  1.08118625e-02 -3.49113010e-02
 -3.36975697e-03  4.71420586e-03 -3.62330466e-03  4.40623164e-02
  6.70195073e-02 -5.14943637e-02 -1.07776164e-03  6.48386702e-02
 -7.03498572e-02  6.16380796e-02 -4.48678583e-02 -3.07731051e-02
  2.32026689e-02  4.34355773e-02 -5.26530407e-02  4.34895270e-02
  3.27712260e-02  9.44911595e-03 -3.12445629e-02  3.46608721e-02
 -1.70566142e-02  2.18533352e-02 -4.69271839e-02  3.01151853e-02
  2.57371124e-02  3.02200136e-03 -7.26697445e-02  1.50317568e-02
  1.13872020e-02  4.58166264e-02 -8.10705572e-02  4.36077714e-02
  3.01709096e-03 -6.31578499e-03  2.21062172e-02  1.25048026e-01
  2.35126559e-02 -5.98632358e-02  3.54519598e-02 -8.07229504e-02
 -4.80595194e-02  6.92830458e-02  4.13363948e-02 -2.29826048e-02
  1.58302173e-01 -4.89824787e-02  3.20189521e-02 -9.11777839e-02
 -2.23400705e-02 -2.16134489e-02  5.00502028e-02  4.29103263e-02
  4.82096821e-02  2.45431289e-02 -7.13770464e-02 -8.99130013e-04
  5.48315123e-02 -1.25979092e-02  8.71627685e-03  4.84677479e-02
 -2.85304021e-02 -5.32428874e-03 -5.40585928e-02  4.30185981e-02
  3.69084105e-02 -8.35024565e-03 -3.20078880e-02  4.90912981e-03
  6.28823265e-02 -9.19892266e-02 -5.55119663e-02 -1.83365718e-02
 -5.68051040e-02 -1.93597209e-02  4.40502400e-03  2.44497173e-02
 -3.70995840e-03 -4.01772521e-02  1.17770873e-01 -3.67999636e-03
 -1.82011407e-02  8.73128399e-02  7.34172715e-03 -5.93281835e-02
 -4.40882407e-02  7.25789666e-02 -4.93063889e-02  1.38066396e-01
  8.34655389e-02  2.37747487e-02 -4.46437150e-02 -1.15471584e-33
  1.44744471e-01  6.00033849e-02  2.62797568e-02  5.35846613e-02
  2.26655807e-02  4.83390614e-02 -7.82031566e-02 -4.95311320e-02
 -1.10040251e-02 -3.75581980e-02  4.39075232e-02  4.66096587e-02
 -7.23767094e-03  2.77876202e-02  3.62445065e-03 -2.42085867e-02
 -6.68656603e-02 -7.11109955e-03 -1.89878736e-02 -1.35482484e-02
 -5.29272929e-02  2.01074965e-02 -4.08021081e-03  4.17661108e-02
 -9.35195163e-02  1.28243177e-03  4.25252132e-02  1.67691614e-02
 -8.52162368e-04 -2.64800037e-03 -4.48799245e-02  1.48496004e-02
 -4.80082631e-02  4.54062000e-02  3.18605080e-02 -3.71960439e-02
  1.43645648e-02 -2.08483562e-02 -3.90474009e-03  3.53929587e-02
  1.94042306e-02  5.55931367e-02  1.51039911e-02 -3.01869796e-03
  8.71780422e-03 -2.92690154e-02  5.34587540e-02  2.14745048e-02
 -2.09412426e-02 -2.75305491e-02 -2.34686602e-02  6.53051808e-02
  2.88963094e-02 -8.70562345e-02 -4.91699651e-02 -1.50842210e-02
  2.44913865e-02 -2.58850120e-02 -3.66176758e-03 -1.45424542e-03
  2.67183734e-03  3.11125312e-02  8.12580995e-03 -4.65814732e-02
 -3.13715339e-02  3.42850275e-02 -2.36377865e-02  1.38867777e-02
 -5.91447242e-02  4.68300283e-02  6.71202242e-02 -1.80538045e-03
 -1.77294128e-02 -7.32014924e-02 -3.82182710e-02 -1.88379604e-02
 -9.73282568e-03 -2.12740824e-02 -2.91238297e-02  4.76889834e-02
  1.20641002e-02 -4.13393714e-02  9.34688598e-02 -4.66273129e-02
 -8.60561877e-02 -8.99958313e-02  1.08278822e-02  1.19478134e-02
  6.99453875e-02  2.50590779e-02 -5.72198071e-02 -2.01433469e-02
  6.67895004e-02  4.23576497e-03 -1.03513245e-02 -9.99534510e-34
 -1.79566592e-02 -5.58186546e-02  1.64119783e-03  2.23455112e-02
  8.36323574e-03 -8.16742405e-02  2.15113442e-02  3.40698920e-02
  4.91970852e-02 -7.25889727e-02 -2.82093533e-03  3.82005759e-02
  5.92561662e-02 -8.38321149e-02  2.35764552e-02 -1.51097635e-02
  2.66055670e-02 -7.91576877e-02 -6.29479215e-02  8.89051985e-03
 -3.73629518e-02  2.08525583e-02 -6.99563697e-02  4.77067418e-02
 -3.54680456e-02 -2.18670350e-02  8.84984657e-02  5.52879460e-03
  2.62002256e-02 -4.02494520e-02 -1.23271562e-01  4.94740978e-02
 -1.97108258e-02 -7.88635947e-03 -4.69133817e-02  1.10285804e-01
  2.60336827e-02 -8.46779570e-02 -6.88338280e-02 -2.10079253e-02
  3.77150252e-02 -3.49535458e-02  4.30948734e-02 -4.01013941e-02
 -3.87025904e-03  6.71036690e-02 -1.31665319e-02  1.06281914e-01
 -2.32879054e-02  8.96291584e-02 -1.66549329e-02  1.41499108e-02
 -1.22631952e-01  3.77879776e-02  6.29287884e-02 -4.60219607e-02
 -9.04074237e-02 -1.73839722e-02 -8.42088610e-02 -3.17197815e-02
 -6.08636104e-02  2.04520822e-02  3.37395072e-02 -4.09182310e-02
 -2.86920052e-02 -4.49498510e-03 -2.76808403e-02 -3.79456617e-02
  3.30537260e-02  4.87552173e-02  5.01669198e-02 -3.01464777e-02
 -9.88703519e-02 -1.02487594e-01  2.77935471e-02  7.05873817e-02
 -6.97544962e-02  5.37287481e-02 -9.27682817e-02  4.55716774e-02
 -2.03532800e-02 -2.91541666e-02 -1.93581060e-02  4.24677469e-02
  1.00750975e-01  2.40869969e-02 -1.31873991e-02 -1.56926095e-01
 -5.30120023e-02  7.55178854e-02 -1.31936856e-02 -2.49279067e-02
 -1.40804306e-01  8.01555887e-02 -6.11269698e-02 -5.69265239e-08
  5.29069193e-02  3.15732695e-02 -7.57442787e-02  1.69828720e-02
  9.93415788e-02 -3.41164041e-03  4.37594578e-02  3.83389629e-02
  1.07880763e-03  2.94666458e-02  5.91363870e-02 -2.12174393e-02
  4.30277884e-02  6.31976873e-02 -1.19793266e-02 -2.32648943e-02
  5.08025028e-02 -7.98994601e-02 -3.22500579e-02 -2.47447453e-02
 -4.96323407e-02  2.19012368e-02  3.77151952e-03 -1.98121872e-02
  5.00925370e-02  4.23262268e-02 -1.84951015e-02  6.42546788e-02
  5.16899377e-02  2.00889129e-02 -5.45166135e-02 -7.23283067e-02
 -8.72216970e-02 -3.22403572e-02  6.32014349e-02 -6.52451515e-02
  3.78531553e-02  1.01417810e-01  4.45254408e-02  6.75417716e-03
  1.20121511e-02  6.80157095e-02 -2.62977015e-02  7.88737983e-02
 -2.12082583e-02 -8.51991922e-02 -2.23454814e-02 -5.29090548e-03
  7.04320818e-02 -7.23119080e-03  1.09860273e-02 -4.46035899e-02
  2.54406352e-02  6.04459867e-02  6.86189011e-02  7.89165646e-02
 -3.55754830e-02 -6.98536783e-02 -1.05528630e-01  6.32585306e-03
 -3.42927203e-02 -3.74744162e-02 -1.23282231e-01  5.02477214e-02]",False,False
CLIMATE COLLAPSE: EXTREME Temperature Records SHATTERED Again | The Kyle Kulinski Show,Secular Talk,progressive,"called air conditioning. it's awesome, you know. it's a great cure for being super duper hot outside. being a first world country, amazing. it works out tremendously well because it turns out that if you have a really solid energy grid and you have the capacity, turn on that AC, you're living quite comfortably these days. you know what sucks Global poverty? you know it brings Global poverty decarbonization. so not only is he being smug and glib and dismissive, you know, like AC, AC exists, so owned, climate change wrecked, owned, bro, we got you. he's also leaning into, by the way, let's not do anything about this at all. definitely don't- uh, you know, move away from carbon and fossil fuels. definitely don't do that. so not only is he being glib and saying AC is the solution, bro, he's also saying: but definitely don't move to solar, definitely don't move to win, definitely don't move to nuclear, definitely don't move to geothermal, definitely don't do anything you can. definitely don't have an economic Revival where we get the inevitable patents in the field of green and renewable technology, where we can be the world leader in that thing and we can make tremendous amounts of money. definitely don't do any of that. stick in the previous ERA. this is like a dude saying: right after the invention of the car, bro, forget the car, horse and buggy bro, where my horse and buggy people at you want.",0.634,"[-1.51402690e-02  6.91704080e-02  6.03707172e-02  4.08897065e-02
  5.61479516e-02 -2.86443606e-02  6.85196295e-02 -1.98800135e-02
 -1.50514275e-01 -1.22607406e-02 -1.07326359e-02  1.39930053e-02
 -1.22955739e-02  1.27207744e-03  2.97665820e-02  3.63706425e-02
 -1.40153291e-02 -4.77271751e-02 -6.11615665e-02 -2.20770277e-02
 -2.04857700e-02  2.53303926e-02  5.18699817e-04 -4.88949083e-02
  2.12037060e-02  3.00042741e-02  7.79843563e-03  4.47373241e-02
 -4.99642789e-02  9.54728723e-02  4.09591794e-02 -2.24890793e-03
 -3.87818068e-02  6.04599863e-02  6.57980442e-02  8.51190463e-02
 -1.96827315e-02  4.41723736e-03 -2.76748296e-02 -1.09784771e-02
  9.42867715e-03 -1.21600270e-01 -6.44568121e-03  4.04979140e-02
 -8.03216845e-02  5.94581142e-02  1.14297736e-02 -2.73116827e-02
  2.89200656e-02 -5.52787408e-02  2.25860067e-02 -3.30469348e-02
 -2.44911443e-02 -7.15665743e-02  1.19994441e-02  6.60642460e-02
  3.61155942e-02 -1.11912526e-02 -1.90937258e-02 -1.82683095e-02
 -2.97730453e-02 -5.41157536e-02 -8.03308114e-02  5.14415931e-03
  6.00955449e-02 -1.10329548e-02  2.18001269e-02  6.70077726e-02
 -5.71395308e-02  4.27365191e-02 -1.56354848e-02 -2.26247869e-03
 -2.37633847e-03 -5.98649913e-03 -2.82108635e-02 -3.98063920e-02
 -2.17020418e-02  5.87140163e-03  1.23742804e-01  1.70558915e-02
  1.10623740e-01  5.03687337e-02 -7.26790503e-02 -8.29609483e-02
 -4.52751517e-02 -5.59241623e-02  4.50066198e-03 -6.35245070e-02
  9.57729891e-02 -2.70044915e-02 -1.25747323e-02 -3.24861482e-02
  9.21362042e-02  4.55429591e-02 -1.52555462e-02  8.25695172e-02
  1.14539778e-03 -1.57998968e-02 -1.05006889e-01  5.26986793e-02
  4.70872149e-02 -7.00627686e-03  2.00115386e-02  8.18209548e-04
 -4.00813520e-02 -6.10202253e-02  1.11670569e-02  8.09960216e-02
 -2.86985319e-02  7.21353292e-03 -9.41427574e-02 -1.33542623e-02
 -2.27765888e-02 -6.17589839e-02  4.29831520e-02  8.88084434e-03
  7.38470703e-02 -4.31505479e-02 -7.01015815e-02 -2.58118995e-02
 -1.59586892e-02  3.42928581e-02 -4.26815823e-02  1.35335416e-01
 -2.62035206e-02 -3.53846215e-02  6.23216107e-02  9.77644876e-34
  3.72143313e-02  1.26557603e-01  8.13316107e-02  4.06702198e-02
 -5.90409804e-03  7.07334653e-02 -3.34086046e-02 -4.56499197e-02
 -6.43925928e-03  4.82303388e-02  5.35098724e-02  8.43777731e-02
  8.65200534e-02  8.81123096e-02  4.06724811e-02 -9.75181311e-02
 -6.39541373e-02 -3.88507545e-02  5.48947528e-02 -1.93966422e-02
 -1.59103256e-02  3.93380821e-02  7.96570033e-02  2.45493720e-03
  3.71070728e-02 -7.03406483e-02  1.13989236e-02 -5.02633862e-02
  3.55510116e-02  6.52173208e-03 -7.04156458e-02  6.44513518e-02
 -9.31336209e-02 -1.48722213e-02 -1.96768753e-02 -5.28934747e-02
 -7.20205829e-02  9.33285523e-03 -7.59429261e-02 -2.21543107e-02
 -5.34855947e-02  6.22413531e-02 -4.09402736e-02  2.26258207e-02
  6.90064430e-02  5.33053614e-02  1.03868879e-01  9.53602605e-03
 -7.76282921e-02 -1.11064399e-02 -4.98842895e-02  5.33257388e-02
 -1.46345859e-02 -5.47499582e-02  8.61646049e-03 -5.52053750e-02
  3.15847546e-02 -1.11312373e-02  3.03316657e-02 -5.24309799e-02
  2.80241296e-02  4.91786189e-03 -4.80853487e-03 -7.68094230e-03
 -6.02382496e-02 -1.75892375e-02 -9.68057364e-02 -9.39806271e-03
 -2.79167071e-02  1.36230458e-02  3.97695750e-02 -1.21211018e-02
 -3.08826920e-02 -8.46537296e-03  2.82424800e-02 -1.07262759e-02
 -1.04106655e-02  5.46092428e-02 -9.49587971e-02 -9.12956819e-02
 -5.14902696e-02 -1.56172458e-02  7.82589912e-02 -2.64981203e-02
 -5.12758866e-02 -6.58197701e-02 -2.74349004e-02  4.37238291e-02
  6.46212175e-02 -7.77868880e-03 -4.68774661e-02 -8.19520466e-03
  9.34688970e-02  2.06111297e-02  2.32618931e-03 -2.04406474e-33
  5.47396578e-02 -7.80750951e-03  3.99835035e-02 -5.23532704e-02
  1.03542896e-03 -2.48695333e-02 -8.56164396e-02 -4.58377972e-02
 -2.12316681e-02 -8.72759335e-03 -6.32246817e-03  1.34157106e-01
  1.34597361e-01 -2.69621070e-02 -1.45875411e-02  2.98321852e-03
 -4.19944301e-02 -6.84000626e-02 -2.95527466e-02  4.34564650e-02
  3.34783345e-02  5.31485602e-02 -8.69568251e-03  1.19797708e-02
 -1.16635025e-01  2.51818150e-02 -2.57277163e-03  3.62194851e-02
  1.03956424e-01  2.41397265e-02 -5.08358590e-02  9.75756869e-02
 -2.79808845e-02  9.04381182e-03  3.25970165e-02 -1.72363762e-02
 -3.18652764e-02 -3.47920991e-02 -6.85144290e-02  5.67339249e-02
  6.77489042e-02 -9.91209000e-02 -3.79178040e-02 -4.80679646e-02
 -6.82632392e-03  7.77947763e-03  2.32385006e-02 -1.19012855e-02
 -7.49342963e-02 -4.81259003e-02  5.79087920e-02  2.01970842e-02
 -6.65192753e-02 -5.80318796e-04  1.33182462e-02 -6.24958985e-02
  3.51029038e-02  7.67533202e-03 -5.00685349e-02 -4.42702025e-02
  3.34220603e-02  2.04501096e-02  8.20819736e-02 -2.26262715e-02
  6.25102967e-03 -5.57767227e-03  6.59962883e-03 -1.70343369e-02
  9.06481817e-02  5.31849219e-03 -7.06419423e-02  6.85841718e-04
 -7.18268827e-02 -1.13070101e-01  6.47991449e-02  3.72095294e-02
  6.96450323e-02 -2.52223294e-02 -3.98948267e-02 -1.43777933e-02
 -4.59772088e-02 -3.69854867e-02  5.78022264e-02  1.83796715e-02
  4.54287641e-02 -2.00841259e-02 -5.94751164e-02 -1.28622487e-01
  1.47562735e-02  8.11980963e-02 -4.41532210e-02 -3.95955145e-02
  4.43865592e-03  9.46814343e-02  1.16967233e-02 -5.02086870e-08
 -3.32026742e-02  2.47934926e-02  6.34136572e-02 -1.29498532e-02
 -4.77841645e-02  3.65216434e-02  3.16018285e-03 -3.45114358e-02
  4.76842150e-02  5.77168912e-02 -1.79718528e-03  6.35838956e-02
  1.23379007e-01  1.95096359e-02 -1.71627086e-02 -6.58787042e-03
 -2.04766542e-02  7.13798329e-02 -3.56634296e-02  6.23597056e-02
 -2.33322699e-02  4.38338891e-02  1.64878480e-02  3.21713984e-02
  1.08968318e-02 -1.28190378e-02  5.63059449e-02  1.20676020e-02
  5.39247394e-02  2.30475776e-02 -5.07762469e-02 -1.16314832e-02
  6.26710709e-03 -5.15345894e-02 -1.16587738e-02 -2.04860754e-02
  8.84432122e-02 -5.46777109e-03  6.35390356e-03 -1.94546543e-02
 -6.76317662e-02  4.57514301e-02 -3.75677645e-02  2.58803926e-02
 -5.01249544e-02 -9.82855856e-02  2.38883849e-02  7.44938152e-03
  3.89755629e-02  7.87739679e-02 -1.10907946e-02  7.44625507e-03
  9.37488489e-03  1.03807328e-02  6.40787780e-02 -5.12673967e-02
 -8.99935365e-02  3.04110423e-02 -6.88254982e-02  5.64548485e-02
 -4.97171981e-03 -7.31764138e-02 -1.28121302e-01  2.14262661e-02]",False,False
CLIMATE COLLAPSE: EXTREME Temperature Records SHATTERED Again | The Kyle Kulinski Show,Secular Talk,progressive,"to get off the horse and the buggy. what's wrong with you? we've been doing it like this for so long. do you think we're gonna change it? let me also point out that, uh, the media always do this routine when it's very, very hot outside. they never, ever, cover it when it's cold. so it's funny. that is actually factually not true and he's going to get into this here. but they used to call it global warming, now they call it climate change. why do they call it climate change? well, the trend is still warming. you could see the line on the crab goes, like you know, basically straight up or up in a very clear way. but because of climate change, there are also just a massive increase of extreme weather events of all kinds across the board. so they do bring up when it's cold outside and in that instance, oftentimes they say, yeah, this potentially could be part of climate change. scientists are very careful when they talk because they want to make sure they're clear about something. so, and you can't say any one individual weather event is because of climate change, you can look at the pattern, you can look at the trend and then you can definitely say it's because climate change and yes, it includes extreme weather events on the other side too. yes, and that's not crazy, that's not stupid, that's not dumb. you're being professionally dense when.",0.856,"[ 2.46710368e-02  7.27115124e-02  1.76286921e-01  4.37357873e-02
  8.71301144e-02 -3.77685539e-02 -6.63697300e-03 -3.15476507e-02
  1.61935352e-02  2.42188107e-02 -9.84411836e-02 -8.28621313e-02
  4.94558997e-02 -1.22683467e-02 -2.24716421e-02  1.75221357e-02
 -7.54644275e-02 -1.53757893e-02 -3.65958065e-02  5.18935770e-02
 -6.57146424e-02  6.30524755e-02 -3.86818908e-02 -2.45864224e-02
 -1.16574518e-01 -5.21983057e-02 -5.84923942e-03 -1.11016922e-03
 -9.83113945e-02  1.01309620e-01 -1.04253311e-02  6.57680780e-02
 -5.37525900e-02  4.21336666e-03 -3.29024233e-02  3.58592346e-02
 -3.94354202e-02  1.46421930e-02 -5.74128628e-02  1.30549073e-01
  8.67540669e-03 -2.77056862e-02  2.75964849e-03 -5.40936403e-02
 -7.31028393e-02  1.55231589e-03 -3.86337563e-02 -1.28565365e-02
  1.35953734e-02 -2.55824253e-02 -6.54804409e-02 -3.19000371e-02
 -3.03456262e-02  2.59922864e-03 -4.65949066e-02 -7.40033314e-02
 -1.50012854e-03  3.79218347e-03  1.30298305e-02 -5.99273592e-02
  5.52240163e-02  2.17747260e-02 -4.74555083e-02  2.02589612e-02
  3.20595540e-02  6.27744645e-02 -2.64204927e-02  6.26216456e-02
  6.98799361e-03  5.74129820e-02 -3.77381034e-02  1.09074771e-01
  4.94407676e-02 -2.35822331e-02  3.27461436e-02 -1.00902803e-01
 -1.05673950e-02  7.44410902e-02  9.30980220e-02 -5.59565574e-02
  5.39838485e-02 -5.91294914e-02  1.66745391e-02 -1.37570053e-01
  2.28181593e-02  6.39233813e-02  2.60123843e-03  1.61407012e-02
  8.08385666e-03  5.90372533e-02 -4.24540676e-02 -9.22972411e-02
  3.71296071e-02 -1.99990589e-02 -9.93202999e-03  3.37305777e-02
 -1.21239936e-02  4.04822687e-03 -2.21683457e-02  2.06340849e-02
  3.47518846e-02  4.94884327e-04 -2.14883033e-02 -6.62539825e-02
  1.91140994e-02 -4.39443290e-02 -2.24816520e-02 -1.46709019e-02
 -2.22135559e-02  4.39759269e-02 -1.01104870e-01  4.60152067e-02
  9.61627811e-03 -5.37746884e-02 -2.59555485e-02  3.23015749e-02
 -5.13484217e-02 -2.94864438e-02 -4.05320786e-02 -5.90418279e-02
  3.02912258e-02  1.77845489e-02 -5.95456250e-02  8.96121934e-02
  5.71836084e-02 -4.02367711e-02 -4.93109087e-03  1.13649925e-33
  1.45756721e-01 -7.55148381e-03  5.29996343e-02  4.28910442e-02
  8.07991698e-02  3.79345603e-02 -1.32989407e-01 -6.29288778e-02
  2.20511816e-02  2.67911777e-02  1.05240410e-02  1.90748200e-02
  1.02749653e-02  6.47799484e-03  2.79228911e-02  5.41507229e-02
 -1.04210839e-01 -1.83263849e-02 -5.10707917e-03 -2.41507357e-03
 -5.54315969e-02 -2.05474049e-02  2.98640449e-02  3.48875150e-02
 -1.03751654e-02  1.02174543e-02  3.40403318e-02  1.15204109e-02
  3.28335306e-03  2.35857535e-02 -7.09616840e-02 -6.37157857e-02
 -2.90109068e-02 -8.03592335e-03  4.38913889e-02 -6.05033562e-02
  1.51055185e-02 -1.65724047e-02  8.69309064e-03 -2.43139341e-02
  6.94090500e-02 -4.40458469e-02 -3.13223265e-02  3.29712220e-02
  6.83015808e-02  1.35877319e-02  4.80989739e-02  3.51130180e-02
 -1.16938405e-01 -1.98619030e-02  7.50509128e-02  6.21701963e-02
  5.17245308e-02 -3.75343002e-02 -2.18322910e-02  4.08183038e-02
  5.74661158e-02 -7.59951547e-02 -5.31777404e-02 -5.54576218e-02
  4.72083054e-02  9.31662135e-03  2.63502654e-02 -2.30828169e-04
  5.38893305e-02  5.59834875e-02 -6.54818071e-03  8.25518891e-02
 -1.00579835e-01 -1.77309681e-02  4.79854830e-02 -2.64495537e-02
 -5.61830178e-02 -5.41284122e-02 -3.78292054e-02  3.31877451e-03
 -1.34233953e-02 -2.83901412e-02  8.52486864e-03  4.60689478e-02
 -4.02794080e-03  1.70701239e-02  5.62033169e-02 -5.20586595e-02
 -1.07022673e-01 -1.97737589e-02  7.80151486e-02  8.50869194e-02
  4.41694483e-02  9.72534642e-02 -1.31927980e-02 -2.18617152e-02
  3.89839299e-02 -3.84404557e-03 -1.33303897e-02 -3.51105212e-33
 -7.88623542e-02 -1.04041092e-01  2.30114838e-05 -3.09594944e-02
 -4.28512320e-02 -5.74023910e-02  2.77099689e-03 -2.76916232e-02
  4.17291597e-02 -5.97269014e-02 -4.94711511e-02  4.58969884e-02
 -1.44927646e-03 -6.35725558e-02  9.80765466e-03 -3.61582413e-02
  5.60821092e-04  2.57606283e-02 -4.49709632e-02 -6.56079501e-02
  2.55873310e-03 -7.82573670e-02 -4.29206491e-02  3.71184535e-02
 -1.23315766e-01  2.10730471e-02  8.40528756e-02  7.96963722e-02
  6.29535988e-02 -5.67441247e-02 -1.19146921e-01  4.67895344e-02
  7.29803229e-04 -1.65835284e-02 -4.25658189e-02  1.13143355e-01
  8.63437192e-04 -7.21156821e-02 -2.80036088e-02  5.39311068e-03
  9.80736967e-03 -3.85163426e-02 -5.16123623e-02 -7.80545771e-02
  2.41080206e-02  4.64653075e-02 -1.14173032e-02  5.71656153e-02
 -5.74249029e-02  2.82504577e-02  6.77714050e-02 -5.91641525e-03
 -3.39445509e-02 -1.61566306e-02  1.71823949e-02  4.88977209e-02
 -1.07817568e-01  2.61316709e-02 -2.95866318e-02 -2.65065413e-02
  9.61425528e-03  1.25542805e-02 -7.94512685e-03 -3.67329759e-03
  2.04769168e-02  1.16638709e-02 -1.14768185e-02 -5.92419431e-02
  3.83931287e-02  2.03051884e-02  4.17715162e-02 -1.95398927e-02
 -8.78754780e-02 -9.61092114e-02  7.27269202e-02  3.74134816e-02
 -6.64677620e-02 -3.33685651e-02 -1.67352371e-02  4.06664126e-02
 -5.58260754e-02 -5.57408296e-02  2.10869294e-02  6.58945665e-02
  1.79186347e-03  1.21958358e-02 -4.66562249e-02  3.32748517e-02
 -1.19965496e-02  4.46404107e-02  4.15583840e-04 -1.89525653e-02
 -1.02620579e-01  3.84457484e-02 -4.90252823e-02 -5.47998660e-08
  5.06991036e-02  3.16090807e-02 -1.47186480e-02  1.17236413e-02
  8.55324864e-02 -2.61814352e-02  3.63263302e-02 -2.47715618e-02
 -6.90951850e-03 -1.13592986e-02  2.92027909e-02  3.24358605e-02
  8.15663710e-02  6.32988662e-02  4.52018864e-02  2.58802734e-02
  3.46742906e-02 -6.18404113e-02 -5.46372682e-02 -4.66360524e-02
 -4.61150780e-02  5.57744987e-02 -2.06717029e-02  2.93936767e-02
  1.95499491e-02  1.04768835e-02  5.54298237e-03  9.90954563e-02
  5.98387942e-02  1.57901347e-02 -5.47226593e-02 -3.93361524e-02
 -7.56697580e-02 -1.96081027e-02 -6.74510840e-04 -3.29771638e-02
  1.47042945e-02  7.67820105e-02  1.25513986e-01 -1.75389741e-02
 -4.69165808e-03  6.90556467e-02 -3.12675089e-02  6.99906424e-02
 -5.43555506e-02 -1.13136694e-02 -2.03514956e-02  1.22951068e-01
  7.95893557e-03  3.82431410e-02 -3.43886428e-02 -7.79017294e-03
  4.14826861e-03  2.25995947e-02  2.95554218e-03  3.33772264e-02
 -1.18485382e-02 -1.87916700e-02 -5.47989598e-03  6.85701817e-02
 -7.53457621e-02 -2.91399658e-02 -9.96952876e-02  9.10186172e-02]",True,True
CLIMATE COLLAPSE: EXTREME Temperature Records SHATTERED Again | The Kyle Kulinski Show,Secular Talk,progressive,"you act like you don't understand that point. your freaking ivy league educated. you get the point people are making. you just don't agree with it. so you try to poke holes using facts and logic, but you end up falling on your ass. the media will say: well, you know, it's not global warming, it's not climate change. and the reason they changed the term from global warming to climate change is because the the climate in many cases is colder during the winters than it was before, so it's hotter during the summer since colder during the winters. they've called this climate weirding, but that doesn't really seem to go over all that way, so they call it climate change, which, of course, is an incredibly vague term because the climate is always changing. however, it is worth noting at this point that all of this folks, Millions- will die of the heat waves that are occurring on planet. oh my God. the ocean is so hot during the summer in Florida, okay. so, first of all, it is hot this summer in Florida also. it's not like every summer in Florida. I've been to Florida. it's really really hot and humid, like I noticed when I first visited here several years ago, and we moved anyway because air conditioning exists. so he's like poo pooing the idea that people will die because of climate change. well, I hate to tell you, Ben, but there's this thing called.",0.901,"[ 2.12383457e-02 -5.03992513e-02  1.39126956e-01  6.08849339e-02
  8.41080621e-02  5.98090841e-03 -2.08394043e-02 -5.38507476e-02
  3.61111239e-02  9.09882411e-02  1.98195111e-02 -2.88692266e-02
  3.51703912e-02  9.07494873e-03  1.33113964e-02  1.52604477e-02
 -8.52035061e-02  1.16357440e-02 -7.95571953e-02 -5.93985012e-03
  1.31597482e-02  5.93840107e-02 -1.97183900e-02  4.67256345e-02
 -7.67892525e-02 -2.46299841e-02 -4.91764471e-02  9.55718681e-02
 -9.73326340e-02  1.00683428e-01 -1.91526804e-02  1.19352303e-01
 -6.49535134e-02  3.11232544e-02 -1.26742944e-03 -1.46010257e-02
 -5.21010607e-02  8.02796707e-03 -4.95540574e-02  3.87828052e-02
 -1.00662084e-02 -8.23363662e-03  7.79421767e-03 -8.54588114e-03
 -5.67176715e-02  3.95189114e-02 -5.94919249e-02  6.94232434e-02
 -1.38843739e-02  3.42213054e-04 -4.74354811e-02  5.04225418e-02
 -9.11831707e-02 -6.09018840e-02 -6.32594749e-02 -1.88622084e-02
  6.48120046e-02  1.53307831e-02  3.26495655e-02  1.41016897e-02
  4.04260978e-02 -1.86979678e-02 -5.12288921e-02  2.60966010e-02
  3.80712971e-02  9.03487355e-02  3.06367269e-03  5.95249087e-02
 -1.31869921e-02 -1.26864137e-02 -4.12167273e-02  5.44678718e-02
  7.59858936e-02 -4.48533334e-03 -2.42017838e-03 -3.41914594e-02
 -2.22309157e-02  9.36285779e-02  1.33438677e-01  5.19156083e-02
  8.09360668e-02 -2.72473693e-02  3.09786219e-02 -5.96001856e-02
  8.34386609e-03 -4.37480211e-02  3.43149044e-02  7.15404004e-03
  6.22764826e-02  2.40367055e-02 -5.92326634e-02 -1.12305619e-01
  4.96590957e-02  7.73593560e-02 -5.28607192e-03  6.84485510e-02
 -2.53505446e-02 -2.36421190e-02  5.84258977e-03 -4.84127440e-02
 -2.54617184e-02 -3.57582420e-02  3.76484753e-03 -2.32196003e-02
  2.57611834e-02 -1.28369173e-02  5.84195275e-03 -1.53378481e-02
 -3.93036604e-02 -4.92982864e-02 -9.87405106e-02  3.46605219e-02
  4.78227111e-03 -3.07228100e-02  4.10141610e-02 -1.55690461e-02
  7.44570270e-02  3.90689634e-02 -3.74080949e-02 -8.24953150e-03
 -5.58580495e-02  1.52546894e-02 -6.85443059e-02  5.75998873e-02
  1.16782624e-03 -2.88153309e-02 -1.49561753e-02  4.43364602e-34
  1.00565292e-01  5.98032996e-02  6.56588748e-02  2.90168878e-02
  8.95894039e-03  1.89370848e-02 -1.72309075e-02 -4.00285656e-03
  9.39944468e-04 -1.69040188e-02  4.29500155e-02  3.10527384e-02
  4.54320479e-03  4.29206118e-02  3.76637420e-03 -2.54672635e-02
 -6.56109080e-02 -5.52821299e-03 -8.15815106e-03  9.33932364e-02
 -5.34166135e-02  3.99775244e-02  9.24320519e-02 -1.95615496e-02
 -8.34259763e-02  1.14023816e-02  1.78436991e-02 -8.81500170e-03
 -2.80156881e-02  1.00171743e-02 -1.31681617e-02 -6.43060133e-02
 -3.42284888e-02  1.77970957e-02  4.27548587e-02 -1.42524973e-01
  9.47730690e-02 -4.07264149e-03  2.03940133e-03 -8.80669244e-03
 -2.80451570e-02 -1.16698733e-02 -6.27281666e-02  2.36849170e-02
  7.01837018e-02  4.83942889e-02  5.30709103e-02  8.30614101e-03
 -8.21987242e-02  6.30517825e-02 -2.76261978e-02  3.75925973e-02
  1.95131693e-02 -5.50423935e-02 -2.16992777e-02  3.48557979e-02
  2.26550978e-02 -1.94330588e-02 -3.48708928e-02 -8.25453028e-02
  2.88204337e-03  3.29921953e-02 -1.86990742e-02 -1.83264943e-04
  5.51403128e-03  5.32704890e-02 -2.91984007e-02 -2.75056413e-03
 -4.79956716e-03 -7.22562708e-03  5.97070009e-02  3.71839888e-02
  5.77581674e-03  3.45480330e-02  6.49921596e-02 -7.59112649e-03
  3.69214974e-02  1.24514522e-02  1.33718634e-02  3.27899866e-02
 -3.30081657e-02  4.78212647e-02  6.73202127e-02 -6.77393302e-02
 -7.49038681e-02 -1.12810701e-01  3.07467598e-02  8.16558301e-02
  1.39956549e-01  1.38228331e-02 -3.97793055e-02 -5.49120344e-02
  6.48578331e-02  2.48021260e-02  1.28688442e-03 -1.44810067e-33
 -5.60897775e-02  2.81336578e-03  1.15514640e-03 -1.41691575e-02
 -8.27218965e-02 -7.79622272e-02 -6.91412762e-02  8.91616847e-03
 -1.95798976e-03 -7.19685033e-02  2.08803173e-02  1.75992381e-02
  2.11335439e-02 -4.62527014e-02 -2.31321380e-02 -4.42412868e-02
  7.22943293e-03 -1.04558012e-02 -1.10266581e-01  4.38974798e-03
 -4.53657955e-02 -5.81926964e-02 -4.96213771e-02  4.31177318e-02
 -8.08990300e-02 -6.53344207e-03  2.91748382e-02  3.20366099e-02
  6.05002902e-02  2.48448402e-02 -9.22809467e-02  1.07385889e-01
  8.98796320e-03  1.42980588e-03 -5.98016009e-02  1.50231412e-02
  2.76951697e-02 -2.26206072e-02 -7.30791539e-02 -3.17301974e-02
  1.26206141e-04 -1.13111697e-01 -3.81799228e-03 -1.35990888e-01
  2.82644276e-02 -3.59070972e-02  1.42963286e-02  7.41802379e-02
 -2.92923301e-02  6.00630678e-02  7.03109894e-03 -5.92763461e-02
 -5.20913340e-02 -3.13034691e-02 -5.37375081e-03 -6.55290810e-03
 -2.71785986e-02  1.07963281e-02 -1.18574023e-01  6.10466637e-02
  8.43545273e-02 -8.53003655e-03  2.16286094e-03 -3.24209407e-02
  7.15981275e-02 -4.13968004e-02 -6.50575459e-02 -6.68887049e-02
  3.95714305e-02  4.65061851e-02 -3.53854448e-02 -2.98827644e-02
 -1.39585316e-01 -7.85601065e-02  9.12444815e-02  9.93516762e-03
 -7.80330002e-02 -5.37314005e-02 -3.98184583e-02  5.73271960e-02
 -1.90398321e-02 -1.98025424e-02  3.80559973e-02  3.83307524e-02
  3.03015076e-02 -2.39607692e-02 -4.13387362e-03 -4.36280109e-02
 -3.90522107e-02  3.14990357e-02 -5.43307066e-02  1.52723258e-02
 -1.09501854e-01  5.04988953e-02 -8.86345953e-02 -5.33801554e-08
  7.49683008e-02  7.51916468e-02  1.40906135e-02  2.30874084e-02
  1.96848083e-02 -5.86361960e-02  1.21552274e-02 -4.59908172e-02
  1.04281776e-01  2.63497513e-02  8.61408114e-02  3.39809284e-02
  1.30181402e-01  2.27308907e-02 -2.59787496e-02  4.88458946e-02
  3.48873585e-02 -6.94018677e-02  1.07391197e-02  1.92674994e-02
 -1.78801604e-02  4.70103361e-02  2.42605824e-02  5.77517524e-02
  8.57586712e-02 -7.86104333e-03  2.97183935e-02  1.13983072e-01
  1.98395625e-02 -1.86894964e-02 -2.74596196e-02 -8.43792707e-02
  1.93240233e-02  2.16410635e-03 -5.36284745e-02 -8.83087069e-02
  6.56221583e-02  7.37295002e-02  3.66578363e-02  2.47617569e-02
 -7.46152084e-03  4.54352386e-02 -3.26350294e-02  4.56793383e-02
  3.15386429e-02 -1.94536224e-02  6.54661888e-03  4.35388312e-02
 -3.90678942e-02  4.94061075e-02 -3.43459956e-02 -1.56410448e-02
 -5.39728031e-02 -2.39165816e-02  2.56398972e-02 -1.18538393e-02
 -2.77022384e-02 -8.33828934e-03  1.08293165e-02  2.84394268e-02
 -4.14388888e-02 -7.50613585e-02 -9.05957520e-02  6.75054714e-02]",False,False
CLIMATE COLLAPSE: EXTREME Temperature Records SHATTERED Again | The Kyle Kulinski Show,Secular Talk,progressive,"drought. there's this thing called famine. there's this thing called uh many fresh water resources running out, where we'll eventually have wars over water. there's this thing called the Middle East will at some point be uninhabitable because it's too hot. who knows, maybe places like Phoenix, Arizona will be uninhabitable- and they also sold a lot of their water to freaking Saudi Arabia, by the way, seems like a bad idea given the current place we're in. you got all these problems and he just swats them aside. we have AC. yeah well, thank you, Ben, for using your big brain like I get it, dude. you're conservative, I get it. I get it. I get it. but when you're so ideological and you're so married to your, your politics that you just disregard or ignore or SWAT aside empirical facts about reality, I mean it there. you can't call that anything but dishonest. you can't, you can't do it. so you know it used to be the case that these guys had climate change isn't happening. now it's like: okay, it's happening, but it's natural, it's gonna happen no matter what. okay, it's happening, but it's a good thing. they keep like moving the goal posts and now we're at the point where he's just like threw his hands up in the air. he's like: I don't know. whatever it is, what it is, AC exists. get over it. that's not good. that's not a serious way of.",0.619,"[-3.04010548e-02  2.93188188e-02  7.52496049e-02  4.20897566e-02
  8.64376500e-02  2.36667437e-03  1.29852612e-02 -6.76378235e-02
  1.26561839e-02  2.81165121e-03 -5.28342053e-02  1.70446206e-02
  6.46093190e-02 -9.60832462e-03 -6.44961521e-02  6.07406311e-02
 -6.28631040e-02 -4.75287065e-02 -1.06638953e-01  4.86050025e-02
 -2.34892592e-02  3.63953859e-02  1.21055683e-02  3.20942663e-02
  2.89881229e-03  4.27680053e-02  1.16578545e-02  3.99095453e-02
 -1.31671533e-01  4.10629138e-02  1.06162757e-01  2.53697354e-02
 -5.16357385e-02 -1.02616288e-03  5.74713647e-02  3.86754610e-02
 -5.28856181e-02  3.82739939e-02  6.51919395e-02 -4.68349122e-02
  1.14699811e-01 -6.86318278e-02  7.38279819e-02  1.95879377e-02
 -3.39010656e-02  3.86013016e-02 -2.60006525e-02  2.11988799e-02
  4.72497754e-02 -3.18769924e-02 -4.37664874e-02 -5.12390630e-03
 -4.16740216e-02 -7.09786415e-02  3.23453099e-02 -3.82083245e-02
  8.46074149e-02  4.55387123e-02 -4.40009646e-02  3.12837176e-02
  4.61367145e-02 -4.85251583e-02 -5.50273582e-02  3.02060675e-02
  8.66806787e-03  3.55965272e-02  2.31332108e-02  8.31831545e-02
 -6.06585033e-02  4.62862253e-02 -5.11814393e-02  1.21703856e-01
 -4.62432066e-03 -4.77101430e-02  2.83604464e-03 -8.86303782e-02
 -2.40321979e-02  2.33993065e-02  5.21510467e-02 -4.66777496e-02
  1.81843545e-02  3.45411189e-02  4.12294045e-02 -6.43330738e-02
  1.49180656e-02 -1.90382525e-02  7.46388584e-02 -7.38630220e-02
  1.47669613e-01 -2.39655916e-02 -9.65807885e-02 -5.43761067e-02
  9.91630405e-02  9.09549184e-03  4.50015962e-02  1.75520685e-02
  3.52228433e-02 -3.11913881e-02 -1.12383701e-01  7.45161697e-02
  5.36157563e-02 -4.73275892e-02 -3.37121338e-02 -8.84627849e-02
  5.16602658e-02 -3.32743712e-02 -5.96953891e-02  2.64595244e-02
 -9.05654728e-02 -2.85864137e-02 -9.49128643e-02 -4.75964099e-02
 -2.83159185e-02 -2.79821251e-02  3.33932415e-02 -6.94754198e-02
  3.27511169e-02 -8.44998807e-02 -2.25009434e-02 -2.71549169e-02
 -7.40686804e-02 -4.55437321e-03 -7.27295652e-02  1.15049720e-01
  8.34671482e-02 -6.09329864e-02  5.21192513e-03 -9.36480533e-34
  7.89825171e-02  1.19114760e-02  2.28377637e-02  7.11767524e-02
 -2.42676996e-02  7.18247816e-02 -8.32200497e-02 -1.88627541e-02
 -5.92357032e-02 -2.42465292e-03  2.23629046e-02  7.23551810e-02
  2.25785635e-02  5.70849553e-02  1.68992218e-03 -7.67370015e-02
 -6.36760220e-02 -5.54807335e-02  5.14185727e-02 -1.93547048e-02
 -3.44267972e-02 -2.72751041e-02  1.09064505e-02 -1.12961987e-02
  9.65470634e-03 -6.65447190e-02  3.35232727e-02  4.81430441e-02
 -1.07329129e-03  9.51856747e-03 -7.12796971e-02  5.95365353e-02
  2.35968214e-02  2.81292163e-02 -1.60485897e-02 -5.86298071e-02
 -9.87804495e-03 -1.35294460e-02 -6.11594841e-02  1.02610770e-03
 -1.20164165e-02  7.61076584e-02 -1.14303678e-02  2.49673333e-02
  6.36235997e-02 -1.44452592e-02  1.06537014e-01  5.13849407e-02
 -7.93118849e-02 -1.42540513e-02 -1.00093018e-02  1.17750466e-01
  9.03098509e-02 -4.03220542e-02 -5.02005182e-02 -7.40816295e-02
 -3.30762938e-02  7.19881384e-04 -3.16764601e-02 -8.97386745e-02
  5.31677343e-02  9.44128353e-03 -2.97578573e-02  3.08259651e-02
 -3.62783149e-02  9.45516583e-03 -8.44071582e-02  1.71543695e-02
  2.30466435e-03  3.73350494e-02  4.95527312e-02 -3.59087624e-03
 -2.71661654e-02  3.84856425e-02  1.68928783e-02  2.14960184e-02
 -2.33779550e-02 -4.16403078e-02 -5.08810356e-02 -2.61660106e-02
  1.27125019e-02 -1.11653833e-02  3.76856402e-02  1.97290294e-02
 -1.04511932e-01 -5.04169762e-02  7.15215132e-03  1.24121020e-02
  5.83328456e-02 -4.46297713e-02 -8.67683813e-02  3.08810920e-02
  1.26861677e-01 -4.76289317e-02  2.33453084e-02 -2.58294625e-33
  8.31643399e-03  8.66363384e-03  1.94358770e-02 -1.27115159e-03
  7.62182176e-02  1.99335795e-02  1.77230854e-02 -1.07890964e-02
 -8.81859276e-04 -3.00585404e-02  2.30343416e-02  3.65307964e-02
  2.69790180e-02 -7.84835443e-02  3.35600064e-03 -2.91409139e-02
 -2.59028226e-02 -5.95285231e-03 -2.81658880e-02 -3.04661207e-02
  3.02086193e-02  5.87644950e-02 -3.16902697e-02  3.86407301e-02
 -9.36433375e-02  1.65948085e-02  1.31916041e-02 -4.41520736e-02
  3.19898799e-02  2.38251109e-02 -8.68645981e-02  2.08955444e-02
 -5.40475734e-02  4.03522700e-02 -2.62455549e-02  4.69207168e-02
 -8.15175548e-02 -5.37462570e-02 -1.27156794e-01 -5.77013800e-03
  1.88973956e-02 -9.46477801e-02 -7.23105622e-03 -7.80346617e-02
 -8.78749602e-03  3.89880571e-03  1.62564162e-02  6.61586551e-03
  2.06031259e-02 -1.22762900e-02  2.31394805e-02 -5.34404218e-02
 -8.56898818e-03  1.20197926e-02  1.91008337e-02 -5.67135029e-02
 -4.62458376e-03  2.42852233e-03 -3.17075625e-02  9.89443529e-03
 -1.02857143e-01 -1.08436290e-02  7.94048160e-02 -1.88848507e-02
 -1.22899367e-02  7.72469153e-04 -1.80142205e-02 -1.74840521e-02
  1.17428862e-01  5.97061887e-02  3.93620785e-03 -4.19240221e-02
 -7.93844759e-02 -6.59284219e-02  1.46990821e-01  1.08136833e-01
 -6.70646057e-02  3.98320258e-02 -9.26479325e-02  1.72195630e-03
  4.35286984e-02 -3.14543098e-02  2.56356560e-02  2.95808930e-02
  5.53294085e-02  1.18158497e-02 -1.36431213e-02 -6.98633566e-02
  3.16607356e-02  1.04750045e-01 -4.40303348e-02 -5.80809191e-02
 -5.84973134e-02  3.36202569e-02 -4.41131294e-02 -6.29483523e-08
  5.43397181e-02 -2.52540689e-03 -1.80745497e-02  9.34821740e-03
  3.66149805e-02 -2.25721579e-02 -1.86095890e-02 -2.46091131e-02
  9.32359428e-04  1.60209164e-02  2.85309721e-02  2.87255570e-02
  1.97134800e-02  9.86196846e-02 -5.44779338e-02  7.33297542e-02
 -1.79199353e-02 -5.78874089e-02 -1.69981066e-02 -1.52851287e-02
 -7.23769665e-02 -4.10923921e-02 -4.07845490e-02  3.76373753e-02
  4.47794981e-02  4.03870866e-02 -5.84725402e-02  5.27467243e-02
  5.14961220e-02  9.01953429e-02  5.67845851e-02 -6.29289895e-02
 -8.14175755e-02 -2.54714396e-02 -4.81964648e-02 -2.26251706e-02
 -6.08479306e-02  5.24217673e-02  2.39287522e-02  2.00807489e-02
 -1.56200444e-02  7.81523287e-02  3.43449451e-02  2.70980247e-03
  3.41756605e-02 -3.20193246e-02 -1.95504688e-02  1.74498186e-02
 -2.12177020e-02  4.35949378e-02 -9.11053177e-03  2.89941952e-02
 -2.85643358e-02  8.28212947e-02  8.88049901e-02 -4.00969945e-02
  3.56989051e-03 -2.33793072e-02 -4.02231179e-02  2.64523607e-02
  2.25821342e-02 -3.89157869e-02 -8.17954764e-02  1.70622825e-05]",True,False
Ocean Current COLLAPSING In Nightmare Scenario | The Kyle Kulinski Show,Secular Talk,progressive,"every day I learn a new fact. that scares the crap out of me when it comes to climate. so this is an axios. a new study says a key Atlantic Ocean circulation could shut down by mid century. so here's a little picture of it here: the way the circulation works in the Atlantic. it's actually really interesting. a key element driving the Atlantic Ocean May dramatically dramatically slow down and then turn off completely during the next few decades. a new study finds the circulation known as the Atlantic meritonial Meridian overturning circulation, or the amok. amoc includes the Gulf Stream, part of a global conveyor belt that moves water around the world. the amok helps to regulate everything from the rate of sea level rise on the east coast to Europe's average temperatures. a sudden shutdown of this ocean current, which the new study shows could occur during mid-century or between 2025 and 2095, was part of the plot of the 2004 disaster film The Day After Tomorrow. do you guys remember that movie? We're literally now bringing about in reality Day After Tomorrow stuff. the research published Tuesday in the journal Nature Communications uses statistical methods to tease out early warning signals of an amok collapse, including a Slowdown in the current and increasing variability. the findings also suggest the shutdown may happen sooner than previously thought and perhaps within many people's lifetimes. a breakdown would likely be potentially irreversible and would Mark a major Tipping.",0.987,"[-6.53216019e-02  5.19571975e-02  5.98510653e-02  6.72591105e-02
  6.99179694e-02 -8.61797035e-02 -9.05201137e-02  1.32398948e-03
  5.49077988e-02  1.45225301e-02 -4.32727933e-02  4.38841507e-02
 -3.08420006e-02  6.72694668e-02 -4.33545522e-02  4.64607142e-02
 -4.02889140e-02 -2.80699991e-02 -9.33794007e-02  5.71640469e-02
  2.24897005e-02  6.56608269e-02 -3.63967307e-02  5.02789691e-02
 -7.31915683e-02 -1.73812080e-02  3.03537189e-03 -2.27586855e-03
 -8.06996077e-02  3.71156335e-02 -8.09536874e-02  5.55974767e-02
 -7.48371705e-02  3.40615809e-02  4.42447054e-04  5.55685349e-02
  7.07254559e-02 -6.31766859e-03 -2.42050774e-02  6.15219995e-02
  3.28686647e-02 -1.02920800e-01  5.13790324e-02  5.64549379e-02
 -1.23779308e-02  6.53147027e-02  1.69455743e-04  1.07799759e-02
 -3.47197354e-02  6.06787242e-02 -4.91034351e-02 -1.93970278e-02
 -6.04018383e-02 -5.60852289e-02 -2.50726449e-03  5.03507182e-02
  2.56277882e-02 -2.77377460e-02  3.41008883e-03  2.87850741e-02
  5.19911014e-02 -6.44590007e-03 -3.36891562e-02  2.40401085e-02
  1.37009481e-02 -1.43573212e-03 -1.07371919e-02  4.71617691e-02
 -1.16457799e-02  1.03705417e-04 -6.36839680e-03  1.03151286e-02
  4.09655720e-02 -3.83728556e-02  5.76419458e-02 -7.95313681e-04
 -3.20416056e-02 -3.45547535e-02  3.69377360e-02 -3.71659845e-02
  1.13113321e-01 -4.60646227e-02  1.52730606e-02 -4.67792414e-02
  2.02706223e-03  1.18137971e-02  5.27011566e-02  1.78726371e-02
  3.11403181e-02  3.15185338e-02 -1.01334065e-01 -1.00910440e-01
 -4.27293358e-03  1.31778596e-02  6.65349066e-02  2.30831988e-02
 -8.57568998e-03  2.73843501e-02 -3.94355021e-02 -3.55126872e-03
  4.95366342e-02  5.33410981e-02 -5.83812408e-03 -2.40553766e-02
  5.42756803e-02 -5.46004847e-02  4.11126167e-02 -8.58972501e-03
 -1.05998674e-02 -3.42861228e-02 -1.00217558e-01  1.23259909e-02
 -1.02275917e-02 -9.47463736e-02  6.56039789e-02  4.17541824e-02
 -3.38771055e-03  2.94306744e-02  1.24561805e-02  1.08873593e-02
  7.50158355e-03  1.82946883e-02 -1.46821430e-02  3.54985334e-02
  6.72781989e-02  1.05677851e-01  7.63246417e-02  3.77747718e-33
  2.56146621e-02  2.05148291e-02 -4.69959527e-02  9.70794335e-02
  1.44452015e-02 -5.53755648e-03 -3.03769168e-02 -1.00254649e-02
 -2.84588020e-02 -2.03640163e-02 -1.64017826e-02  3.55319642e-02
 -7.56499171e-02  1.00554146e-01 -2.75290255e-02 -9.32449326e-02
  3.31470533e-03 -7.57150073e-03 -1.60590634e-02 -1.38773704e-02
 -2.09857151e-03 -2.48667672e-02  1.42123336e-02 -1.40399277e-01
 -1.50318653e-03 -1.27487099e-02 -1.21594192e-02  6.83460161e-02
 -4.55202386e-02  2.46343352e-02 -3.19084339e-03  4.00608107e-02
 -7.08397329e-02 -2.26924494e-02 -3.08600701e-02 -3.29049043e-02
 -4.72900644e-02 -5.26043996e-02  1.01387706e-02 -2.28402466e-02
 -3.96260284e-02  8.05322379e-02 -1.25236273e-01 -1.86307263e-02
  1.48225566e-02 -4.46670428e-02  1.02712467e-01  6.94914535e-02
  1.59833729e-02 -3.76801044e-02  2.31366809e-02  1.67486109e-02
 -2.91111078e-02 -7.88024664e-02 -2.51810420e-02  1.51329497e-02
  8.15935316e-04 -3.94909605e-02 -2.33330317e-02 -1.23396199e-02
 -2.42621638e-03  2.88409479e-02  1.65080912e-02 -5.59128635e-02
  2.40427814e-02  1.15912259e-01  3.00846826e-02  3.96861397e-02
 -7.33992010e-02  2.06919070e-02 -2.27353610e-02 -3.22744176e-02
 -2.62937974e-02 -6.41624108e-02 -4.68407851e-03  7.37207085e-02
  1.61229700e-01  2.72029713e-02 -8.56419839e-03  1.41198449e-02
  6.65627643e-02  3.77792312e-04  1.19046517e-01 -4.08514030e-02
  9.01745353e-03  3.91713120e-02  6.60618767e-02  2.08771303e-02
  3.27622592e-02  1.92660093e-02 -4.53687683e-02 -6.54598922e-02
  4.95515428e-02  2.42978334e-02 -4.82016206e-02 -3.77352127e-33
  3.13559361e-02 -7.64166936e-03 -1.33761525e-01  7.84703344e-03
 -4.92918342e-02 -8.79093036e-02 -1.68198487e-03 -1.20812934e-03
 -2.59678662e-02 -1.00490786e-01 -4.59906831e-02  1.30228382e-02
  8.25296640e-02 -8.34497530e-03 -2.31924672e-02 -1.15665622e-01
  1.03092927e-03  6.09161751e-03  1.30197536e-02  4.57917899e-03
 -1.80477723e-02 -9.06700641e-02 -7.39775002e-02 -2.20396947e-02
 -6.84383661e-02  5.12602478e-02  6.38861768e-03 -5.40561974e-03
 -4.86892387e-02 -6.12072684e-02 -3.30303460e-02  1.77086610e-02
  1.61918569e-02  6.71262946e-03 -1.32506236e-01  7.65445977e-02
 -1.20362882e-02 -7.49991313e-02 -2.34477948e-02 -2.22286731e-02
  3.42320674e-03  2.96301786e-02 -3.48570012e-02 -5.30839413e-02
 -4.97708991e-02  7.90642276e-02 -1.33055486e-02  1.29899800e-01
  2.25675721e-02  1.45784421e-02 -5.07366322e-02  3.67652508e-03
 -6.75519370e-03  2.68237684e-02  3.92007157e-02  6.94705695e-02
 -3.93072725e-04 -6.20349124e-02 -6.89691529e-02 -8.05216841e-03
 -6.19414151e-02 -1.93275488e-03 -2.70223878e-02 -9.54305306e-02
  4.59321178e-02 -3.18390243e-02 -1.62217151e-02  2.25225165e-02
 -1.74539704e-02  7.75672048e-02  1.14000507e-01  5.56240045e-02
 -1.40419766e-01 -9.32614356e-02  6.78324923e-02  1.88654009e-02
 -2.53381263e-02 -3.81375328e-02 -9.89774093e-02  6.05437867e-02
 -6.72466308e-02 -2.29881629e-02 -1.84072107e-02 -7.54675781e-03
  2.17508362e-03  6.88070711e-03  1.87162515e-02 -1.32943159e-02
  1.05427271e-02  4.54752520e-02 -7.12206438e-02  4.45726663e-02
 -1.61689520e-01  4.97649610e-02 -4.63909563e-03 -5.63937448e-08
  3.82558294e-02  7.39417896e-02  7.08048269e-02  1.73794162e-02
  1.96022615e-02 -4.98157851e-02  8.16864520e-02  9.92240012e-02
  2.70098206e-02  4.48427238e-02  1.76210832e-02  2.97683999e-02
  7.08002672e-02 -4.53230143e-02 -1.49809923e-02 -1.22272940e-02
  2.72795651e-02 -2.26960033e-02 -1.38356676e-02 -4.39676158e-02
  6.76169693e-02  2.57667317e-03  4.69939746e-02 -3.58036458e-02
  8.30448419e-02  1.62372924e-02  5.44917807e-02  9.53259617e-02
 -3.11906766e-02  3.82185839e-02 -2.73310468e-02 -5.58636487e-02
  3.08605433e-02 -6.11989275e-02 -1.64481029e-02  1.49809411e-02
 -1.32475672e-02  9.35152397e-02 -2.13055313e-02 -1.85110178e-02
  1.50998039e-02  2.91515905e-02 -2.77798977e-02  8.91019329e-02
  2.52073724e-02  2.24676318e-02 -6.68296404e-03  3.55862789e-02
 -1.10858111e-02  5.33143021e-02 -2.93441229e-02 -1.98378824e-02
  4.01940867e-02  1.20603025e-01  8.28778222e-02 -1.13820406e-02
 -6.47194684e-02  1.88523829e-02 -2.53187269e-02  5.22924401e-02
 -2.72035468e-02 -6.00169040e-02 -9.44187269e-02  2.03509089e-02]",False,False
Ocean Current COLLAPSING In Nightmare Scenario | The Kyle Kulinski Show,Secular Talk,progressive,"Point: critical thresholds in Earth's climate system that, when crossed, will usher in severe changes. climate models indicate that an abrupt stop could trigger extreme cooling across parts of the northern hemisphere. rainfall patterns around the world would be disrupted and major floods and storms would increase, leading to further sea level rise in the North Atlantic Basin, among other effects, they say when they talk about extreme cooling. I saw this in a different article on the same topic. they say that, uh, in like, like the UK, for example, northern Europe sort of area that that would go into to extreme cooling. now I'm sure if slash, when that happens, you'll have a conservative turn around and say whatever, I thought it was global warming and look, there's massive cooling going on here. no, the reason why they changed the terminology to climate change is to be more accurate, because the fact of the matter is, even though the trend over time is warming- and that line is very clear- the climate truly is warming. the weather even is warming. it's true that you're going to have all sorts of issues pop up with severe weather on both ends of the spectrum, and this is one of those things. as a direct result of climate change, this circulation could stop and then you'll have some places that get super freaking cold. totally Haywire, our system's gone. totally Haywire. we're talking about drought. we're talking about famine, we're talking.",0.998,"[-2.61991639e-02 -1.22537026e-02  1.38896152e-01  4.40551490e-02
  4.88603786e-02 -2.39866842e-02 -1.05872586e-01  5.27284853e-02
  1.55148581e-02  4.64483947e-02 -5.14489822e-02 -2.71056741e-02
  1.06211891e-02  1.46162063e-02  4.41281162e-02 -8.70334730e-03
 -1.34367226e-02 -4.37290221e-02 -5.69351614e-02  2.95802485e-02
 -2.55559315e-03  6.92216158e-02 -6.90476298e-02  4.28403355e-02
 -1.14714086e-01 -3.41626331e-02 -4.20922562e-02  7.23451152e-02
 -7.97046199e-02  9.11251754e-02 -1.90137271e-02  4.02249582e-02
 -3.17872688e-02  1.87932570e-02 -2.03093141e-02  1.96638871e-02
  9.43230838e-03  3.37900445e-02 -1.02035142e-02  9.19235870e-03
 -2.57502161e-02 -6.36576265e-02 -4.90232259e-02 -2.85816044e-02
  1.38832154e-02  2.50092633e-02 -2.39527468e-02  4.20467630e-02
 -1.20100208e-01 -6.74047787e-03  6.49918802e-03  1.79432984e-02
 -4.11866046e-02  1.57830436e-02 -5.53456880e-02  1.68598611e-02
  2.81971768e-02 -1.49197294e-03  8.14499706e-03  4.52123284e-02
 -5.55926040e-02 -1.12703284e-02 -9.02861655e-02 -1.86897051e-02
  1.20365493e-01  2.67751329e-02 -1.61041711e-02  4.48691472e-02
  4.80088452e-03  5.46546578e-02 -1.22462716e-02  2.37652268e-02
  5.32809384e-02 -5.67154363e-02  5.34064509e-02 -2.23775823e-02
 -5.58987334e-02  2.85215341e-02  5.03824726e-02 -1.86922569e-02
  1.22338884e-01 -9.68602579e-03  5.96113317e-02 -1.24882542e-01
 -3.98217589e-02 -1.02440240e-02  8.51977468e-02 -1.39981220e-02
  7.14974552e-02 -1.54838478e-02 -2.79554110e-02 -9.26000103e-02
  9.56108496e-02  6.41601980e-02  3.19207720e-02  1.11312665e-01
 -1.27303705e-03 -5.41883484e-02  3.31633501e-02 -5.38299792e-02
  2.04634350e-02 -6.82920516e-02  6.92381198e-03 -3.92415561e-02
  4.87615541e-02 -4.73729782e-02 -1.99870747e-02 -4.41498794e-02
 -1.07073197e-02 -8.77865627e-02 -9.31515619e-02  3.05684116e-02
 -1.02168694e-02 -9.32924226e-02  6.07732981e-02 -2.70733070e-02
  1.91869084e-02  4.85487841e-02 -5.80416643e-04 -4.66547208e-03
 -3.35893668e-02  5.91492429e-02 -3.20225246e-02  9.14295092e-02
  5.97230233e-02  7.44104683e-02 -1.71097200e-02  2.14915044e-33
  1.13711938e-01 -4.21728147e-03 -2.89608799e-02  6.63017556e-02
  3.65635082e-02 -1.87326560e-03 -5.88339381e-02 -2.99749058e-02
 -5.49759250e-03  2.73476113e-02  4.61275764e-02 -1.45588079e-02
  2.44635977e-02  5.56187816e-02  2.02921052e-02 -8.67106300e-03
 -1.27924886e-02 -3.14321592e-02 -4.49204706e-02  8.14188924e-03
 -4.09499370e-02 -3.95681523e-03  5.41974157e-02 -1.16834871e-03
 -5.33381701e-02 -2.99550686e-02  3.92820053e-02  4.76919636e-02
  3.81757915e-02 -2.35197879e-03 -4.20764238e-02 -5.03806360e-02
 -2.25865487e-02  5.75324595e-02  4.58160928e-03 -1.45682495e-03
  4.22023376e-03 -4.46458198e-02  2.27499977e-02 -6.75928954e-04
 -1.40091460e-02 -1.10653974e-02 -7.43557513e-02  4.73548733e-02
  1.03575781e-01  8.59973487e-03  4.91419770e-02  1.95236094e-02
 -1.44387394e-01  1.61080230e-02 -3.73386778e-02  6.08240813e-02
 -1.30894119e-02 -3.36697623e-02 -4.09705751e-02  2.62990873e-03
  6.44210204e-02 -1.06917201e-02 -1.68526154e-02 -8.58845860e-02
 -1.27660995e-02 -6.14597015e-02  1.00075342e-02 -5.60712963e-02
  5.24600670e-02  6.25729859e-02 -8.46283603e-03  1.44860744e-02
 -7.37418011e-02  7.04497145e-03  7.99382292e-03 -8.41483416e-04
  6.64279982e-02  2.23089438e-02  3.03489272e-03 -2.45665275e-02
  1.45548359e-02  5.95761836e-02  1.69120897e-02  9.22636129e-03
 -6.43950105e-02  1.07677512e-01  3.69963087e-02 -3.08664516e-02
 -4.27766517e-02 -7.43210092e-02  2.41536684e-02  3.75029072e-02
 -1.70192332e-03 -2.91335192e-02 -2.33697779e-02 -2.53547430e-02
  6.82089776e-02  8.81670341e-02  1.84531212e-02 -3.97160456e-33
  1.40712103e-02 -7.77707919e-02 -4.30520289e-02  1.06005212e-02
 -8.56917799e-02 -4.31988202e-02 -1.74194425e-02  2.06950754e-02
  2.20717508e-02 -1.02012500e-01  5.89256585e-02 -1.81903914e-02
  2.10916600e-03 -3.77273969e-02 -1.30311502e-02 -7.19972178e-02
  7.81266834e-04 -3.05694877e-03  3.14045371e-03  4.58576679e-02
  1.81584563e-02 -9.83916968e-02 -9.30969566e-02  1.55108180e-02
 -3.44971903e-02  1.04194263e-03  4.32645530e-02  4.59188409e-02
  5.94631806e-02  1.76381562e-02 -9.88902301e-02  1.14894174e-01
  1.50574399e-02  4.36992422e-02 -3.06180846e-02  7.83252865e-02
  1.87963508e-02 -8.91969129e-02 -2.60997079e-02 -2.77499631e-02
  4.86097522e-02 -5.26181087e-02  7.21599162e-02 -4.01663892e-02
  6.22009374e-02 -3.60425524e-02 -1.49165262e-02  9.06326994e-02
 -4.13175076e-02 -4.06351574e-02  4.69591422e-03 -5.12854345e-02
 -4.56061028e-02  3.74122299e-02 -1.36114913e-03 -1.21273817e-02
 -2.37571634e-02 -7.59740174e-02 -8.45994726e-02  6.34874683e-03
 -2.47648228e-02  1.85055323e-02  2.02490985e-02 -6.68642074e-02
  2.32934151e-02 -2.87102032e-02 -8.30717012e-02 -1.26260951e-01
  8.08045417e-02  7.04653785e-02  5.00509702e-03  9.94081888e-03
 -9.46711823e-02 -1.18293166e-01  4.69837561e-02 -3.77333164e-02
 -3.96150239e-02 -5.52894473e-02 -2.59000082e-02  4.33687046e-02
 -9.02275741e-02 -2.45903544e-02 -1.48721738e-03  5.50350547e-02
  4.61676009e-02 -9.00089592e-02 -5.04397452e-02 -2.89075337e-02
  1.12894252e-02 -3.31760868e-02 -6.29056990e-02 -1.95061453e-02
 -6.25404865e-02  1.84188951e-02 -4.90941741e-02 -6.42168700e-08
  2.90750396e-02  2.27109976e-02 -1.02300774e-02  5.57448342e-02
  9.39846486e-02 -7.41408160e-03  1.53667508e-02 -4.41959128e-02
  1.78006086e-02  6.08955435e-02  4.24518250e-02  5.71756735e-02
  1.42963722e-01  5.39092068e-03 -3.32441442e-02 -3.29559445e-02
  6.95430785e-02 -3.20156547e-03  3.01058008e-03  4.10961211e-02
 -1.57972910e-02  2.81700138e-02 -2.08047070e-02 -6.38123089e-03
  1.06058985e-01  1.95937715e-02  4.35233936e-02  8.32526088e-02
 -8.07555113e-03 -1.37722492e-02 -5.99583313e-02 -6.09353185e-02
  5.99553175e-02  3.58407982e-02  5.60471183e-03  1.99593827e-02
  3.13829584e-03  1.19683281e-01  3.33990119e-02 -2.37152688e-02
  9.48046967e-02  1.98421441e-02 -4.78788354e-02  6.39728531e-02
  2.62851585e-02 -6.84997961e-02 -8.63585807e-03  8.12297463e-02
 -7.22127035e-03  6.21481538e-02 -4.51211445e-02  2.03853641e-02
  2.35224608e-02  7.30727986e-02 -3.57294548e-03  1.60730127e-02
 -4.95390855e-02 -3.48052979e-02 -6.14175573e-02  9.25785676e-02
  1.61644761e-02 -8.14930797e-02 -1.15748271e-01  1.67390760e-02]",False,False
Ocean Current COLLAPSING In Nightmare Scenario | The Kyle Kulinski Show,Secular Talk,progressive,"about wars over water. we're talking about some places you can't even live. we're talking about increased extreme weather events. the list goes on and on. while the precise effects of a collapse aren't fully understood, scientists believe it would have vast socioeconomic consequences for tens of millions of people, acutely impacting coastal cities, agriculture. that's terrifying. if it's going to affect our agriculture, how do we know everything's going to be okay where we can feed everybody, fish populations and marine ecosystems? detailed observations of this circulation pattern via modern instruments are relatively short. the study notes the scientists extended records further Back In Time by using sea surface temperatures to shed light on Trends. the authors also noted they couldn't rule out overlooked or undiscovered mechanisms not reflected in their assessment. the amoc is a system of ocean currents that transport water and heat between the Southern Ocean and the far North Atlantic Ocean in a years-long cycle that influences weather patterns in both hemispheres. the currents are driven by differences in water density, regulated by changes in temperature and salt concentration. as warm water flows north along the ocean's surface, it becomes denser as evaporation increases, salinity levels and temperatures decrease, making it sink deeper. it then slowly spreads southwards before rising from the ocean's depths in the Southern Ocean in a process known as upwelling, thereby completing the circuit. previous Studies have shown that the already slow moving series of ocean currents is likely further weakening.",0.995,"[-4.61059213e-02  5.12002483e-02  1.10931151e-01  3.87858152e-02
  6.60869926e-02 -5.61820064e-03 -7.62953088e-02  1.25553207e-02
 -3.23373675e-02  7.30598420e-02 -3.74178253e-02 -4.02223878e-02
 -2.46818387e-03  3.18033285e-02 -7.53249824e-02  9.20612812e-02
 -9.05806348e-02  3.19794432e-04 -4.51378264e-02  1.51529424e-02
 -2.08539236e-02  8.53347704e-02 -6.87306002e-02  1.92862321e-02
 -4.21875231e-02 -1.37336366e-02 -3.45873646e-02  5.39444946e-02
 -9.97726992e-02  9.14207399e-02 -2.20852587e-02  7.65071660e-02
  6.69639632e-02  7.34070921e-03  5.10162394e-03  4.14898917e-02
  9.54191610e-02 -4.27962467e-02 -5.72172515e-02  3.74114490e-03
 -3.83340530e-02 -3.89941223e-02  7.75624141e-02  4.55620103e-02
  1.94776990e-02 -9.34181642e-03  5.41935712e-02 -1.34699503e-02
 -6.59966618e-02  1.90712593e-03  4.06779721e-02 -2.03910451e-02
 -3.62305604e-02 -1.34329833e-02 -3.56621034e-02 -2.55163591e-02
 -5.12126759e-02  1.28577836e-02  5.00048220e-04  5.11588007e-02
  1.81003213e-02  1.33748809e-02 -2.60206331e-02  3.54685518e-03
  1.01543449e-01  1.13917924e-02  6.43468508e-03  1.14308253e-01
 -5.06039858e-02  2.77887955e-02  4.61491756e-02  1.71712041e-02
  4.31398265e-02 -9.79836732e-02  4.46350388e-02 -1.74500868e-02
 -3.49636413e-02  4.59367037e-02  6.93338141e-02 -5.93330115e-02
  7.48925358e-02 -2.81251129e-02  4.21284027e-02 -7.01702535e-02
  9.99629870e-03 -1.52813876e-02  8.46583769e-02 -3.02928947e-02
  8.84188190e-02  6.17574062e-03 -6.17233478e-02 -1.01457044e-01
  3.81870791e-02 -3.48632261e-02  6.61951825e-02  1.20417617e-01
  1.76809262e-02 -4.91332188e-02  9.03078879e-04  1.00891059e-02
  3.17485817e-02 -5.20740710e-02 -2.13302635e-02 -2.40506325e-02
  1.11459062e-01 -1.08357370e-02 -1.15540680e-02 -3.41908932e-02
 -1.57624409e-02  9.82977217e-04 -1.17517903e-01  5.47578232e-03
 -9.99207720e-02 -1.92483589e-02  6.61035106e-02 -1.91280190e-02
  6.24585822e-02 -1.92909464e-02 -1.30803874e-02 -2.07692664e-02
 -4.73708399e-02 -5.61836176e-02 -4.25386950e-02  4.04584035e-02
  5.80416732e-02  8.75949934e-02 -2.01401766e-03  5.20773936e-33
  7.31997415e-02 -4.76988070e-02 -4.41015139e-02  7.26165399e-02
 -2.26435140e-02 -5.55496030e-02  1.48621816e-02 -6.16397969e-02
 -8.37801769e-03 -2.72492412e-02  9.14193573e-04  1.28980234e-01
  2.66320519e-02  6.47630394e-02  2.21901834e-02 -2.89938115e-02
 -1.59100313e-02 -1.22687714e-02 -5.86491870e-03 -5.00379615e-02
 -6.97945580e-02 -5.19058704e-02  1.21242423e-02 -1.37749761e-01
 -6.70004915e-03 -4.65703197e-02 -3.01892087e-02  4.06821333e-02
 -2.38881055e-02  8.28474294e-03  5.02173752e-02  2.67619826e-03
 -4.32230420e-02  6.52930653e-03  1.30937472e-02  2.64610983e-02
 -5.23107126e-04 -1.85649171e-02  3.51549983e-02  4.50243503e-02
 -3.24574001e-02  4.26400192e-02 -4.49195839e-02 -5.20053208e-02
  1.13626197e-01 -1.93574037e-02  1.12971701e-01  3.95698808e-02
 -1.84786487e-02 -2.72630751e-02 -2.90731434e-02 -2.04064772e-02
 -4.41697091e-02 -5.10453656e-02  3.02053317e-02 -1.41023528e-02
 -6.59083435e-03 -4.57167253e-02 -6.40788674e-02  4.77814563e-02
 -6.05125986e-02 -2.41455957e-02  3.42976414e-02 -4.89842631e-02
  5.75258471e-02  6.72249570e-02  5.81343565e-03 -3.35885212e-03
 -2.13059597e-02 -3.27247637e-03 -3.46168540e-02 -4.00232635e-02
 -2.62515992e-02 -1.36293322e-02  2.28465255e-02  6.53896704e-02
  1.55924067e-01  1.28416047e-02 -5.54609187e-02  1.76424757e-02
  3.28543447e-02  8.80828034e-03  4.86997068e-02  5.20676002e-03
 -4.18589599e-02  3.45523912e-03  5.22918999e-02 -1.74430255e-02
  3.52376550e-02  5.53579349e-03 -1.36475004e-02 -2.73292288e-02
  6.54824302e-02 -1.89710483e-02 -4.22844104e-02 -6.14285062e-33
 -5.00493534e-02  4.34042513e-02 -7.93126822e-02 -4.06557694e-02
 -8.37468728e-02 -7.34940022e-02  7.21643642e-02 -2.31531877e-02
 -1.92232803e-02 -7.58844987e-02 -6.59965649e-02 -8.53873789e-03
  8.26947093e-02 -4.71744016e-02 -4.84274291e-02 -7.91828409e-02
  2.29945406e-02  4.31960188e-02  1.35885784e-02 -6.56673685e-02
  8.60931631e-03 -3.92665677e-02  1.25458222e-02 -3.39611880e-02
 -8.18469375e-02  5.68164606e-03 -4.13166061e-02 -5.51801994e-02
 -4.45732884e-02 -3.78325060e-02 -4.02771942e-02  5.09921499e-02
 -6.18948648e-03 -1.78979000e-03 -3.21686044e-02  7.98625425e-02
 -1.12176398e-02 -6.07273243e-02  3.64513323e-02 -6.32993057e-02
  3.51492688e-02  9.31687374e-03 -1.98599305e-02 -6.51152208e-02
 -1.28835663e-02  4.43680361e-02  2.53623463e-02  1.52497143e-01
  4.95121889e-02  4.54131253e-02  3.67646255e-02 -5.05414456e-02
 -1.10283028e-02  1.16303153e-02  3.55016105e-02  3.08783092e-02
  6.55483007e-02 -7.48616382e-02 -1.22883864e-01  2.97692027e-02
 -4.71970588e-02  3.19680013e-02 -1.36568407e-02 -5.74592082e-03
  2.99609881e-02  1.14631501e-03  2.87062358e-02  1.82034411e-02
  2.23114062e-03 -1.41011095e-02  2.42307689e-02 -4.43721563e-02
 -7.15662912e-02 -5.77663966e-02  4.76591773e-02 -5.04501304e-03
 -5.75014018e-02 -4.52243118e-03 -8.73379111e-02  5.78937717e-02
 -1.11369761e-02  4.03000712e-02 -1.29489703e-02 -7.02477545e-02
  6.35847775e-03  1.65564436e-02  1.30301900e-02 -8.60855579e-02
  7.41288289e-02  1.80058945e-02 -6.36627600e-02 -4.41722684e-02
 -1.77023470e-01  4.32761014e-03 -3.63181494e-02 -6.65393358e-08
  8.59319717e-02  4.22882214e-02  7.13331550e-02  3.10821738e-02
  1.63657200e-02 -5.74167967e-02  7.76750743e-02  8.03149641e-02
  4.26901914e-02  8.69487002e-02 -1.75761103e-04  9.45982412e-02
  6.36293739e-02 -2.67891418e-02  1.21880034e-02  4.09122631e-02
  7.14746937e-02 -7.73945674e-02 -6.92579225e-02 -2.04962064e-02
  2.32660491e-02 -6.23951070e-02 -3.62091232e-03 -3.42050157e-02
  7.58943334e-02 -2.37912983e-02 -6.60538627e-03  6.81625828e-02
 -3.07274554e-02 -2.47321534e-03  5.28410748e-02 -8.43100101e-02
 -2.51604822e-02 -5.02194799e-02  2.61476673e-02  3.63495527e-03
 -2.64477339e-02  2.89059915e-02 -5.06614856e-02 -6.40186667e-03
 -5.97567335e-02  1.28670126e-01  4.31009345e-02  4.37222421e-02
  7.31841102e-02  4.92636710e-02 -2.40988750e-02  5.73228374e-02
 -4.54817824e-02 -1.00552440e-02 -3.81535329e-02 -2.59573711e-03
  4.75447439e-02  2.62250118e-02  1.60416272e-02 -3.20509286e-03
 -1.11741275e-02  4.11399119e-02  1.88917313e-02  7.99206570e-02
 -2.44982634e-02 -5.05060814e-02 -7.86165372e-02  2.14164443e-02]",False,False
Ocean Current COLLAPSING In Nightmare Scenario | The Kyle Kulinski Show,Secular Talk,progressive,"due to human-caused climate change, which is accelerating ice melt. in Greenland. this increases the volume of lighter fresh water entering the North Atlantic. the study's conclusions run contrary to the most recent report from the UN ipcc, which found in amok shutdown is very unlikely to occur this Century. Michael Mann, a climate scientist at the University of Pennsylvania who has published studies on the slowing AMAC mock but was not involved in the new research, said he questioned some of the methods and methods the new study uses. nevertheless, he finds its conclusions plausible. quote: I think the authors in this case are onto something real. we could be talking decades rather than a century. every time I see a story on climate change, it's always like: well, this is worse than what we thought the worst case scenario was going to be. every single time. I mean, we just had it was. it may have eclipsed 100 degrees in the ocean, uh, by Key West Florida, which would be a world record if that's. we're shattering temperature records everywhere. Rome just had a a new record temperature. we've had extreme flooding in places like, uh, in like Northwestern New York. there was just a whole bunch of extreme flooding. we have the wildfires which are out of control and, worse than ever, we have all these things and every single time I read an article it's like: this is worse than what we thought the worst case.",0.996,"[-1.14565656e-01  3.51803042e-02  1.34612545e-01  1.05626017e-01
  7.79593810e-02 -7.05832019e-02 -1.07004434e-01  2.90068090e-02
 -6.35626866e-03  6.05470836e-02 -5.37428930e-02  5.34644444e-03
 -1.03744790e-02  6.52919859e-02 -6.65408373e-02 -3.30870673e-02
 -9.95642468e-02  2.58467440e-02 -5.03761359e-02  3.47815752e-02
 -3.44420713e-03 -1.64506845e-02 -2.53924299e-02  2.59276782e-03
 -8.52396525e-03 -4.69961669e-03 -2.85964292e-02  2.05103867e-02
 -7.17714205e-02  1.17393844e-01 -3.44772451e-02  6.75375536e-02
  2.12553982e-02 -2.71422043e-02  3.35295796e-02  2.14202516e-02
  2.87940912e-02 -2.50676163e-02  4.69537228e-02 -2.82754637e-02
  1.55692967e-02 -1.76097937e-02  3.09859738e-02  2.22002696e-02
 -2.42693722e-02  4.50175330e-02 -3.15081812e-02  2.96979733e-02
 -1.27847612e-01  3.34366644e-03 -6.86047077e-02  3.91521677e-02
  7.05011189e-03 -9.02913660e-02 -7.96293393e-02  1.64642297e-02
  1.30745182e-02 -7.81667605e-02  3.84522043e-02  1.88669935e-02
 -1.90344993e-02  2.55470946e-02 -3.74788009e-02  2.05224715e-02
  8.36174637e-02  2.97671258e-02 -2.96286158e-02  6.99524134e-02
 -2.66860183e-02  1.21136466e-02  4.17745076e-02  6.47683516e-02
 -6.28419744e-04  1.24910544e-03  6.45767823e-02 -4.15138379e-02
 -5.36676198e-02 -8.53862148e-03  1.76179484e-02 -1.78708360e-02
  1.25237823e-01 -5.38396239e-02  9.39320549e-02 -1.02879025e-01
 -2.64958963e-02 -2.88621690e-02  1.34650514e-01 -2.10547373e-02
  3.50343026e-02 -2.57010311e-02  1.23664960e-02 -4.50224653e-02
  7.15077529e-03  6.96819201e-02  8.70417729e-02  1.23943530e-01
  3.92214675e-03  4.55748066e-02  1.58291291e-02 -1.06116347e-02
  5.44837955e-03  5.75381666e-02 -3.53229754e-02 -3.72576229e-02
  7.20286965e-02 -5.27914204e-02  4.25371788e-02 -4.44967598e-02
 -4.10231426e-02  1.97177790e-02 -1.00278720e-01 -5.49773872e-03
 -4.43226695e-02 -6.59575388e-02  5.56112528e-02 -5.86585142e-02
 -2.17527822e-02  1.50353415e-02 -4.40289415e-02 -5.70197850e-02
 -5.55965640e-02 -4.12567100e-03 -5.49957678e-02  6.42632693e-02
  7.32019618e-02  6.32137731e-02  1.61501523e-02  3.42068709e-33
  6.07637390e-02 -2.10928135e-02 -4.89454418e-02 -1.23247539e-03
  7.26162791e-02 -1.63143724e-02 -5.38889468e-02 -2.62825117e-02
  3.19036953e-02 -1.66694336e-02 -4.50524986e-02 -1.94317382e-02
 -5.85996732e-03  5.18526472e-02 -9.96119343e-03  2.05794834e-02
 -1.24618765e-02  1.05749676e-02 -3.51910777e-02  2.84911902e-03
 -4.35044989e-03 -4.10656370e-02  1.03477351e-01 -3.47871222e-02
  5.71299763e-03  1.15450006e-03  3.01706288e-02  6.40198439e-02
  3.92587297e-02 -2.11749282e-02 -1.39222546e-02  8.83257203e-03
 -7.00068772e-02  2.97156889e-02  7.04525635e-02  2.97328755e-02
 -7.26995058e-03 -8.44306778e-03 -4.10593161e-03  9.77080464e-02
 -4.40065786e-02  5.68483658e-02 -5.56889921e-03 -4.59274575e-02
  7.47779682e-02 -1.42006511e-02  1.62968319e-02  7.04803169e-02
 -7.51737282e-02 -3.74347195e-02  3.47076566e-03  9.58706513e-02
 -8.04710463e-02 -3.64599600e-02  5.69419600e-02  4.60880867e-04
  5.41259088e-02 -1.63636804e-02  2.76670437e-02  1.29231205e-02
 -9.27903876e-03  1.49402171e-02 -9.12897568e-03 -1.53690754e-02
  1.85043849e-02  1.34414271e-01 -9.82576329e-03  1.60745885e-02
 -1.40215764e-02  2.26218589e-02  2.87088491e-02 -2.24643503e-03
 -5.82058281e-02 -2.62603760e-02  3.30986269e-02  1.11509897e-02
  6.24183603e-02 -2.08265223e-02 -2.00256500e-02 -4.30590585e-02
 -3.35135572e-02  1.35297365e-02  5.65208532e-02 -2.19851057e-03
 -2.91723497e-02 -5.27793132e-02  2.66299564e-02  7.08623528e-02
  4.46097888e-02  2.98653846e-03  1.45723131e-02 -7.81267956e-02
  1.96737405e-02  4.32225578e-02 -6.57048821e-02 -3.54631474e-33
 -3.44842039e-02 -4.84529771e-02 -3.87455970e-02  2.44011525e-02
 -1.28566056e-01 -6.98044002e-02 -1.07618459e-02  7.92021956e-03
  3.61401774e-02 -5.01665846e-02  5.96294664e-02 -2.13151500e-02
  6.95842057e-02 -2.02487386e-03 -1.37584349e-02 -2.17015259e-02
  4.50895652e-02 -2.26479825e-02 -6.72718510e-02  3.25851440e-02
  5.71804680e-02 -6.52883351e-02 -7.11563453e-02 -2.06493177e-02
 -9.43349302e-02  2.20340434e-02  5.27447499e-02  5.32627758e-03
 -2.56629940e-02 -8.98046941e-02 -8.36270750e-02  1.07018098e-01
 -2.58486904e-02 -1.11208558e-02  3.91739050e-05  1.10441729e-01
  5.81466407e-02 -7.28120059e-02 -5.96167818e-02 -4.19485196e-02
  3.90069149e-02 -1.28876995e-02 -4.09671701e-02 -5.26759289e-02
  3.16955894e-02  1.60256047e-02  8.96310154e-03  8.85597542e-02
  3.61361913e-02  1.86129957e-02  2.46616881e-02 -5.96600920e-02
 -2.65151821e-02  2.57709846e-02  1.84933133e-02 -7.92389438e-02
  3.44678620e-03 -5.33670969e-02 -1.27897769e-01  1.15131931e-02
 -3.58671099e-02  1.02169544e-03  2.45467480e-03  9.11545381e-03
  4.17197831e-02 -5.88553511e-02 -5.43506630e-02 -1.65819172e-02
  5.23362868e-02  4.54654098e-02  4.03136946e-02 -2.50847582e-02
 -9.42565426e-02 -6.02594353e-02  3.32185216e-02  2.44276933e-02
 -4.54689562e-02 -3.34367119e-02 -4.94844764e-02  1.04018999e-02
 -3.15211937e-02 -4.01285961e-02 -2.47884784e-02 -1.57941971e-02
  1.12018557e-02 -1.99587028e-02  1.11418581e-02 -9.02093351e-02
 -1.69307664e-02  7.54686221e-02 -3.98933552e-02 -2.56259777e-02
 -6.73263073e-02  9.66554508e-03 -1.34703377e-02 -6.11161326e-08
  6.26117811e-02  7.06658438e-02  5.25091812e-02  7.42945299e-02
  6.31582439e-02 -1.90376099e-02 -7.81709515e-03  7.16506615e-02
 -3.93594243e-02  2.16620211e-02  6.67300373e-02  1.15560785e-01
  1.07962735e-01 -1.17610511e-03 -3.38017866e-02 -4.39259298e-02
  5.82783744e-02 -5.21733947e-02 -4.80891671e-03 -3.14852335e-02
  5.23303635e-02  6.74775168e-02 -1.40235163e-02 -3.74104045e-02
  3.61447521e-02 -1.38468007e-02  7.67016336e-02  4.87456359e-02
 -7.95118585e-02 -8.16633701e-02 -6.04271255e-02 -6.80957362e-02
  5.37010022e-02 -5.52456006e-02  8.78780261e-02  3.13952309e-03
  2.45676879e-02  7.65158311e-02  1.05965510e-02 -8.35601091e-02
 -3.17688175e-02  8.51456597e-02 -5.90067618e-02  4.83369380e-02
  3.25519219e-02 -5.70274070e-02 -5.06647043e-02  4.78690118e-02
  4.33797985e-02  6.17620908e-02 -2.53182594e-02 -1.80395842e-02
 -2.11915784e-02  1.90736149e-02  5.02691641e-02  1.62320174e-02
 -5.89648411e-02  1.22203333e-02 -9.23465788e-02  5.86822964e-02
  3.60419005e-02 -9.69849676e-02 -1.00356884e-01  1.92481745e-02]",False,False
The Climate Apocalypse Is Here | The Kyle Kulinski Show,Secular Talk,progressive,"this past month has been a real eye-opening experience for many normies, because this is the first time in a while that people's anecdotal experience has lined up with the data on climate change and, uh, so you're seeing a lot of, you know, a lot of people are having a breakthrough like holy cow. there's really something that we need to address. so some of these headlines, man, are just jaw-dropping. so Ken klippenstein tweeted the following: Earth reaches hottest day ever recorded four days in a row. this is the hottest month ever recorded in human history, with Florida ocean temperatures topping 100 degrees. experts warn of damage to marine life. it's so hot in Arizona. doctors are treating a spike of patients who were burned by Falling On The Ground. hospitals in Arizona, the the burn units are completely full. 45 beds in one Hospital mourn, another totally full. searing Arizona Heat Wave. that's delivered 110 degrees Fahrenheit weather for 30 days straight. kills off States iconic cactuses as locals bake cookies in cars and complain of melting roads. he also shares this. Banks vote to limit accounting of emissions in bond and stock sales. that's great. that's great. so Corporate America, of course, taking this very seriously. so, uh, let's dive into some of these stories here. so hot in Arizona, doctors are treating a spike of patients who were burned by falling on the ground. it's so hot, Maricopa County, Arizona. the people are being.",0.997,"[ 7.18523934e-02  3.51926009e-03  4.06366177e-02  1.16052598e-01
  2.87265796e-02 -8.15038458e-02 -7.64182489e-03 -1.07567295e-01
 -6.60121888e-02  7.97275603e-02 -1.97803248e-02 -1.43696396e-02
  8.44873041e-02  4.38861474e-02  4.80250604e-02 -7.00342003e-03
 -3.42373699e-02 -7.75711387e-02 -4.56068367e-02  5.62184155e-02
 -5.88706806e-02  5.67661896e-02 -8.16705525e-02  5.55600896e-02
 -3.88693064e-04 -4.12418367e-03 -7.04191029e-02  6.12851195e-02
 -1.05188653e-01  9.30057466e-02 -4.26940396e-02  3.52169238e-02
 -1.76426396e-02 -3.19373608e-02  2.68859640e-02 -1.15058161e-02
  1.88114941e-02 -8.51518959e-02 -5.94658777e-02  5.26586324e-02
 -7.41513073e-03 -5.96437566e-02  3.87856588e-02  6.53095320e-02
 -6.19816892e-02 -2.63732038e-02 -3.00007258e-02 -2.01268941e-02
  1.46028316e-02 -4.28471230e-02 -1.06424885e-02  7.87140206e-02
 -8.95678066e-03  1.62905585e-02 -4.12868150e-02 -1.82437804e-02
 -4.35815193e-02 -4.02124524e-02 -1.99155533e-03 -7.84287881e-03
  3.34141008e-03  7.37559497e-02 -5.39798960e-02 -3.10177868e-03
  6.36003390e-02 -4.59707864e-02  8.43486632e-04  1.47000188e-02
  1.41465096e-02  4.14149798e-02 -4.44883145e-02  1.42522082e-02
  5.65042347e-02 -4.94355597e-02 -2.80746333e-02 -2.84446981e-02
  2.24384200e-02  3.01161665e-03  6.42254204e-02 -3.78360152e-02
  1.32086560e-01 -1.09357581e-01  8.44193920e-02 -6.24021627e-02
 -1.56417061e-02  5.27616739e-02  7.83165321e-02  8.32845494e-02
  6.45155758e-02  4.97609414e-02 -2.09010616e-02  3.35413478e-02
  6.71154410e-02 -1.73550043e-02  7.84026366e-03  4.43799049e-02
 -2.54861824e-02  1.57352556e-02 -2.76296511e-02 -2.52615586e-02
  2.47242842e-02 -6.06065169e-02 -6.56822026e-02  2.39310786e-02
  9.68321562e-02  9.40903556e-03 -4.11391072e-02 -3.65054347e-02
 -4.90942895e-02 -8.73770565e-03 -2.51952689e-02  7.84983337e-02
 -6.90053729e-03 -5.31799085e-02  4.27155271e-02  4.35633175e-02
  2.99491696e-02  1.63879506e-02  7.66137941e-03 -2.11270619e-03
 -3.84214222e-02  5.44872880e-02 -2.56224256e-02  1.01817787e-01
  5.32577708e-02  1.44730080e-02 -7.54177617e-03  7.10319498e-33
  7.15062022e-02  8.30838680e-02  1.73345692e-02  5.45577386e-05
  2.78985500e-02 -1.96105950e-02 -6.08437471e-02 -1.95098761e-02
  1.61927324e-02  9.68897995e-03  5.50908111e-02  1.37050245e-02
  4.12098914e-02  8.18691626e-02 -4.89130092e-04 -2.52743624e-02
 -4.02297117e-02  3.22531611e-02 -8.13250318e-02  6.50051311e-02
 -8.70318040e-02  2.80850171e-03  1.77655742e-02  4.18597534e-02
 -8.68333653e-02  5.44296131e-02  2.16153432e-02  1.12379408e-02
 -1.89017635e-02  1.87986940e-02  5.21700643e-03 -6.08784445e-02
 -1.86636336e-02  1.45444423e-02 -1.17602684e-02 -5.69621846e-02
  1.43796504e-02  9.97634791e-03  1.50709122e-04  2.04037968e-02
 -3.41831031e-03  2.00314950e-02  3.91583741e-02  7.21032321e-02
  6.90101832e-02  9.11807716e-02  1.77872926e-02  6.11294210e-02
 -4.82344218e-02 -2.53254995e-02 -9.26372707e-02  2.90385187e-02
  1.05027510e-02 -3.58268954e-02 -1.80843920e-02  3.04464158e-02
  1.59064494e-02 -4.56354693e-02 -9.75052360e-03 -2.00126320e-02
 -3.39095816e-02 -2.32133009e-02 -3.25968042e-02 -4.04057354e-02
 -2.38887910e-02  6.36627432e-03  1.20598460e-02  2.35153344e-02
 -3.62792239e-02  4.80632000e-02  4.74881195e-02  1.89409405e-02
 -1.01603065e-02 -7.97172934e-02  3.16750482e-02  2.24041101e-02
  1.12085044e-01 -1.03849173e-02 -3.21882404e-02  8.01429451e-02
 -2.07624841e-03  4.35755961e-02  9.34890509e-02 -1.11937359e-01
  1.73238013e-02 -1.05260871e-01 -2.90615000e-02  6.51865900e-02
 -4.54805605e-03  5.63411340e-02 -2.79595554e-02 -5.41093983e-02
  1.02909863e-01  5.71183823e-02 -3.08282860e-02 -4.82344270e-33
  1.17231747e-02 -4.36663106e-02 -5.49355941e-03  6.51406497e-02
 -4.19413000e-02 -1.13204286e-01 -2.86628567e-02  4.05940376e-02
  8.62797629e-03 -7.49138594e-02  2.85970364e-02  1.00550661e-02
  5.30481450e-02 -4.60339636e-02 -7.00930739e-03 -6.17668033e-02
  2.67124753e-02 -2.08863821e-02 -3.93440463e-02  2.74396054e-02
 -9.07399803e-02 -5.16360393e-03 -9.08867046e-02  6.35504797e-02
 -8.55296850e-02  3.85846794e-02 -2.14724652e-02 -6.54624552e-02
  1.66796111e-02 -6.23611696e-02 -9.40256119e-02  7.09011033e-02
 -5.55139333e-02  2.65500415e-02 -5.76028638e-02  8.20963532e-02
  5.32604419e-02 -4.39369008e-02 -1.61951836e-02 -9.05919075e-03
  5.73371910e-02  5.39021473e-03  2.87664086e-02  3.20194326e-02
 -7.55998725e-03  1.42742153e-02  1.44270658e-02  9.97361094e-02
  7.63790682e-03  8.11574161e-02  1.58155076e-02 -6.49732649e-02
 -1.39694348e-01  6.58420175e-02  1.62836397e-03 -7.15212151e-02
  4.70328983e-03 -2.15812065e-02 -8.54040980e-02  2.25099958e-02
  1.92125514e-02  1.50142862e-02  3.95100564e-02  5.26110344e-02
 -4.06065636e-04 -6.47520414e-03 -4.14904319e-02  1.08782984e-02
  5.55489399e-03  3.02097593e-02  8.22399929e-03 -4.56206612e-02
 -1.62431464e-01 -4.12579440e-02  5.43311127e-02  2.65259333e-02
 -1.61682889e-02 -4.20611762e-02 -3.02271470e-02  5.22851348e-02
 -4.01148200e-02 -8.79948214e-03 -4.97640185e-02  8.11986551e-02
  1.04931884e-01 -6.34438731e-03 -3.77134681e-02 -1.14133164e-01
 -1.84880421e-02  7.46750925e-03 -7.26791546e-02 -1.92521662e-02
 -9.01460722e-02  5.77493086e-02 -8.28713253e-02 -6.33810870e-08
  3.35682593e-02  2.00726977e-03 -3.71688828e-02 -4.22007740e-02
  3.38272415e-02 -4.91382889e-02  6.45908266e-02  1.60256475e-02
  6.24888157e-03  5.81552871e-02  5.01387902e-02  7.66544640e-02
  8.52069184e-02  6.54079244e-02 -2.67155888e-03 -3.81734967e-02
  5.32785691e-02 -1.71275288e-02 -2.50059087e-02 -5.36808074e-02
 -1.10551938e-02 -8.90140049e-03  2.50905603e-02  1.91554856e-02
  3.02712452e-02  1.86291561e-02 -1.74911208e-02  1.18574448e-01
  1.01426013e-01  2.21777447e-02 -9.92077217e-02 -1.00908831e-01
 -4.06959318e-02 -4.16706800e-02 -2.58189514e-02 -5.17883971e-02
  8.62086564e-02  4.59081307e-02  1.65231731e-02 -1.26184542e-02
  2.11451557e-02  8.65351968e-03  1.29546260e-03  1.95690021e-02
 -3.34046409e-02 -1.13761686e-01 -7.51249418e-02  1.82263684e-02
  5.35752140e-02  6.52666241e-02  1.05705252e-02 -4.39858921e-02
  6.22924324e-03  4.52334136e-02 -1.47655709e-02 -2.78030746e-02
 -5.80002367e-03 -1.46532813e-02  5.62795363e-02  5.70787713e-02
  2.79294327e-02 -8.63162205e-02 -9.59013849e-02  2.87844408e-02]",False,False
The Climate Apocalypse Is Here | The Kyle Kulinski Show,Secular Talk,progressive,"should be going off. everybody should be recognizing exactly what this is. now, by the way, people actually do, the public actually does what's standing in our way. we all know what's standing in our way. we have an oil Lobby, a fossil fuel Lobby that has effectively bought the entire Republican party, and then you have some Democrats and that's all they need to do is buy some of the Democrats, Joe manchin for example- and then you really block any movement in the right direction. now we ended. we did end up getting the inflation reduction act, which was definitely a step in the right direction, but it certainly doesn't match the scale of the crisis, and, as I said a million times and I'll say a million more, this is actually an Economic Opportunity. if we lead when it comes to solar, we lead when it comes to wind, we lead when it comes to nuclear and geothermal, we can get the, the patents for the inevitable new technology that we can then sell to the rest of the world, and so it should be looked at as an economic opportunity to change the nature of the economy, get all fossil fuels, save ourselves from This Disaster and do a tremendous amount of job creation in the process. now, by the way, we already have. what is it? over 60 billion dollars went to green and renewable technology made in America stuff as part of the IRA.",0.974,"[-7.20875114e-02  1.97116174e-02  9.42472219e-02 -8.28981306e-03
  2.51460820e-02  3.12699154e-02 -5.04910387e-02  1.84297655e-02
 -4.76030298e-02 -6.35158122e-02  1.33760192e-03  9.49478224e-02
 -1.80313680e-02 -2.41405312e-02 -8.13603681e-03  7.55864829e-02
 -6.44770637e-02  1.23939384e-03  2.79895943e-02  1.31915107e-01
 -2.92017292e-02  4.30259183e-02 -3.34417932e-02  1.92608386e-02
 -4.91443984e-02  1.15574859e-01 -3.01530715e-02 -3.66800465e-02
 -8.32425877e-02  2.93832179e-02  8.30015466e-02  2.58648992e-02
 -4.30703238e-02  1.19055053e-02  1.13875791e-01  9.74994153e-02
 -1.97542924e-02  1.61341969e-02  3.63968313e-02 -2.10720655e-02
  4.35000807e-02 -1.51672304e-01 -9.78562832e-02 -1.05394432e-02
 -1.31287938e-02  6.82271570e-02  3.17251943e-02 -4.22695093e-02
 -1.22494819e-02 -4.37572822e-02  3.11310664e-02  4.77575278e-03
 -3.62505391e-02 -3.15339305e-02  1.99111328e-02  1.26370043e-02
  1.62004977e-02 -2.27264240e-02  3.88810001e-02 -1.99250169e-02
 -1.64022017e-02 -5.08217979e-03 -3.82788517e-02  2.59380005e-02
  5.12793139e-02  1.54677161e-03  8.78027380e-02 -3.13078649e-02
 -1.96588878e-02  6.25039563e-02  3.87540646e-02  4.22332436e-02
  3.79158258e-02 -4.43543717e-02 -7.44287204e-03  1.29258512e-02
  7.41533786e-02  2.11427845e-02  9.54001471e-02  2.62012798e-02
  7.90472627e-02 -2.29691938e-02  3.40268482e-03 -9.82419550e-02
 -8.43379647e-02  9.17521492e-03 -1.59387349e-03 -3.17519158e-02
  1.14781991e-01 -1.80075355e-02 -9.80690569e-02 -4.71681030e-03
  3.04042101e-02  7.34217614e-02  5.28932586e-02  7.93464929e-02
 -3.17140147e-02 -3.01010404e-02  3.70806344e-02  6.89021638e-03
  1.75193641e-02  3.73160318e-02 -4.73226374e-03 -1.63516507e-01
 -4.39807586e-02 -5.28320037e-02 -4.21477966e-02  1.63958315e-02
  5.64506724e-02 -5.20550236e-02  1.87866911e-02 -6.51030913e-02
  1.57472584e-02 -1.76700875e-02  3.92601229e-02 -2.42292788e-02
  7.76968747e-02 -9.85921547e-02  1.61384121e-02  1.11817978e-02
  2.20703781e-02  3.27881649e-02 -1.39841707e-02  8.65415558e-02
  1.77087206e-02  1.94224939e-02 -7.95814209e-03 -5.32588526e-34
  2.50094663e-02  4.65290658e-02  3.66470106e-02 -3.26965679e-03
  1.52385682e-02  7.76414201e-02 -6.49347976e-02 -3.46024372e-02
 -3.59014384e-02 -1.50861274e-02 -2.56980537e-03 -7.79184094e-03
  4.53882094e-04  7.65506551e-02 -1.08919237e-02 -1.62778884e-01
  1.14317760e-02  7.28145055e-03  2.60605793e-02 -6.99700415e-02
  1.81942750e-02 -3.50573808e-02  4.38174345e-02  3.39158461e-03
  3.98298986e-02 -3.55348103e-02  3.18106934e-02  5.71105164e-03
  5.03488779e-02 -2.53057275e-02 -6.76295254e-03 -1.13322912e-03
 -2.45135594e-02  5.22108264e-02 -8.18822831e-02 -5.56435473e-02
 -3.38510238e-02  1.09877940e-02 -4.97917309e-02 -4.40446250e-02
 -3.17646638e-02  1.20151609e-01 -9.86769721e-02  2.88801976e-02
  4.35653627e-02  2.06749216e-02  1.21631928e-01  1.44852884e-02
 -9.29361805e-02 -7.14744478e-02  1.04793534e-02  5.45643605e-02
 -2.83841547e-02 -3.72868939e-03 -4.21675593e-02 -5.61540760e-02
 -2.96815615e-02 -7.12506995e-02 -5.04477136e-02 -8.01007375e-02
  4.68099527e-02  2.65040770e-02 -4.03345972e-02  1.50809418e-02
 -2.72951797e-02  8.11039433e-02 -9.22894757e-03  2.74708774e-02
 -6.53127804e-02  4.56100628e-02 -4.56451997e-03 -6.56450912e-02
 -5.31387376e-03  2.17487030e-02  2.18125992e-02  4.59279567e-02
  1.53060360e-02 -4.24026810e-02 -3.42770740e-02 -1.61690824e-02
  1.78801622e-02 -2.07327176e-02  1.48308858e-01 -3.43201458e-02
 -1.07479086e-02 -7.12720901e-02 -1.70997083e-02  1.91651061e-02
  7.72287650e-03 -5.60559221e-02 -8.48819986e-02  4.28630598e-02
  9.38389376e-02  5.60064465e-02  6.73411135e-03 -2.23528700e-33
 -2.13456899e-02  5.78734502e-02 -2.88603380e-02 -1.10600740e-02
 -7.38193421e-03 -2.38243602e-02  3.02486569e-02 -3.51146981e-02
 -2.98438147e-02 -2.03802139e-02 -3.17864791e-02  7.51686841e-02
  2.04010122e-02  1.45057449e-04 -6.28446192e-02 -2.99051292e-02
  8.92063603e-02  1.00319891e-03 -8.02900549e-03 -3.92044075e-02
 -5.07361554e-02  2.69797035e-02 -1.01553939e-01  6.93291500e-02
 -3.55969034e-02  3.30275409e-02  2.72814147e-02 -6.82064965e-02
  5.22492491e-02  2.81637628e-02 -1.24459853e-02 -1.71691447e-03
  3.28111127e-02  3.31482664e-02  5.31835370e-02  5.78059591e-02
 -4.94990759e-02 -7.85976648e-02 -4.07614000e-02 -2.46718206e-04
  5.72535470e-02 -2.26434022e-02 -1.20361581e-01 -1.65841151e-02
  4.19061407e-02 -2.77846567e-02  4.03008424e-02  9.79956165e-02
 -3.27024236e-02  4.29672599e-02 -3.58958729e-02  1.49686625e-02
 -1.04384264e-02 -2.84886491e-02 -7.35215768e-02 -5.16002476e-02
  5.28574809e-02 -7.53965601e-02 -9.23990980e-02 -3.19572799e-02
 -7.35912994e-02 -1.25799712e-03  2.60976851e-02 -4.41316813e-02
  2.82400157e-02 -1.14447239e-05  6.40467182e-02 -1.64728630e-02
  4.40281481e-02 -4.44472022e-02  3.83205083e-03 -1.61498822e-02
 -1.08177848e-01  2.49354057e-02  8.08309689e-02  5.92790879e-02
  4.63090371e-03  2.28544623e-02  2.73268390e-02  3.94740440e-02
  2.01744400e-02 -2.97004804e-02  4.66646850e-02 -1.02979690e-01
  2.97947954e-02  4.13724920e-03 -2.24088617e-02 -8.24648514e-02
 -4.95909043e-02  7.03003779e-02 -1.18931003e-01 -7.10585713e-02
  3.92497182e-02  6.18486516e-02 -1.68595854e-02 -5.93892366e-08
  4.17401865e-02  3.51182781e-02  1.01697017e-02  6.84665237e-03
  2.81196069e-02  1.82898268e-02  3.16181895e-03  5.47838211e-02
  4.08965461e-02  5.13453083e-03  4.34483327e-02  3.82077284e-02
  7.09804147e-02  8.17782357e-02 -7.55215511e-02  1.56934261e-02
 -1.28530236e-02  1.04958918e-02 -3.03957704e-02 -6.17744448e-03
  1.74447726e-02  2.60046148e-03 -7.88961425e-02  6.92349346e-03
  4.18477021e-02  6.37010019e-03  2.82021314e-02  8.91929939e-02
 -7.66972229e-02 -5.22136651e-02 -5.87852560e-02 -5.38349263e-02
 -8.81970115e-03 -2.76251137e-03 -3.78670171e-02  8.74050185e-02
  3.18549341e-03  2.06280276e-02  7.44645894e-02  1.94713250e-02
 -1.31141767e-02  7.99902380e-02  2.24767122e-02  1.33889075e-02
 -6.61567003e-02 -4.53109853e-02 -4.70665656e-02 -1.36014801e-02
  3.21488008e-02 -2.31716763e-02 -1.96252894e-02 -1.40692731e-02
 -4.90085036e-02  4.02480438e-02  3.82023565e-02 -1.10696470e-02
 -1.31421253e-01  4.57898490e-02 -8.70795324e-02 -3.79581340e-02
  8.38657655e-03 -1.04806222e-01 -7.99316689e-02  3.57712172e-02]",False,False
The Climate Apocalypse Is Here | The Kyle Kulinski Show,Secular Talk,progressive,"that's great, that's a good start, but we got to go further, man. so I mean, look, every time I read an article on this stuff, it's like this is worse than what, uh, scientists thought the worst case scenario would be. and so it looks like we've really hit a Tipping Point here and there's no going back. the head of the UN came out the other day and said: it's no longer global warming, now it's Global boiling. man, that scent chills up my spine. dog, that sent chills up my spine. so I I mean, we can't put the genie back in the bottle and I'm just, I just fear how bad it'll actually get. you know, famine, drought, increase in extreme weather on both end, both ends of the spectrum, trillions of dollars in damage as a result of all this stuff. Wars over water, limited resources, anyway, uh, I have to say this to end: end this segment: but if these things don't whip the world into shape and don't make it so, the government's lead in a serious way. I don't know what will. because what do you have to do? hottest month on record ever, ever hottest days keep coming in. ocean temperatures over a hundred, shattering heat records. what does it have to be? over 130 degrees for five weeks for people to act. I don't know, I don't know, but uh, this is unsustainable and terrifying. hey, y'all, do me a.",0.999,"[-8.23839307e-02  5.24570793e-03  1.22864641e-01  3.86907123e-02
  9.03726071e-02  2.46078260e-02 -7.06099644e-02 -3.12254811e-03
  1.52441105e-02  1.62737295e-02 -1.73211973e-02  2.44555678e-02
  7.10292486e-03  2.68993503e-03 -5.43796308e-02  4.01262427e-03
 -1.21971682e-01 -3.98543626e-02 -8.55375901e-02  8.05026740e-02
  4.18479443e-02  1.05144836e-01  7.98386335e-03  5.00225201e-02
 -1.22857846e-01  3.55747715e-02 -4.59083654e-02  9.87091474e-03
 -1.31959870e-01  6.05684742e-02  4.44394872e-02  2.72785164e-02
 -5.29118776e-02 -2.24119928e-02  8.69667083e-02  7.19412565e-02
  2.55017541e-02 -1.30340821e-04  3.02349385e-02 -6.00397103e-02
  5.81972301e-02 -8.21354464e-02  1.01979850e-02  2.78602429e-02
  4.12563619e-04  4.05804925e-02 -3.30167785e-02 -2.82555763e-02
 -1.76886097e-02 -4.21923175e-02  1.72628388e-02  9.48530156e-03
 -2.49278042e-02 -1.75255686e-02  2.19218843e-02 -2.90407818e-02
  5.90472408e-02 -5.15932627e-02 -8.65165982e-03 -7.40338583e-03
  3.22201513e-02 -5.57550341e-02 -2.37389728e-02  2.08855793e-02
  9.24367979e-02 -6.99514057e-03  5.53758666e-02  5.33455983e-02
 -5.24203777e-02  1.04539298e-01 -1.46387902e-03  1.95830110e-02
  6.72772974e-02 -2.76003126e-02  2.80111972e-02 -4.42926548e-02
 -2.75126845e-03  4.64888811e-02  7.04651326e-02  2.04057246e-02
  9.39529240e-02 -8.23771022e-03  1.07423633e-01 -5.61269037e-02
 -3.52217741e-02 -8.52902140e-03  9.62001830e-03 -1.09442072e-02
  1.09248981e-01  2.88061202e-02 -1.46024361e-01 -7.83027261e-02
  1.32741734e-01  1.11752100e-01  5.99044748e-02  7.47600943e-02
  2.87250709e-03 -1.33771310e-02 -5.04146442e-02 -2.81154830e-03
  2.64597703e-02 -5.03903478e-02 -1.89138707e-02 -1.59485459e-01
  6.99945837e-02 -2.38272548e-02 -5.32921031e-02 -5.17707206e-02
 -9.46670771e-03 -6.62159100e-02 -1.06337264e-01  4.02161945e-03
 -3.67603302e-02 -4.12976444e-02  4.15400378e-02 -7.22537637e-02
  3.31894271e-02 -7.13251606e-02 -9.90435947e-03 -1.11588845e-02
 -7.98381865e-03 -2.20392663e-02 -8.16083848e-02  9.29199159e-02
  1.98909966e-03  6.50150608e-03 -2.90344022e-02 -2.34036903e-33
  3.74463089e-02  4.08918336e-02  7.31304288e-02  1.35547034e-02
  8.70485138e-03  2.05344278e-02 -9.16360468e-02 -2.14831457e-02
 -4.83907796e-02  1.29181948e-02  8.65588989e-03  1.55883776e-02
 -1.40692387e-02  8.47721323e-02 -3.44739370e-02 -1.03989214e-01
 -3.51068651e-04 -1.95815470e-02  2.57033259e-02 -4.58315909e-02
 -1.25196557e-02 -9.40002501e-02  4.14511077e-02 -4.48208600e-02
  4.97953147e-02  6.68674335e-03 -1.48098776e-03  1.19786346e-02
  4.29751612e-02 -1.13471458e-02 -8.31500813e-03 -2.08764407e-03
 -4.83758301e-02  6.45960495e-03 -4.33431827e-02 -6.77961856e-02
 -4.97095063e-02  3.13164182e-02 -2.74342839e-02  2.21438967e-02
 -4.40374203e-03  9.78652537e-02 -3.32105793e-02  2.58031320e-02
  1.18956454e-01  2.23286897e-02  8.80727395e-02  2.30443408e-03
 -9.34792906e-02 -1.40960105e-02 -1.82085987e-02  6.59721494e-02
 -2.60493573e-04 -3.20405290e-02 -1.79293123e-03 -6.68759122e-02
  4.71769013e-02  5.57988975e-03 -4.40939441e-02 -8.10467973e-02
 -1.71341356e-02  4.89102537e-03 -1.79729480e-02 -5.49602835e-03
  3.72684374e-02  3.64691652e-02 -1.02529339e-02 -1.84230879e-03
 -5.29486053e-02  4.18552523e-03 -1.24595454e-02 -2.32357830e-02
 -3.59388366e-02  1.69070121e-02  2.13919729e-02  1.34572769e-02
  3.80783491e-02 -2.33152211e-02  9.16014612e-03  2.18333639e-02
 -4.04002517e-03  1.65658724e-02  5.91207929e-02 -1.16584376e-02
 -2.71866620e-02 -8.12894404e-02 -1.82442516e-02  1.61525961e-02
  7.64307380e-02  1.77485887e-02 -9.65074450e-02 -4.85929486e-04
  8.85038972e-02  3.70364860e-02 -4.34648767e-02  6.70622741e-34
  5.23572564e-02  1.42537961e-02  5.68994833e-03 -1.86786186e-02
 -5.39349914e-02 -6.20869547e-02 -8.14942177e-03 -2.91803828e-03
  1.84857044e-02 -1.44785941e-02  4.77671325e-02  2.14161463e-02
  7.56403208e-02 -1.31150298e-02  1.57492831e-02  3.30407871e-04
  2.44427510e-02  1.29066203e-02 -1.81579962e-03 -6.95684850e-02
  3.97263095e-02 -4.47898693e-02 -8.90844092e-02  5.10594547e-02
 -9.14540961e-02  4.71360758e-02  5.18043935e-02 -7.94843538e-04
  4.24721986e-02  2.69917846e-02 -5.17886169e-02  1.68991722e-02
 -3.23737226e-02 -3.13792261e-03 -4.91569415e-02  7.11955577e-02
  3.30130570e-02 -1.11710593e-01 -6.16024807e-02 -5.69700077e-02
  5.71295433e-02  2.57556848e-02 -5.97476363e-02 -4.55130637e-02
 -3.67208570e-02  1.14929769e-03  2.54774578e-02  1.08474709e-01
 -2.18129065e-02 -1.52735563e-03  2.71607693e-02 -2.06334726e-03
 -7.79203251e-02 -5.95492981e-02  6.52728509e-03 -4.72418331e-02
  3.71760540e-02 -4.09756564e-02 -4.86378260e-02 -4.58854213e-02
 -4.40159068e-02  1.91078503e-02 -2.40991618e-02 -6.46518767e-02
 -2.79475749e-03 -4.65351865e-02  3.36141586e-02 -1.90947317e-02
  8.08790848e-02  3.68838795e-02  2.16012411e-02  2.63527706e-02
 -9.37739611e-02 -4.43063192e-02  8.82568806e-02  8.45133066e-02
 -3.43795270e-02 -4.75981571e-02 -3.77596356e-02  3.34410407e-02
  2.57799923e-02 -3.65671255e-02  5.48825040e-02 -2.25993544e-02
  8.67146254e-02 -5.03933989e-03  1.76583640e-02 -2.39762422e-02
 -1.20018693e-02  1.12629935e-01 -6.58161193e-02 -6.04385920e-02
 -2.12225821e-02  9.09181982e-02 -1.33217108e-02 -5.43068310e-08
  3.99807431e-02  4.23526801e-02  2.13703383e-02 -2.97204386e-02
  8.13009739e-02  1.78360268e-02 -1.18601480e-02  4.81658205e-02
  2.58148136e-03 -9.28721798e-04  6.76922724e-02  6.43046796e-02
  8.58386457e-02  7.66919404e-02 -5.39259277e-02  6.72901794e-02
  3.12034506e-03 -6.12930991e-02  1.09300250e-02  1.64024327e-02
 -4.49646674e-02  3.05258743e-02 -4.21382785e-02 -6.13272302e-02
  7.63288811e-02 -8.47384986e-03  1.17735527e-02  7.21282735e-02
 -4.31650467e-02 -4.43175063e-02 -2.42583100e-02 -7.94670284e-02
 -4.96061891e-02  1.97488349e-02 -2.72315964e-02 -1.85161084e-02
  1.89333744e-02  1.44106792e-02  1.96953882e-02  1.63317826e-02
 -1.43616768e-02  1.18152931e-01  2.10193861e-02  4.48836572e-02
 -1.08379703e-02 -6.74062297e-02  7.87745230e-03  5.27151190e-02
  2.08512899e-02  1.75586380e-02  2.36060005e-02 -6.09498620e-02
  1.87061839e-02  4.61730808e-02  4.71096709e-02  2.01577935e-02
 -7.14498311e-02  6.71388283e-02 -7.79269412e-02  6.22515939e-02
  3.27267833e-02 -1.36471525e-01 -8.09311643e-02  9.42823198e-03]",False,False
Fox Host Calls Climate Change &#39;Psyop&#39; As Hawaii Burns | The Kyle Kulinski Show,Secular Talk,progressive,"worry you into giving you more of their money. you know the World's Gonna Change. everyone's gonna die. tax me, tax me, tax me. and when someone is that anxious, they will do anything to solve the problem. and the government says we just need to spend more money to solve the problem and that money goes to their donors. they're going after people who are, I guess, seeing therapists because they're worried about climate change or something and they're using this as like a haha, stupid liberal segment and he says it's a psyop and it's a conspiracy by big business to get, uh, Americans taxed more or something. I love how they invert the conspiracy. no, Jesse, the conspiracy is out in the open. the conspiracy is Exxon Mobil and Chevron and a big oil and all of these dirty energy companies making a tremendous amount of profit. they want to continue to make a tremendous amount of profit. so what they do is they hire mercenary junk scientists to pretend like they are not leading to climate change, and that gets everybody to drag their feet and not do enough to fight back, even though you have like 98 or 99 of the climate scientists saying this is a real problem and we need to address it. you have like 99.8 percent of studies in a in a giant meta-analysis showed: yes, climate change is real, it's happening and it's largely man-made. still want to swad it.",0.985,"[-4.58542444e-02 -4.53062318e-02  8.71105716e-02  6.27517998e-02
  2.54673716e-02 -3.74112390e-02  3.06908004e-02  3.38253900e-02
  2.20697988e-02  1.37321604e-02 -2.28206851e-02  2.13685464e-02
 -2.35000253e-02 -3.16196643e-02 -7.85818323e-02  1.00661404e-01
 -1.51695991e-02  1.61738768e-02 -4.67783883e-02  7.01985583e-02
 -2.22511105e-02 -7.47716352e-02 -1.59602687e-02  7.21621886e-02
 -2.38928664e-02  4.04066220e-02 -1.02514625e-01 -6.00048974e-02
 -7.40897357e-02  1.19792074e-01  3.36908661e-02  2.76293252e-02
 -1.01599284e-01  3.82917300e-02  5.91808595e-02  8.20818394e-02
  1.31971249e-02  1.51128564e-02  2.81176791e-02 -5.71449520e-04
  3.95491049e-02 -1.18255548e-01  1.97467022e-02 -2.28291713e-02
 -5.33870719e-02 -1.07567348e-02  4.22637351e-02  2.41914205e-03
  7.03998953e-02 -6.64879233e-02 -6.34264667e-04 -3.15906592e-02
 -1.70480739e-03 -7.54411295e-02 -5.83423069e-03 -7.72567093e-02
  8.74468833e-02 -7.29904603e-03  3.86386998e-02  1.44623965e-02
  4.39200178e-02 -9.01983306e-02 -2.46015657e-02 -1.35994563e-03
  6.11940064e-02  5.12977354e-02  5.11335656e-02  2.02780999e-02
  8.55939090e-03 -5.14064878e-02  2.88597345e-02  1.09416451e-02
  3.46759483e-02 -2.29385998e-02  1.56727452e-02 -9.36997961e-03
  1.49214612e-02  5.75833209e-02  1.18719749e-01 -5.75086251e-02
  1.19648561e-01  1.12182265e-02  9.29335803e-02 -5.26949093e-02
  1.72164924e-02 -1.93051547e-02  4.31670174e-02  2.33067032e-02
  1.36184618e-01  5.20412698e-02 -1.01223603e-01 -1.06485523e-01
  1.12624941e-02  3.82921472e-02 -1.85608324e-02  7.75825977e-02
  3.31194177e-02  1.31629407e-02 -1.38142556e-02  2.19331980e-02
  5.61674908e-02 -1.02775935e-02  1.12734362e-03 -9.45423171e-02
 -3.23867761e-02 -4.14798781e-03 -1.02327280e-01  1.10854637e-02
  2.88978424e-02 -2.39113700e-02 -2.41344199e-02  6.76699867e-03
  2.29648268e-03 -5.18238731e-03  4.42889845e-03  3.59697379e-02
  1.27194859e-02 -1.71233099e-02 -4.38352749e-02 -1.70847122e-02
  4.07894775e-02  4.33087870e-02 -4.96265888e-02  2.21235435e-02
  8.13847184e-02 -5.51685579e-02 -6.65723532e-02  1.03440507e-34
  3.63105722e-02  1.06773235e-01  9.73690599e-02 -2.36034058e-02
 -3.23119946e-02  6.08175918e-02 -4.15808111e-02  6.71497686e-03
 -9.90455523e-02  5.25084659e-02 -4.83649261e-02  5.91529645e-02
  2.79824771e-02  1.21973135e-01 -7.17522651e-02 -1.43444344e-01
 -7.52907693e-02 -4.30903547e-02  2.24852879e-02 -1.81938782e-02
  3.96641679e-02 -6.09960919e-03  6.18035607e-02  8.06885436e-02
  2.47948468e-02 -6.72271997e-02 -7.24853575e-02  9.64898523e-03
  2.05631591e-02  1.04922494e-02 -1.42625663e-02  2.03934759e-02
  3.81513387e-02  1.45653542e-02 -5.00505790e-02 -8.41214061e-02
  5.28398566e-02  1.54533256e-02 -3.56026217e-02 -3.79886478e-02
  5.96312433e-03  9.70740020e-02 -4.09216508e-02  3.14319767e-02
 -4.20517810e-02  1.91824418e-02  7.63327405e-02  1.68989934e-02
 -9.95438993e-02 -2.38677282e-02 -1.35517623e-02  9.33322608e-02
 -9.33337770e-03 -3.45801860e-02  3.47000025e-02 -6.96916357e-02
  1.85888316e-02 -8.00554082e-02 -4.15838463e-03 -9.47600827e-02
  6.88509718e-02  2.28657145e-02 -6.10542372e-02  7.72930905e-02
 -2.67625581e-02  5.90701476e-02  3.60458530e-02  2.58977227e-02
  1.26003416e-03  6.05356097e-02  1.02164494e-02 -2.41319351e-02
 -5.63316839e-03  1.87977552e-02 -1.53409215e-02 -2.93470845e-02
 -2.51349621e-02  2.62537822e-02 -5.27420901e-02  5.43411411e-02
  1.80656854e-02 -3.25378440e-02  7.15167448e-02  2.69602938e-03
 -7.78220519e-02 -4.99013998e-02 -4.21734788e-02  8.05145353e-02
  5.07152267e-02 -1.00381166e-01 -9.06434581e-02 -5.74640557e-02
  9.22037736e-02  2.62556523e-02 -2.39798762e-02 -2.37810185e-33
  8.11400078e-03 -1.52490623e-02  4.34339345e-02 -6.96275905e-02
 -2.17293110e-02 -2.36163232e-02 -6.72184490e-03 -1.13048196e-01
  1.94001887e-02  5.11321425e-02 -3.38420831e-02  4.01582494e-02
  3.47022265e-02 -1.81525461e-02  2.48640007e-03 -9.40979272e-02
  2.23766603e-02  9.95142292e-03 -2.92498767e-02 -1.02776758e-01
  1.21755414e-02  7.55797401e-02 -4.52417210e-02  7.55387321e-02
 -4.27113622e-02  2.20003119e-03  5.02267182e-02 -7.60607049e-03
  8.19793120e-02  2.64078230e-02 -5.17565571e-02  1.03201084e-01
 -2.86118314e-02 -2.51153503e-02 -6.03559837e-02  8.13771635e-02
 -4.64941747e-02 -4.96169850e-02 -3.56790908e-02 -5.18167056e-02
  3.69749963e-03 -4.15755063e-02 -8.33572671e-02 -5.69993444e-02
 -4.55252118e-02 -2.64291391e-02 -3.17951515e-02  1.84812564e-02
 -2.17195768e-02  5.67614753e-03  2.70403996e-02  2.51525994e-02
  2.47280169e-02 -1.11363707e-02 -3.09842806e-02 -5.66595905e-02
 -1.59386788e-02 -4.25366759e-02 -1.82178877e-02 -1.22245634e-02
 -1.48553150e-02 -1.75023060e-02  1.38785858e-02  3.65665890e-02
 -1.94368530e-02 -1.01333968e-02 -9.75659303e-03 -8.42606202e-02
  5.18464632e-02  1.31354528e-02  2.25026850e-02 -3.08095235e-02
 -4.80082780e-02 -4.66513187e-02  5.40840998e-02  7.11168796e-02
 -5.36349826e-02  6.29873015e-03 -2.86366064e-02  4.53768820e-02
  8.19633752e-02 -7.61741474e-02  1.22589156e-01  1.28110489e-02
  4.06239666e-02 -1.06889242e-03  1.30137205e-02 -1.88197460e-04
 -1.13073671e-02  3.90133075e-02 -6.12491742e-02 -6.19016066e-02
  8.83959420e-03  7.30227679e-02  2.07013153e-02 -5.51757893e-08
  3.21012810e-02 -1.38515057e-02 -1.72780938e-02  5.37644420e-03
 -4.42595873e-03 -8.28098506e-02 -6.64402694e-02  8.90891477e-02
 -1.61707550e-02 -1.31236520e-02  1.28710642e-01  2.78915837e-02
  5.18072881e-02  3.42843831e-02 -2.12641563e-02  2.28661373e-02
  2.16379715e-03  4.48755287e-02 -2.46463232e-02 -3.75187322e-02
 -5.23843393e-02 -4.89848806e-03 -2.49975659e-02 -1.82744339e-02
  8.69906172e-02  1.81526579e-02  2.58469377e-02  3.77054177e-02
  1.79847945e-02  4.57436256e-02 -5.07790595e-02 -9.63980779e-02
 -4.91181724e-02  2.79993974e-02 -6.58504888e-02 -3.56811993e-02
 -1.27902497e-02  9.43171978e-03 -1.20972153e-02  4.58083004e-02
  2.19407920e-02  5.25344796e-02 -3.41307446e-02  1.49066839e-02
 -5.39402589e-02 -3.76906358e-02 -6.26225322e-02  1.77678429e-02
  6.62637651e-02 -2.06180867e-02  6.62516803e-02 -6.21560290e-02
 -3.42016891e-02  4.99841012e-02 -1.00426311e-02 -1.14861894e-02
 -9.48389992e-02  6.12472743e-02 -5.19515201e-02 -1.17614130e-02
 -9.06224772e-02 -6.41389266e-02 -1.95822362e-02 -3.05312444e-02]",False,False
Fox Host Calls Climate Change &#39;Psyop&#39; As Hawaii Burns | The Kyle Kulinski Show,Secular Talk,progressive,"aside, because I got one mercenary For Hire junk scientists who said: actually it's not our fault and so let's just keep, uh, using oil and gas until the cows come home forever, and so that's the real conspiracy. the real conspiracy are the climate change deniers. but he flips it. oh yeah, it's a psyop on behalf of big business, because the government wants to tax you or something. by the way, Jesse, do you have anything to say about the fact that under Republican administrations, working people pay more in taxes? do you have anything say about that? under Democratic administrations, where can people pay less in taxes? do you have anything to say about that? no, I didn't think so. so it's. it's just standard climate denial nonsense. and now it's happening at a time where even people's anecdotal experience is lining up with the data it used to be. you look at the data, the data says one thing, and then you talk to individuals and they go. I don't know. things seem pretty normal. now we're at the point where the data says one thing and the anecdotal experience says the same thing. everybody just came off the hot, the hottest month ever recorded in human history. yeah, I think people are going to notice that, Jesse, and I think they're gonna have some concerns. so anyway, at the same time- or I should be clear, I think it was maybe a day before- um.",0.704,"[-6.53152391e-02 -5.43699488e-02  1.13101572e-01  7.40632415e-02
  5.35743870e-02 -5.66123240e-02 -1.10509144e-02  5.69017529e-02
  2.63997563e-03  3.38261202e-02 -3.92399123e-03  7.08780885e-02
 -2.02780087e-02 -3.80835049e-02 -4.46409956e-02  6.33588731e-02
 -3.11418884e-02 -3.51811037e-03 -7.08249956e-03  2.57479511e-02
 -4.71940171e-03 -6.84595434e-03 -1.44227582e-03  6.14940524e-02
  1.01294294e-02  2.76210345e-02 -7.13918880e-02 -2.99033392e-02
 -9.68371853e-02  8.57447386e-02  2.28637345e-02  2.52287611e-02
 -1.23346083e-01  4.57876138e-02  9.19039100e-02  3.02198026e-02
  8.25127140e-02  2.74789091e-02  2.46850103e-02  5.15738241e-02
  2.76049916e-02 -1.46445602e-01 -1.96689349e-02 -2.99076866e-02
 -8.25450048e-02  4.67879288e-02  5.06937467e-02  1.10927206e-02
  7.66988099e-02 -7.03732818e-02 -1.89806372e-02  5.28221317e-02
  1.64058656e-02 -4.75515686e-02 -3.23779765e-03 -5.65462783e-02
  3.06414329e-02  3.48774679e-02  2.70596649e-02 -2.56626084e-02
  4.81980741e-02 -3.44467424e-02 -4.87468317e-02  4.04962488e-02
  5.50924353e-02  3.86057608e-02  1.22616375e-02 -1.13302302e-02
 -2.00422052e-02 -2.63532884e-02 -1.33983034e-03  3.37471329e-02
 -2.29216777e-02 -7.07312394e-03  2.15283856e-02 -1.15875909e-02
  2.28489004e-02  5.50972447e-02  1.59151256e-01 -8.19571540e-02
  1.02882884e-01  6.27084523e-02  5.05358987e-02 -4.31059226e-02
  1.16215264e-02 -4.25479449e-02  4.44239527e-02  5.81380585e-03
  1.04812898e-01  2.57770326e-02 -8.76439661e-02 -1.26041174e-01
  3.37388329e-02  6.37655407e-02 -7.89406244e-03  8.14006478e-02
  6.77324086e-02  1.81305986e-02 -1.80832148e-02  1.20623680e-02
  2.05024444e-02 -3.17971036e-02 -2.77295243e-02 -8.60598981e-02
 -1.34518063e-02  1.97527204e-02 -9.42751095e-02  7.47600058e-03
  1.30750472e-02  7.99170695e-03 -6.19198196e-02 -1.46898683e-02
 -1.78527925e-02 -5.23933880e-02  2.81366780e-02  3.04393228e-02
  3.28609953e-03 -4.65586260e-02 -8.22858438e-02 -5.49070984e-02
  1.76327955e-02  1.27279258e-04 -4.16982733e-02  8.22045729e-02
  9.94426981e-02 -7.12688193e-02  1.56000713e-02 -1.26810586e-34
  9.19100419e-02  5.08896634e-02  4.95334901e-02 -2.80218609e-02
 -4.45998199e-02  4.62504961e-02 -8.71960968e-02 -6.75950851e-03
 -5.70551194e-02  8.25682059e-02 -2.90401597e-02  4.73175980e-02
 -2.14632470e-02  7.25335851e-02 -4.42812294e-02 -5.61373979e-02
 -6.75834268e-02 -1.19963624e-02  4.74761575e-02 -1.42729441e-02
  3.01684882e-03 -1.34300841e-02  4.95260470e-02  2.82706004e-02
  1.12527711e-02 -2.99197789e-02 -3.14302891e-02  3.01104803e-02
  1.78986955e-02  2.78082751e-02 -5.28078303e-02  7.04433862e-03
  4.55080308e-02 -5.21239871e-03 -3.37060653e-02 -9.54836085e-02
  5.96857890e-02 -1.69261042e-02 -3.72550339e-02  7.72942370e-03
 -1.41659798e-02  6.88797757e-02 -2.27005352e-04 -1.79947447e-02
 -1.25536770e-02 -3.55542568e-03  1.42053068e-01  2.44581569e-02
 -1.10365637e-01 -5.98915927e-02 -1.85471103e-02  5.66559695e-02
  3.74984033e-02 -2.69664060e-02 -1.37453288e-04 -2.81900894e-02
  2.31533870e-02 -9.81596857e-02  2.23603100e-03 -5.43429181e-02
  4.25909460e-02  6.21372089e-02 -5.46911880e-02  4.80234735e-02
 -2.51285173e-02  3.84945348e-02 -2.03883443e-02  2.19854470e-02
  6.05009086e-02  6.10335208e-02  5.73479496e-02 -3.14771347e-02
 -4.28018011e-02 -1.21516436e-02  6.01537153e-02  1.03323022e-02
 -1.15407752e-02  3.29760388e-02 -6.42119721e-02  2.71033067e-02
  6.59629377e-03 -8.32709670e-02  9.83025879e-02 -2.85148807e-03
 -1.13792114e-01 -3.47013772e-02 -3.36295031e-02  5.37563600e-02
  6.35038018e-02 -6.61269054e-02 -4.53821607e-02 -7.87940808e-03
  6.22698441e-02 -2.53076144e-02 -1.16726924e-02 -1.71893329e-33
 -6.05904944e-02  2.47066915e-02  2.34061386e-02 -3.88710648e-02
 -1.47500320e-03  3.27208615e-03  4.55350243e-02 -3.97217385e-02
  7.04812119e-04  6.31902087e-03 -1.09645575e-02  6.00445736e-03
 -4.30732686e-03 -4.71344851e-02  4.81294766e-02 -5.29003032e-02
 -2.98864930e-03  1.58489263e-03 -1.99178010e-02 -1.06134251e-01
 -2.19170228e-02  6.53819218e-02 -7.25804716e-02  7.97384903e-02
 -6.12214059e-02  8.63071717e-03 -9.83342435e-03  1.75158605e-02
  3.71373855e-02  3.42005119e-02 -5.90470619e-02  1.29549995e-01
 -1.22252414e-02 -7.71159232e-02 -3.67075838e-02  5.65710701e-02
 -5.87980077e-02 -3.16574909e-02 -4.64466400e-02 -9.86767337e-02
  5.39861284e-02 -2.88078915e-02 -4.35760841e-02 -8.92295688e-02
 -7.54825911e-03 -5.46201691e-02 -4.90295663e-02  4.04185243e-02
  4.66092452e-02  2.55288463e-02  3.14230919e-02  3.92393619e-02
  1.15222605e-02 -1.36895636e-02 -6.95036585e-03  8.78943503e-03
 -7.19907554e-03  1.64534003e-02 -1.51293389e-02  1.38548240e-02
 -7.68343359e-03 -1.14384191e-02 -2.46782023e-02  2.46248599e-02
  3.22037525e-02 -2.94841137e-02  5.71889523e-03 -1.10977985e-01
  1.06452376e-01 -2.68770494e-02 -2.34374981e-02 -6.71320856e-02
 -6.28657341e-02 -6.49826676e-02  5.73868714e-02  4.14098278e-02
 -4.82147969e-02  1.48645625e-03 -2.54776981e-02  1.13931835e-01
  7.17575699e-02 -1.36128515e-01  8.88449326e-02  2.90701282e-03
  5.95596619e-02  9.58180800e-03 -6.53400868e-02 -3.11164353e-02
 -5.29433088e-03  1.16991654e-01 -8.78426731e-02 -6.55061975e-02
 -5.36451228e-02  5.90773337e-02  2.76660379e-02 -6.48500915e-08
  8.62661004e-02  3.56706157e-02  3.08542904e-02  4.10877950e-02
  1.10985879e-02 -7.63622448e-02 -4.05796543e-02  6.89901784e-02
  1.09648658e-02 -1.81180201e-02  7.24906623e-02  5.29817902e-02
  3.03220786e-02  3.12405750e-02 -6.01540320e-03  4.24679257e-02
 -1.30772190e-02 -1.82194263e-02 -4.46213074e-02 -2.16671266e-02
  1.94331910e-02 -2.22343430e-02 -1.15202457e-01 -2.42467783e-02
  1.33497402e-01  1.01065319e-02  5.32061979e-03  9.23609212e-02
  4.32373211e-02  1.55581934e-02 -3.36580575e-02 -8.52769688e-02
 -6.70412108e-02 -1.72524061e-02 -2.20081508e-02 -5.15495017e-02
 -4.22081491e-03  3.37878093e-02  6.00214815e-03 -1.78537145e-02
 -4.50260658e-03  9.13366154e-02  1.56460446e-03  2.97940262e-02
 -2.29406375e-02  3.56278867e-02 -5.88749871e-02  6.59461133e-04
  2.24488601e-03 -3.48617323e-03  2.42088214e-02 -5.72415590e-02
  1.02374014e-02 -4.75468347e-03  5.05193584e-02 -5.83109930e-02
 -6.09288737e-02  2.72504669e-02 -6.76048920e-02 -4.33076769e-02
 -8.14203266e-03 -2.74447836e-02 -3.39171439e-02 -1.12539884e-02]",False,False
Fox Host Calls Climate Change &#39;Psyop&#39; As Hawaii Burns | The Kyle Kulinski Show,Secular Talk,progressive,"is what this beautiful place looked like, and then now it looks like that it is. uh, it's a nightmare and a lot of people lost absolutely everything. now you might be watching this and saying, well, yeah, but how does this link up to climate change? well, we've experienced this in the American West. we've seen what's happened as a direct result of climate change. let me show you that chart. so there are now more wildfires than there ever were. over the past six decades, there has been a steady increase in the number of fires in the western US. in fact, the majority of Western fires- 61 percent- have occurred since the year 2000. this is what the graph looks like. you have a steady, consistent increase here. this is in the American West and apparently those fires are also larger. they say those fires also burn, are burning more acres of land. the average annual amount of Acres burned has been steadily increasing since 1950.. the number of mega fires, fires that burn from more than 100 000 Acres, which is 156 square miles, has increased in the past two decades. in fact, no documented mega fires occurred before 1970.. and now we get them. we'll get this chart. and when I think of a wildfire, I do not think of Maui. you know it's tropical. it rains there quite a bit, but apparently it dried out and then there was a very rare wind event.",0.973,"[ 1.07910588e-01 -1.45279793e-02  9.43320990e-02  6.60876557e-02
  4.84010018e-02 -5.18166693e-03 -8.65437239e-02 -1.75127760e-02
 -6.65729051e-04  6.09785579e-02 -1.69293061e-02  2.73747165e-02
  7.07840770e-02  6.20473810e-02  1.12516349e-02  7.87082613e-02
 -1.25664547e-01 -9.31849033e-02 -6.27012253e-02 -1.21416384e-03
 -1.66085381e-02  4.41956148e-02  1.20778764e-02  2.79138759e-02
  8.84518400e-03 -1.78931653e-02 -7.92163014e-02  1.22389004e-01
 -6.25048131e-02  3.19990851e-02  3.63532044e-02  5.37581630e-02
 -4.56453487e-03  5.05242869e-02 -1.36306547e-02 -5.32579571e-02
  6.02630246e-03  3.36237997e-02 -3.53793390e-02  7.25300089e-02
 -7.05786329e-03 -2.49144677e-02  2.98090018e-02 -2.25839671e-02
 -8.94555897e-02  4.65501472e-02 -9.45756584e-02  1.16842026e-02
  2.83229426e-02  4.57115136e-02  4.42683026e-02  9.30745080e-02
 -5.66419140e-02 -4.33945023e-02 -8.58451519e-03 -6.27925694e-02
  5.71238473e-02 -3.98526266e-02 -3.29945469e-03 -2.15475205e-02
  6.16624169e-02  2.58727949e-02 -2.75020185e-03  4.91233543e-03
  1.61531735e-02 -3.86624746e-02 -1.01417359e-02 -1.08471969e-02
  5.81244975e-02 -6.41883761e-02  1.84664298e-02  6.76144361e-02
 -1.52524803e-02 -5.48841283e-02  1.36936158e-02 -5.96706346e-02
  1.75086595e-02  1.36247158e-01  6.08088076e-02 -9.09750313e-02
  1.17868230e-01 -4.56970278e-03  6.65609837e-02 -3.62511016e-02
 -6.64532036e-02  5.44853099e-02  1.39425537e-02 -5.06043248e-02
  3.22787128e-02 -2.48365942e-02 -4.26220298e-02 -5.19762002e-02
  9.78254806e-03  8.51785466e-02  1.91091523e-02  1.18212238e-01
  2.98836734e-02 -1.78424753e-02 -3.18186171e-02 -4.98722196e-02
  2.79921424e-02 -2.85020340e-02  2.87269941e-04 -1.49825722e-01
  2.41626091e-02 -2.88592782e-02 -4.14149649e-02  5.77711463e-02
 -9.27293897e-02 -6.44319504e-02  6.03304012e-03  1.07007055e-02
 -3.34061794e-02  4.95748408e-02  5.40002957e-02 -8.64195749e-02
  2.49137692e-02 -6.89135790e-02 -4.81098555e-02 -4.60383706e-02
 -5.35452785e-03  3.43533903e-02 -4.88175154e-02  5.89983128e-02
  6.09873645e-02  5.19317621e-03  5.67760039e-03  2.57499201e-33
  9.19962898e-02  3.58092114e-02 -7.02148443e-03  2.92497203e-02
  4.89839800e-02 -9.13888812e-02 -3.49759273e-02 -5.64911738e-02
 -5.87345660e-02 -2.25179438e-02 -1.62477717e-02  3.82324420e-02
  2.12360211e-02  6.83792010e-02  1.33801838e-02 -5.34346178e-02
  8.34899023e-03  8.15756794e-04 -1.35213835e-02 -3.65637243e-02
 -7.26505294e-02  2.03888156e-02  6.51789904e-02  2.54449714e-02
 -3.92311402e-02  1.61786508e-02  2.09210180e-02  6.15555979e-02
 -5.56588024e-02 -2.01669224e-02  2.09662784e-02  9.77304578e-03
 -4.30586422e-03 -9.84101444e-02  2.13321932e-02 -8.78333971e-02
  4.47043180e-02  7.68454373e-03 -9.34782089e-04 -1.90840132e-04
 -8.62647891e-02  2.86133811e-02 -6.21703081e-02  9.70383734e-03
  1.11026801e-01  4.15010192e-02  1.11944318e-01  6.89200461e-02
 -1.11971654e-01 -7.03992182e-03 -7.66649023e-02  1.82309598e-02
  5.95089309e-02 -8.45453981e-03 -4.61397320e-03  2.06113458e-02
  5.39950579e-02 -3.24595720e-02  2.93666795e-02  1.24348770e-03
  1.19383372e-02 -2.35981261e-03 -2.41868943e-03 -7.70027004e-03
 -1.70664955e-02 -6.43850537e-04  7.06184283e-02  4.41735722e-02
  2.34919338e-04  1.16525225e-01  4.63717803e-02  1.75360665e-02
  1.24149472e-02  2.85773892e-02  4.36331332e-02 -2.92204358e-02
  2.74485126e-02 -3.53212059e-02 -7.88876861e-02  9.07402635e-02
 -7.43272603e-02 -3.62016633e-02  1.96547434e-02 -1.05395205e-02
  1.66162215e-02 -9.86892357e-02  5.43218628e-02 -5.16364761e-02
  4.16409969e-02  7.90300500e-03 -6.89232126e-02 -3.34885828e-02
  7.25291818e-02  2.51612123e-02  1.72319897e-02 -2.68077805e-33
 -1.39069306e-02  9.01373848e-02  1.17143663e-02  6.00047316e-03
 -9.57125723e-02 -8.24557692e-02  9.15110763e-03  2.66890656e-02
  2.92693288e-03 -5.70314899e-02 -2.22198013e-03  3.16864662e-02
  6.50280416e-02  1.60624627e-02 -3.56492884e-02 -3.65755409e-02
  8.05581436e-02  1.32124238e-02 -8.72545317e-02 -7.07508549e-02
 -1.99694447e-02  1.36926025e-02 -3.18329073e-02 -3.54425050e-03
 -9.35977623e-02  3.04323100e-02 -5.76366447e-02 -3.57427634e-03
 -3.75274718e-02 -4.36362438e-02 -6.54556230e-02  1.19226724e-02
  3.49144526e-02  4.54356000e-02 -6.83555827e-02  1.29299266e-02
  9.55786481e-02 -9.33320895e-02 -1.22470059e-03 -7.20146522e-02
  5.31515442e-02 -1.67438630e-02  1.82269681e-02 -7.11894333e-02
  3.24438065e-02  1.55998962e-02  5.44763468e-02 -8.47225823e-03
  1.81837585e-02  5.68224527e-02  4.38037850e-02 -1.25639848e-02
 -1.01480559e-01  6.52513281e-02 -2.08904799e-02 -2.26029195e-02
  8.01073667e-03  4.16556373e-02 -7.10550621e-02  3.37917469e-02
 -5.98612055e-02  2.75388011e-03 -3.02595180e-02  4.95019928e-02
  6.33452460e-03 -3.31918709e-02 -2.90621421e-03 -9.22854692e-02
  5.08797094e-02  5.95680214e-02 -1.75515432e-02 -1.56082530e-02
 -1.15645088e-01 -8.50217976e-03  8.47902820e-02  6.04372211e-02
 -4.14704718e-02 -1.31177930e-02 -6.53098163e-04  8.28850642e-02
  6.53534802e-03 -5.35644516e-02 -3.06792296e-02  1.42588969e-02
  1.90218575e-02  1.82121415e-02 -5.48796728e-02 -5.77401221e-02
 -5.28727174e-02  1.02046981e-01 -8.03564191e-02 -5.10687567e-03
 -9.34666619e-02 -4.43321168e-02  3.00365463e-02 -5.15181249e-08
  8.07387941e-03  7.28924796e-02 -6.78030262e-03  5.48714362e-02
  5.82614765e-02 -4.77705374e-02  9.82545391e-02  6.38717115e-02
 -7.67211094e-02 -1.51560840e-03  3.63868698e-02  4.13496941e-02
  5.65914959e-02  5.91231920e-02 -3.42991725e-02 -7.85328969e-02
  3.86913903e-02 -3.78153659e-02 -1.11188963e-02 -3.41570191e-02
  8.07252945e-04  1.31679298e-02 -1.48240672e-02  2.53345389e-02
  4.09629717e-02 -1.57885216e-02 -1.74703710e-02  7.53170922e-02
 -7.31067955e-02  1.79035421e-02  4.41418812e-02 -1.12109326e-01
 -2.81932764e-02 -4.19814400e-02  5.84318209e-03 -4.44846228e-02
 -3.10560241e-02  6.90551102e-02 -2.34959889e-02 -4.30486761e-02
  5.63915670e-02  1.57228671e-02  4.39910032e-02  4.11302857e-02
  3.30843171e-03 -4.07229103e-02 -2.66814828e-02 -1.53579004e-02
  4.77842428e-02  3.64202261e-03  4.58016284e-02 -9.60322246e-02
  4.40781470e-03  1.77081246e-02  6.39737621e-02 -3.82675119e-02
 -1.72320288e-02 -1.54910581e-02  5.27434796e-02  6.21568635e-02
  8.47329479e-03 -3.04204617e-02 -6.06673285e-02 -3.35988812e-02]",False,False
Fox Host Calls Climate Change &#39;Psyop&#39; As Hawaii Burns | The Kyle Kulinski Show,Secular Talk,progressive,"where there were 70 mile an hour winds and the, the fire just cut through everywhere like a hot knife through butter and uh, again, this is directly linked to climate change. how much more evidence do these people need? how much more do you need? do you need me to bring up the climate chart, the temperature chart where it's been steadily Rising, where the pattern is rising, Rising, Rising. now, what they often do is they point to well, there's also cold records from time to time, but the way climate change works is that you get extremes on both ends of the spectrum. one of the potential side effects of climate change is that the ocean current is collapsing and that's supposed to make it so that, like the UK, enters like Ice Age, and that's all a direct result of climate change. it does it just. it makes the climate go Haywire effectively. that's what happens, and you're also going to have drought, you're also going to have famine, you're also going to have wars over water. this is all like documented and this is stuff that we know is coming, and every time they look at it they say, oh my God, this is worse than what we thought the worst case scenario was. we're all living in it right now and they still want to do their. haha, stupid liberal segment about some people going to see a climate therapist or something seems like.",0.999,"[-1.71087626e-02  3.51034887e-02  1.30086556e-01  5.62089719e-02
  1.05932593e-01  1.55013157e-02 -6.19360022e-02 -1.53613053e-02
 -2.00370178e-02  4.32031900e-02 -4.60569896e-02 -6.77274317e-02
 -2.53611077e-02  2.70540640e-02 -6.14555515e-02  4.75206412e-02
 -1.65450171e-01 -6.59245327e-02 -8.38785022e-02  6.33104704e-03
  2.35361569e-02  2.80217249e-02 -1.16714416e-02  5.86651713e-02
 -8.21047500e-02  2.86320206e-02 -3.13325264e-02  5.70549220e-02
 -9.54944193e-02  8.29171836e-02  2.60540769e-02  5.47833815e-02
 -8.28751642e-03 -6.70387642e-03 -4.28713625e-04  3.31760459e-02
  7.23114759e-02  4.63376269e-02 -4.98740003e-02  2.23879125e-02
  1.40806856e-02 -8.29706490e-02  3.11091300e-02 -3.40962857e-02
 -1.84105672e-02  4.79251072e-02 -2.27585807e-02  2.40796190e-02
 -1.05251474e-02  1.23320892e-02 -2.29333863e-02  1.22643607e-02
 -2.25029252e-02 -6.55062497e-02 -3.96714620e-02 -8.44115168e-02
  1.47711588e-02 -3.27667743e-02 -2.38035470e-02 -4.82496321e-02
  2.24958509e-02 -3.05494536e-02 -1.07081689e-01  3.53375487e-02
  8.11901912e-02 -3.22297798e-03  1.39757460e-02  1.26527533e-01
  4.00633700e-02  2.03796942e-03 -4.84839268e-02  6.57779500e-02
  1.30989905e-02 -3.14612910e-02 -7.76171777e-03 -7.11867809e-02
 -4.88080084e-02  7.64726847e-02  2.15134881e-02 -6.69478327e-02
  1.13686636e-01 -5.36890188e-03  1.04146741e-01 -5.84243946e-02
  1.75468232e-02 -9.03668348e-03  8.30442831e-02 -4.51626964e-02
  4.45589460e-02  3.01513891e-03 -2.82949209e-02 -1.04105353e-01
  6.00006096e-02  7.09991008e-02  2.97751445e-02  1.37660027e-01
  1.39350668e-02 -4.11220156e-02 -7.29082106e-03  3.43225934e-02
 -1.36794439e-02 -3.05195004e-02 -4.24002390e-03 -3.96973602e-02
  5.44442609e-02 -3.63877118e-02 -1.19186141e-01 -3.17304931e-03
  2.37847324e-02 -7.27967843e-02 -1.67519953e-02  6.02589771e-02
 -3.86510640e-02  2.29252484e-02  5.95131554e-02 -6.53955936e-02
 -3.74205001e-02 -4.33680750e-02 -3.12358085e-02 -4.76729404e-03
 -1.14865052e-02  3.67804728e-02 -4.33603041e-02  6.15803637e-02
  6.55426309e-02  7.85672292e-02 -2.23917700e-02  1.87186088e-33
  1.39431164e-01  4.83629033e-02 -1.65779069e-02  5.66962324e-02
  4.49745432e-02 -5.96362315e-02 -1.18392624e-01 -1.72731765e-02
 -3.89575437e-02 -5.88092767e-02 -2.93431897e-03 -7.38285715e-03
 -1.68531388e-02  2.27934401e-02 -2.27961112e-02 -3.08239553e-02
 -7.36856759e-02 -2.43706945e-02 -1.50902558e-03  4.23287712e-02
 -9.26350579e-02 -4.16494422e-02  5.52657768e-02 -4.69124783e-03
  7.58926570e-03 -4.75224592e-02  3.53506319e-02  3.80795896e-02
  3.84942740e-02  9.20119055e-04  1.42954867e-02 -3.93903889e-02
 -3.98269407e-02 -3.47527713e-02 -7.93338101e-03 -4.76727597e-02
 -1.63797550e-02 -5.51408865e-02  3.76875587e-02  5.86378388e-02
 -7.54396468e-02  1.25711225e-03 -6.48263767e-02 -1.94711201e-02
  8.65874141e-02 -5.58234192e-03  7.54123181e-02  2.03258377e-02
 -4.82082739e-02  3.10665723e-02 -1.45248102e-03  2.87272613e-02
 -3.25052813e-02 -4.36123312e-02 -1.67422872e-02 -9.61052068e-03
  5.65430522e-02  1.21989958e-02  5.02673024e-03 -3.82026359e-02
  2.07408015e-02 -4.43135761e-02  5.17347753e-02 -1.08653158e-02
  5.92699088e-02  7.11203814e-02  1.73794590e-02 -2.91659054e-03
 -3.27955447e-02  1.49354441e-02 -7.35531524e-02 -2.06670612e-02
  5.64041138e-02  4.60336171e-02  1.66919194e-02 -2.15022545e-02
  1.94722135e-02 -3.67365852e-02 -4.33140732e-02  9.33688357e-02
  2.11798530e-02 -1.72155201e-02  8.94915778e-03  1.14474515e-03
 -9.15571228e-02 -8.52301866e-02  2.12994423e-02 -4.03275341e-02
  8.78831819e-02 -4.73723572e-04 -2.90960632e-02 -1.31097380e-02
  6.74640238e-02 -4.34567817e-02 -8.00566375e-03 -3.44088539e-33
 -4.07958478e-02  1.68403680e-03 -2.35189386e-02 -1.81012489e-02
 -3.07323392e-02 -1.11256493e-02  3.72176990e-02  2.41619106e-02
  3.23906802e-02 -3.57227549e-02 -3.29942480e-02 -1.19353719e-02
  2.72654537e-02 -2.92342920e-02 -4.43100110e-02 -4.92219552e-02
  3.85334566e-02  3.49088050e-02  7.83951767e-03 -5.44920005e-02
  3.06467786e-02 -2.36420371e-02 -3.05065699e-02 -1.30826700e-02
 -1.65412501e-02  2.13436484e-02  5.51284291e-02 -4.46102582e-03
  3.34980376e-02 -2.13054512e-02 -5.99813424e-02  7.86737651e-02
 -6.58644214e-02 -8.25734623e-03 -9.82409716e-02  8.96507949e-02
  1.60440728e-02 -1.25901969e-02 -7.23081734e-03 -4.35049608e-02
 -6.48207683e-03 -3.43702994e-02  1.52220298e-02 -1.62419230e-01
 -1.83136994e-03  3.47209908e-02  1.12602422e-02  9.85273123e-02
 -4.84292954e-03  4.06803079e-02  9.42666903e-02  1.98930185e-02
 -4.35914844e-02  8.93032644e-03 -1.81427281e-02 -1.16126724e-01
  8.27320945e-03 -1.18834764e-01 -4.61554714e-02  4.54191826e-02
 -9.59606543e-02 -4.87233046e-03 -1.17003601e-02 -1.24025978e-02
  1.92412008e-02 -7.74048120e-02 -3.02552208e-02 -3.82258780e-02
  9.21128541e-02  8.34016949e-02 -2.64616627e-02 -7.99360275e-02
 -5.56497537e-02 -5.85087650e-02  1.05876572e-01  3.54810655e-02
 -9.07573774e-02 -4.37898636e-02 -6.82906806e-02  4.16132808e-02
 -2.22385628e-03 -1.01633547e-02  6.90581948e-02  1.83079112e-02
  4.30632122e-02 -1.96186807e-02  1.74776837e-02  2.14617625e-02
  1.25856958e-02  1.12616979e-01 -3.61525603e-02 -4.55767214e-02
 -4.35713865e-02  1.94184519e-02  2.34133229e-02 -6.34730810e-08
  5.25310487e-02 -1.76043604e-02  3.95740345e-02  5.36674075e-02
  9.83601362e-02 -6.10220172e-02  4.41331305e-02  6.08827285e-02
 -1.10682603e-02  7.36776972e-04  7.39114061e-02  1.00484736e-01
  7.79881179e-02  6.31831586e-02 -1.64740514e-02  1.51819857e-02
  5.11442199e-02 -7.00901747e-02 -5.84642962e-02 -5.63512463e-03
  7.02950405e-03 -7.55215017e-03 -5.01884744e-02  2.68323440e-02
  8.84956047e-02 -4.01402414e-02  8.02896917e-03  1.24045178e-01
 -2.36238874e-02 -3.67676094e-02 -2.12448873e-02 -6.81573525e-02
 -6.42829621e-03  1.07098958e-02 -8.18329584e-03 -4.34721336e-02
 -8.98392797e-02  6.25914782e-02 -6.66672783e-03  1.41239055e-02
  1.18992422e-02  9.90016758e-02 -4.93822619e-03  5.00122420e-02
  3.78618240e-02 -4.12347615e-02 -6.19344749e-02  4.58878353e-02
 -3.51980664e-02  3.21451798e-02 -1.42071847e-04 -3.35986614e-02
  6.82781339e-02  7.16235191e-02  5.85415736e-02  2.75161751e-02
 -1.47020482e-02  2.82994751e-02  4.03464064e-02  1.66576561e-02
  8.93146079e-03 -5.88654317e-02 -6.44479319e-02  3.83284711e-03]",False,False
The Climate Apocalypse Is Here | The Kyle Kulinski Show,Secular Talk,progressive,"all right, guys. so, uh, i regret to inform you that the climate apocalypse is here. it is here. carbon dioxide levels are highest in human history. humans pumped 36 billion tons of the planet warming gas into the atmosphere in 2021, more than in any previous year. it comes from burning oil, gas and coal. the amount of planet-warming carbon dioxide in the atmosphere broke a record in may, continuing its relentless climb. scientists said friday it is now 50 higher than the pre-industrial average before humans began the widespread burning of oil, gas and coal in the late 19th century. there is more carbon dioxide in the atmosphere now than at any time in the last four million years. national oceanic and atmospheric administration officials said the concentration of the gas reached nearly 421 parts per million in may, the peak for the year. as power plants, vehicles, farms and other sources around the world continue to pump huge amounts of carbon dioxide into the atmosphere, emissions totaled 36.3 billion tons in 2021, the highest level in human history. let me just say i remember when people talked about 400 parts per million being the point of no return, that once we crashed that cr, cross that line, we're screwed. we're screwed. you're gonna have catastrophic effects as a result of that. now we're at 421 parts per million. we're way above that 400 line. kind of scary, isn't it? kind of scary, as the amount of carbon",1.0,"[ 1.59014668e-02  3.26638073e-02  7.62250051e-02  2.15570536e-02
  3.75097990e-02 -1.88387521e-02 -6.17588982e-02  4.16681319e-02
  6.75147027e-03  9.19060856e-02 -3.86579409e-02 -6.89349417e-03
  3.77146229e-02  2.64060162e-02  4.64915261e-02  4.89487797e-02
 -6.66729733e-02 -8.46900791e-02 -2.67416611e-02 -1.95665378e-02
 -2.03509796e-02  1.10932633e-01  2.10614372e-02  4.05514278e-02
 -7.64336884e-02 -1.76446699e-02 -9.02238414e-02  3.93759720e-02
 -4.32108156e-02  9.90624875e-02 -6.88894000e-03  4.52144183e-02
  1.94934700e-02  2.98314169e-03 -9.21269041e-03  1.64516293e-03
  3.44583653e-02 -2.65411176e-02  1.52778383e-02  3.46199982e-02
 -5.07061332e-02 -1.04028635e-01 -5.09663634e-02 -4.23807129e-02
  4.57965443e-03  5.12972623e-02 -3.58410142e-02 -1.44402953e-02
 -2.44872812e-02 -2.72550974e-02  1.60484184e-02  5.40885963e-02
 -5.76448627e-02 -6.82585016e-02 -5.80332056e-03 -5.68160750e-02
  3.90631035e-02 -8.93747993e-03  1.85167976e-02 -6.78971037e-02
  1.22850004e-03 -5.66527173e-02 -1.21297538e-02 -1.40697248e-02
  3.97216938e-02 -6.18917460e-04  7.28932247e-02 -1.26575325e-02
 -7.21858535e-03  2.73927581e-02 -3.41826715e-02  9.59975086e-03
  2.10714992e-02 -4.48961034e-02 -2.24264916e-02  7.87092652e-03
  1.42928725e-02  3.40751745e-02  6.51937649e-02  1.92610715e-02
  1.27403334e-01 -2.42090337e-02  4.29237671e-02 -1.01963729e-01
 -9.40745994e-02  4.91260886e-02  1.76359843e-02  5.74068055e-02
  2.56817304e-02  4.72067520e-02 -1.60713762e-01 -4.89952229e-02
  1.18043952e-01  1.00232422e-01 -6.45574043e-03  4.03360352e-02
  4.16342616e-02  3.15046906e-02  6.75946027e-02 -9.72851664e-02
 -3.31527218e-02  2.02142838e-02 -2.51502935e-02 -1.38056591e-01
  1.82996541e-02  6.03118073e-03  1.34750167e-02 -9.52257495e-03
  1.89712364e-02 -6.53672442e-02 -5.42326421e-02 -3.78955640e-02
 -1.09121576e-02 -6.15633540e-02  8.81194621e-02  2.35767141e-02
  7.93730915e-02 -1.89442467e-02 -4.21846025e-02  3.91327888e-02
 -2.07489505e-02  2.92693786e-02 -3.58481705e-02  7.20214471e-02
  1.22114951e-02 -2.87387688e-02  2.35567298e-02  3.49529609e-33
  2.13073865e-02  5.55126779e-02  9.23452824e-02  5.21408804e-02
 -1.65393855e-02  3.51111814e-02 -4.75512445e-02 -2.94088554e-02
  8.37185327e-03 -1.17409276e-02 -3.75405736e-02 -2.78027561e-02
 -7.83432741e-03  1.20176047e-01  1.27453608e-02 -8.63697827e-02
 -3.44745582e-03 -2.67333109e-02 -5.04921749e-02 -4.46683578e-02
 -4.86919954e-02 -2.45547891e-02  4.71908934e-02  3.73998061e-02
  2.48163883e-02  2.20145006e-02  7.85455108e-02 -1.83068532e-02
  3.17458883e-02 -5.14040440e-02  4.66223136e-02 -1.05154980e-02
 -5.39390035e-02 -1.16557050e-02 -3.48214768e-02 -9.08790231e-02
  1.01252096e-02  5.10486662e-02 -4.72551137e-02  4.35096435e-02
 -3.34431976e-03  6.11687377e-02 -1.72827505e-02 -1.46147862e-01
  2.60086507e-02 -2.10184362e-02  8.06042925e-02  4.32791114e-02
 -2.74596438e-02 -1.41266054e-02 -9.35099795e-02  1.03514731e-01
 -2.19631307e-02  3.02084573e-02 -1.09023843e-02 -1.37875685e-02
  3.58566977e-02 -6.96786568e-02 -2.93596741e-02  3.52780335e-03
 -2.89512984e-02  6.91564158e-02  4.18385193e-02 -2.71671712e-02
 -1.19547499e-02  4.96948548e-02  6.22279942e-02 -8.52007885e-03
 -3.16535085e-02  5.51068671e-02  7.97661394e-02 -6.84439316e-02
 -2.34366972e-02 -3.26228812e-02  6.41000643e-02  1.87569894e-02
  7.89382383e-02 -2.18476895e-02 -2.69535184e-02  7.60296881e-02
 -3.85333374e-02 -3.70913465e-03  9.86728296e-02 -1.24794632e-01
  1.35245295e-02 -5.52236885e-02  3.02414503e-03  5.45763830e-03
  8.41256902e-02  4.72846068e-02 -5.94602823e-02 -8.11244771e-02
  8.76378193e-02  4.73512225e-02 -5.07851653e-02 -4.68815726e-33
  8.60155672e-02  7.70749897e-02  1.05241509e-02 -5.98339438e-02
 -4.02700752e-02 -8.09519663e-02 -8.18769168e-03  3.57122496e-02
 -4.68362607e-02 -3.13844718e-02  3.22129615e-02  7.52381384e-02
  1.24841414e-01 -4.72154003e-03  2.77859345e-02 -9.03151557e-02
 -1.73627175e-02 -3.80030423e-02 -3.80385555e-02 -6.58591017e-02
 -1.59919597e-02 -6.95395544e-02 -3.84127945e-02  4.12234059e-03
 -7.37995803e-02  6.59962445e-02  1.35927042e-02 -2.43256520e-02
  7.60848746e-02 -1.98266283e-02 -4.33017574e-02  7.32930526e-02
 -2.94003394e-02 -3.68550830e-02 -7.84491468e-03 -8.58827773e-03
  4.62634526e-02 -1.31767467e-02 -1.32180853e-02 -3.52545083e-02
 -3.16146277e-02 -5.96238533e-03 -6.70138840e-03 -4.76510338e-02
  1.87560953e-02 -3.59619670e-02  3.48940268e-02 -6.70948299e-03
  5.79278544e-02  2.84739975e-02  4.17907611e-02  5.93700968e-02
 -9.42339152e-02 -3.23035456e-02  4.07002345e-02 -2.37332061e-02
  2.65844930e-02 -2.75372597e-03 -3.01374812e-02 -4.75723669e-02
  3.91494716e-03 -2.93567730e-03  2.29247529e-02 -1.57338735e-02
  8.84110574e-03 -8.44239742e-02 -4.10137326e-02 -2.05400027e-02
  1.45630017e-02  4.00487930e-02 -4.28700820e-02 -2.16579344e-03
 -1.08217977e-01 -3.59577723e-02 -2.68850140e-02  2.88571529e-02
 -6.45758351e-03 -4.72657345e-02  6.09060526e-02  1.44337714e-02
 -3.18038091e-02  1.60688683e-02  2.11603716e-02 -1.86937675e-02
  4.88918275e-02 -2.91784629e-02 -2.49835663e-02 -6.79546818e-02
 -2.66765468e-02  6.12139851e-02 -1.35856643e-01 -6.05826415e-02
 -7.29598030e-02  2.63779387e-02 -4.09843633e-03 -5.73048204e-08
  5.74202416e-03  8.36776048e-02  5.62550314e-02  2.80633010e-02
  7.17531145e-02 -7.91172031e-04  3.14463973e-02  1.03947558e-01
  4.44871299e-02  3.15239877e-02  2.45663952e-02  6.15231097e-02
  1.38088673e-01  2.95642056e-02  1.78024434e-02 -2.15446416e-04
 -2.93189567e-02 -7.36740455e-02  5.63447401e-02 -2.39995774e-02
  3.44414040e-02 -1.29618566e-03 -7.00656623e-02  7.47840200e-03
  8.53857994e-02 -4.31179218e-02 -1.55275399e-02  9.64102149e-02
 -7.92998224e-02 -8.85908771e-03 -8.83736089e-03 -1.08787656e-01
  1.23408576e-02 -8.00612271e-02  2.83311438e-02 -6.78955466e-02
  2.66605318e-02  4.64640036e-02 -2.18152534e-02 -8.02536756e-02
  4.60007973e-02  2.76461355e-02  3.63478549e-02  5.84944710e-02
  9.01810173e-03 -6.34493157e-02 -2.21317112e-02  5.82135282e-03
 -1.61086917e-02 -4.98726964e-02 -2.03301832e-02 -5.29462136e-02
  2.99351383e-02 -3.89223620e-02  5.16749620e-02  1.06262155e-02
 -1.11343674e-01  2.74077710e-02 -5.23883151e-03  2.04929188e-02
  5.82133643e-02 -8.97369012e-02 -6.63267747e-02 -4.49115457e-03]",False,False
The Climate Apocalypse Is Here | The Kyle Kulinski Show,Secular Talk,progressive,"dioxide increases. the planet keeps warming, with effects like increased flooding, more extreme heat, drought and worsening wildfires that are already being experienced by millions of people worldwide. average global temperatures are now about 1.1 degrees celsius, or 2 degrees fahrenheit higher than in pre-industrial times. growing carbon dioxide levels are more evidence that countries have made little progress toward the goal set in the par in paris in 2015 of limiting warming to 1.5 degrees celsius. that's the threshold beyond which scientists say the likelihood of catastrophic effects of climate change increases significantly. they are a stark reminder that we need to take urgent, serious steps to become a more climate ready nation. rick spinrad, the noaa administrator, said in a statement: although carbon dioxide levels dipped somewhat around 2020 during the economic slowdown caused by the coronavirus pandemic, there was no effect on the long-term trend. peter tanz, a senior scientist with noa's global monitoring laboratory, said in an interview: the rate of increase in carbon dioxide concentration just kept on going, he said, and it keeps on going for about the same pace as it did for the past decade. so, um guys. [Music]. the thing that we need to realize is: you can actually view this as an opportunity. like fdr looked at the depression, with all the pain and all the suffering and the economic devastation, and he used that as an opportunity to fix the system. let's do the new deal um. you can.",1.0,"[-3.13568278e-03 -1.85269378e-02  4.29654680e-02  4.62272875e-02
  6.12465814e-02  2.77382880e-02 -1.07407726e-01  2.74345931e-02
  1.17249917e-02  7.45502338e-02 -1.97275896e-02 -4.11473140e-02
  2.68651871e-03 -1.01293786e-03  1.04996614e-01  2.18591969e-02
 -7.30361864e-02 -9.69505310e-02 -4.45435978e-02 -5.29039502e-02
 -3.34626734e-02  2.15027295e-02  3.98163944e-02  2.11355165e-02
 -9.27368253e-02 -3.01300287e-02 -6.42142668e-02 -2.80343607e-04
 -3.67180146e-02  1.07581571e-01 -3.89750525e-02  6.39198199e-02
 -5.31084463e-03  9.62722581e-03 -2.99660433e-02 -2.16519628e-02
  6.78948537e-02  8.56923871e-03 -4.96178158e-02  8.13267827e-02
 -2.48477459e-02 -6.31395876e-02 -4.32464406e-02 -3.39737870e-02
  1.70477722e-02  3.39227021e-02 -4.69652098e-03  4.86744232e-02
 -9.39718485e-02 -3.17448378e-02  2.38328613e-03  2.13875733e-02
 -2.77486444e-02 -1.23977482e-01 -3.31036106e-04  3.84237082e-03
  6.70177490e-02  6.22088686e-02  2.90848427e-02 -1.30219832e-02
 -1.76840890e-02 -3.89499627e-02 -4.32942435e-02  4.96301008e-03
  6.81903362e-02 -1.87913775e-02  3.15336622e-02  2.84930300e-02
  1.03183594e-02  7.95612931e-02 -3.24654989e-02  3.72782089e-02
  4.16201167e-03 -5.58618866e-02 -4.44767950e-03 -1.08215936e-01
 -2.89785080e-02  7.99408183e-02  1.35659695e-01  5.72242495e-03
  1.06024735e-01 -5.20265922e-02  1.32839326e-02 -5.56652620e-02
 -1.12718835e-01 -2.59980056e-02  5.28425686e-02 -7.22639076e-03
 -3.17410170e-03  3.84973884e-02 -7.63078928e-02 -1.43707627e-02
  5.69706075e-02  9.82403010e-02 -3.80280949e-02  7.90287629e-02
  4.39521521e-02  1.46820769e-02  1.07300226e-02 -1.00807376e-01
 -1.10078873e-02 -1.57803074e-02 -9.10223927e-03 -3.21524329e-02
  5.79976011e-03 -3.42115891e-05  3.79503742e-02  8.09054263e-03
  1.19920913e-02 -9.62634198e-03 -4.30984236e-02  7.69577771e-02
 -5.31919003e-02 -5.89036606e-02  6.11262210e-02  3.97134982e-02
  6.93357810e-02  1.52317360e-02 -1.25311809e-02  3.61314230e-02
  8.70649179e-04  2.14744676e-02 -5.23502566e-02  4.41977158e-02
 -2.10473873e-02  4.34297360e-02 -4.04157341e-02  4.84108871e-33
  6.62643537e-02  7.19360709e-02  5.07439487e-02  5.15446924e-02
  4.81226062e-03 -5.43018291e-03 -7.43551031e-02 -6.78104069e-03
  1.19639309e-02 -4.10330407e-02  9.43090394e-03 -1.49457334e-02
 -1.63647663e-02  1.19121373e-01  3.42842862e-02 -9.92897302e-02
  2.95425616e-02 -1.47730503e-02  1.35841444e-02  2.64131837e-02
 -3.57616022e-02 -2.06055287e-02  4.75191213e-02  1.05399214e-01
  7.29250386e-02  3.31309102e-02  7.11449534e-02 -1.47528788e-02
 -3.22263092e-02 -4.98288944e-02  6.31488264e-02 -4.19878662e-02
 -1.08474068e-01 -6.63335547e-02  2.64745075e-02 -9.95500907e-02
 -3.27791832e-02  4.07264158e-02  3.58369015e-02 -1.42871793e-02
  2.55964249e-02  4.28503789e-02  4.08764184e-02 -4.72813770e-02
  3.45409326e-02 -3.17522511e-02  3.81371900e-02  2.60951407e-02
 -5.08806147e-02  4.79201488e-02 -5.93622513e-02  7.68276080e-02
 -3.83876562e-02 -1.57504785e-03 -3.96536989e-03 -2.29181387e-02
  4.40239646e-02 -4.63044420e-02 -6.41514063e-02 -6.51619434e-02
  4.46766894e-03 -2.17257021e-03  2.23479811e-02 -1.60152409e-02
  2.67170370e-02  7.16455281e-02  2.66636275e-02 -3.13919857e-02
 -1.41863907e-02  8.70872755e-03  2.45123971e-02  5.77715365e-03
 -4.54359222e-03 -1.52165275e-02  3.00463736e-02  1.35180792e-02
  2.18471233e-02 -7.17040598e-02  3.36159646e-05  8.54735449e-03
 -6.53599501e-02  1.54901734e-02  9.24702734e-02 -1.47333160e-01
 -1.65436044e-02 -9.09207836e-02 -9.12089460e-03  9.57064237e-03
  8.03934783e-02  2.87244972e-02 -8.54937546e-03 -7.28835762e-02
  7.20633492e-02  7.72048160e-02 -3.26494575e-02 -5.24977614e-33
  7.67617896e-02 -3.22908885e-03 -2.21641473e-02 -1.80071760e-02
 -2.54128575e-02 -2.10923851e-02  1.92520134e-02 -1.64856371e-02
  4.04782034e-02 -7.22278357e-02  2.77842972e-02  8.03493634e-02
  1.06819831e-01  3.52850258e-02  1.11624869e-02 -5.18397205e-02
 -2.53296271e-02  4.29315716e-02 -1.39577212e-02 -1.82452109e-02
 -1.72860958e-02 -9.09293294e-02 -1.44353202e-02  4.60730828e-02
 -4.45618890e-02 -3.50157730e-03 -2.64619887e-02  8.99785385e-03
  5.51105700e-02 -1.59274638e-02 -4.78830822e-02  9.87106860e-02
 -7.62415901e-02  1.08850235e-02 -8.60595331e-03 -1.00901052e-02
  2.78926231e-02 -3.50802802e-02 -5.18616773e-02  3.02723832e-02
 -1.82317812e-02  6.39189500e-03  8.59531015e-03 -5.20650148e-02
  5.65276444e-02 -3.01911007e-03  1.12763671e-02  4.94906306e-02
 -4.00861464e-02  4.79882844e-02  4.49531339e-02 -2.38840352e-03
 -8.57069045e-02  1.72094665e-02  3.04417331e-02  9.73433536e-03
 -2.34666318e-02 -6.98975287e-04 -3.07638571e-02 -4.30549420e-02
  2.45081988e-04  2.70278845e-02 -6.40257373e-02  1.85556465e-03
 -3.61751253e-03 -5.68684414e-02 -6.65328801e-02 -1.55249247e-02
  6.93137646e-02  5.49650639e-02  6.30128430e-04 -1.68823339e-02
 -8.69131088e-02 -8.05021748e-02 -8.04696679e-02 -1.02406312e-02
 -3.22641619e-02 -7.76441321e-02 -4.55332175e-02  5.73255681e-03
 -6.14460073e-02  1.60324387e-02  2.33215038e-02 -1.17956828e-02
  1.17059983e-02  1.30268261e-02  1.02302786e-02 -9.52610821e-02
 -3.46200652e-02  1.18527003e-01 -1.21092163e-01 -3.84865291e-02
 -1.03898443e-01  1.63749307e-02 -4.10608724e-02 -5.53508102e-08
 -3.63579094e-02  4.76981215e-02  1.36066433e-02  4.73995358e-02
  7.77558908e-02 -1.52584247e-03 -7.23266881e-03  3.02619524e-02
  3.09576187e-02  2.24656966e-02  4.54964265e-02  1.18585117e-01
  1.76730558e-01 -2.55300794e-02  3.33551280e-02 -1.24493334e-02
  5.19668572e-02 -5.51273599e-02  5.75551987e-02 -3.50349583e-02
  6.25232384e-02  2.72773914e-02 -6.28658682e-02  2.10317187e-02
  5.46311252e-02 -2.94283312e-02  2.84018945e-02  1.05892755e-01
 -4.72259596e-02 -3.15795653e-02 -7.48363324e-03 -7.99172372e-02
  7.79032260e-02 -3.15832347e-02  4.26491573e-02 -3.03705186e-02
  3.45735550e-02  4.23251130e-02  4.62662317e-02  3.82902363e-04
  3.62532213e-02  8.04956257e-02 -3.04332823e-02  6.59116656e-02
 -4.87832502e-02 -1.18178405e-01  3.41495536e-02  2.18992103e-02
  2.13192198e-02 -3.88791673e-02 -2.63261478e-02 -8.09894316e-03
 -1.07873470e-01 -7.17532763e-04  3.78770456e-02  2.19830312e-02
 -9.14228112e-02  5.37490919e-02 -1.59640573e-02  3.36920433e-02
  1.38223532e-03 -1.31574884e-01 -9.84379798e-02 -1.05438530e-02]",False,False
The Climate Apocalypse Is Here | The Kyle Kulinski Show,Secular Talk,progressive,"do the same thing with this. that's why people talk about a green new deal. now there's different versions of it. i think some of them, uh, are not specific enough on this issue. but the whole concept of let's do a green new deal- transition off of fossil fuels, move to green renewable technology, move to electric vehicles. you can have a giant economic boom as a result of that- a giant economic boom. you can create so many jobs. you can make the us the manufacturing hub of the world again. we can lead the world on this stuff. we can develop the patents and have them here, which will make it so that in this global economic competition, we rise above everybody else. you can look at this as an opportunity for growth, and so you get. you would get the benefit of fighting back against climate change, but also the benefit of an economic boom and jobs and even profit being created. but you just need to dedicate yourself to it now. the reason why we haven't- and everybody knows this- is the influence of oil money and natural gas money- just the whole fossil fuel industry, all the various dirty energy industries. they've basically bought the entire republican party here in the us, but they've also bought a handful of democrats like joe manchin, and so they block any sort of movement in the right direction. and so here we are, every time, you see.",0.997,"[-5.41987345e-02 -5.47536230e-03  8.75678957e-02 -4.32139374e-02
  5.74826561e-02  7.77345598e-02 -4.22898605e-02  5.09359613e-02
 -1.03931976e-02 -1.27775185e-02 -1.64438970e-02  3.14659029e-02
 -4.03968506e-02 -3.09523288e-02 -1.14475461e-02  6.04094900e-02
 -7.91644379e-02  3.70770618e-02 -4.28096317e-02 -1.67131592e-02
 -3.62031907e-02 -1.84180913e-04  3.14210169e-03 -1.00731375e-02
 -1.19371295e-01  7.20082596e-02 -3.37938406e-02  9.94004775e-03
 -2.42222399e-02  3.42376307e-02  6.49744645e-02  6.23154752e-02
 -1.43655650e-02  6.17024265e-02  3.76246981e-02  2.30691694e-02
  7.72574404e-03  3.46055776e-02  1.34592885e-02 -3.01537625e-02
  2.62115169e-02 -8.64501745e-02 -7.03824908e-02 -9.15398356e-03
 -1.23600066e-02  2.11693645e-02  5.53924106e-02  2.93446635e-03
  1.87418200e-02 -1.10721022e-01  5.54609187e-02 -2.40608696e-02
 -2.52183340e-02 -7.44003579e-02  2.27587819e-02 -1.99395455e-02
  3.28456722e-02 -8.58175308e-02  1.12491185e-02 -2.65487712e-02
  2.25326456e-02 -8.26472789e-02  4.27570231e-02 -8.93042379e-05
  1.46680167e-02  3.63200605e-02  1.56846840e-03  7.68921152e-02
 -9.15037692e-02  5.44163957e-03 -5.02260029e-02  4.66953814e-02
  1.09297475e-02 -4.12897132e-02 -5.21597490e-02 -5.46439923e-02
  4.58062924e-02  7.77397975e-02  1.08749941e-01  4.33256701e-02
  1.09791577e-01 -2.36049737e-03 -2.14449558e-02 -1.02603242e-01
 -5.78632951e-02  4.06964272e-02 -1.32362861e-02 -9.16442834e-03
  6.03565276e-02 -4.09710743e-02 -9.03307572e-02 -4.81289662e-02
  1.58449579e-02  6.91056773e-02  2.38744970e-02  1.10083580e-01
 -5.26586547e-02 -3.27328257e-02  4.23392020e-02 -1.56931002e-02
  4.52298932e-02  2.83261016e-02  2.14302149e-02 -1.28328845e-01
 -7.77060539e-02  4.86325612e-03 -8.23564455e-02  3.30538377e-02
  3.27832401e-02 -5.69434986e-02 -1.44713093e-02 -2.95826364e-02
 -4.36746217e-02  5.07973880e-02 -5.80604654e-03 -4.65336628e-03
  5.61383218e-02 -6.49420172e-02  2.16398612e-02 -4.16235849e-02
  5.37562650e-03  9.90895438e-04 -8.28060508e-02  3.04571241e-02
 -3.51726860e-02 -9.24006663e-03 -1.99362971e-02  9.78634978e-35
 -5.18036354e-03  8.67827460e-02  2.21489165e-02 -3.74846682e-02
 -4.06336840e-05  9.56778377e-02 -3.35461162e-02  8.60167947e-03
 -7.13010728e-02  2.52029253e-03  2.05635298e-02  1.85032259e-03
  2.59836596e-02  4.60149236e-02  5.54481521e-02 -1.23333089e-01
 -1.33764714e-01 -5.12718372e-02  3.06315068e-02 -4.83745560e-02
  3.78864557e-02 -4.24841940e-02  4.96520363e-02  6.67819902e-02
  3.74381840e-02 -2.55356412e-02  5.99806793e-02 -3.95001136e-02
  6.81411028e-02 -2.02356055e-02 -1.16490107e-02  6.25878796e-02
 -4.67103012e-02  2.34694425e-02 -2.17599962e-02 -9.29160193e-02
 -1.99398417e-02  4.61693592e-02 -4.99103665e-02  3.08466274e-02
 -5.73427603e-02  5.46572730e-02 -1.14708275e-01  2.37538032e-02
  6.86684176e-02  2.31920183e-03  1.25726640e-01  5.94371371e-02
 -5.30997142e-02 -8.48806277e-03 -4.23207879e-02  1.18179411e-01
 -7.92404264e-03 -4.59578633e-02 -1.25147598e-02 -9.87196416e-02
 -3.27184126e-02 -7.51743913e-02 -8.34156852e-03 -1.07809670e-01
 -6.15275055e-02  1.21310065e-02 -1.00980476e-02  6.42922670e-02
 -1.70093197e-02  8.51307437e-02 -3.39124613e-02  4.79823090e-02
 -2.41288207e-02  3.67034152e-02  9.44536850e-02 -7.17127919e-02
 -7.09511116e-02 -7.09253224e-03  2.90077161e-02  3.65805556e-03
  1.88544653e-02  7.04257265e-02 -5.77027872e-02 -1.30250352e-02
 -4.14474495e-03 -1.91482697e-02  3.98012772e-02 -2.29438636e-02
  4.37518992e-02 -4.72351648e-02 -8.30102153e-03  2.38640774e-02
  1.06355086e-01 -2.43320502e-02 -4.82145436e-02 -2.07258482e-02
  8.61592665e-02  1.80314258e-02  1.93739322e-03 -1.94056779e-33
  6.40407354e-02  5.17980866e-02  6.88757468e-03 -3.34201306e-02
  2.79608853e-02 -8.40607136e-02  1.66046619e-02 -2.32653953e-02
 -9.03591421e-03 -1.65807977e-02 -4.00985889e-02  1.10814899e-01
  1.96898133e-02  5.79573475e-02 -7.87103176e-03 -8.01919401e-02
 -5.19206189e-03  2.27691829e-02 -3.78870517e-02 -1.84483845e-02
  3.67832668e-02 -2.97927931e-02 -5.65897264e-02  1.14408515e-01
 -2.24955976e-02  5.30925840e-02 -2.33337842e-02 -4.56525870e-02
  5.90677299e-02  2.18647905e-02 -6.19326308e-02  7.60841742e-02
 -2.75511993e-03  2.01566070e-02  4.65485873e-03  3.23276445e-02
 -4.51763682e-02 -1.00524999e-01  3.14058326e-02  4.16315999e-03
  6.16584271e-02 -1.07210152e-01 -4.13199067e-02 -8.84270370e-02
 -4.58820760e-02 -3.46375108e-02 -2.74621174e-02  6.95269853e-02
 -1.69916395e-02  5.99598959e-02  6.17272817e-02  1.12640060e-01
  9.63132363e-03 -6.73492625e-02 -1.57069098e-02 -2.38366909e-02
  5.94139360e-02 -5.91106415e-02 -4.76836450e-02  3.73093076e-02
  1.05140880e-02 -3.01770121e-02  2.56915428e-02  6.75052218e-03
  4.30896990e-02 -9.93921235e-02  3.73421200e-02 -2.81866780e-03
  4.84464429e-02 -8.28745123e-03 -5.14700711e-02 -4.58722608e-03
 -1.13501459e-01 -2.72912923e-02  2.31552161e-02  9.50729754e-03
 -2.93445587e-03 -3.54225226e-02 -1.69988945e-02  7.20706359e-02
  1.01059591e-02  3.13048624e-02  9.47093517e-02 -8.63410830e-02
  2.12579481e-02  1.45329656e-02 -8.96676183e-02 -3.26971896e-02
  1.55318724e-02  3.04410867e-02 -1.15063585e-01 -3.13811861e-02
 -3.77814248e-02  5.88718429e-02 -6.94756396e-03 -5.20966665e-08
  2.06535552e-02 -3.43755297e-02  5.48138693e-02  5.12469709e-02
  1.43452976e-02 -2.03012154e-02 -1.12031400e-02  2.19896287e-02
  3.13909426e-02 -2.56605931e-02  1.62572246e-02  7.43039325e-02
  6.74820617e-02  1.06673308e-01 -7.88596459e-03  3.96862365e-02
 -5.67390211e-02 -1.12255802e-02  2.26319935e-02  3.63968015e-02
  2.38262545e-02  5.06668128e-02  4.61155362e-03  4.55447398e-02
  1.44791016e-02  2.04028971e-02  3.89862470e-02 -1.05597330e-02
 -3.75371911e-02  4.96776681e-03  2.25051194e-02 -2.68287025e-02
 -3.55240516e-03  3.15732621e-02 -1.94026285e-03 -7.41431788e-02
 -7.05321506e-03  6.67079762e-02  3.85815511e-03 -2.58566253e-03
  1.23596368e-02  1.38024375e-01 -3.99528034e-02 -2.27306155e-03
 -7.81861469e-02 -1.13411494e-01 -3.52570489e-02  1.76284034e-02
  2.33209431e-02  5.90714291e-02 -1.85411666e-02 -1.53287426e-02
  3.55883618e-03  2.81286482e-02  1.66428741e-02 -1.94796901e-02
 -8.59945044e-02  4.18114178e-02 -5.60288876e-02 -3.17121893e-02
 -2.63512116e-02 -1.01250544e-01  1.43316970e-03  5.56138977e-02]",False,False
The Climate Apocalypse Is Here | The Kyle Kulinski Show,Secular Talk,progressive,"an article on climate change or a study, they always say: look, it's worse than what scientists said was the worst case scenario. how many times have we seen that? and so i mean this article should terrify people, because- and i also think- people don't do a good enough job talking about all of the real downsides of climate change. you know, the one that's floated from time to time is like well rising sea levels. yeah, that's true, and that's a huge problem. and, um, you know, there are cities like new orleans or miami that could be gone eventually. right, that's a huge problem, but there's other things that aren't discussed, like the fact that there's going to be wars over water and there's going to be famines because there's not enough fresh water and the growing seasons are all [ __ ] up, you know. here's another one. this is an argument that should work on conservatives if they're using their brains. the middle east is becoming literally uninhabitable. one of the region's hardest hit by climate change is also one least equipped to deal with it. the summer this summer- this was in 2021. this summer, several picturesque countries in the middle east became tinder boxes as extreme temperatures and severe droughts ravaged the region. forest burned and cities became islands of unbearable heat. in june, kuwait recorded a temperature of 53.2 degrees celsius- 127.76 degrees fahrenheit, while oman, the united arab emirates and saudi.",0.998,"[ 2.36795330e-03  6.12679832e-02  1.37857452e-01 -1.62021595e-03
  5.06458282e-02  4.81719114e-02 -1.23154134e-01  9.73065291e-03
 -1.04324799e-02  5.16676307e-02 -5.78602292e-02  2.07007900e-02
  3.89410444e-02  2.04900876e-02 -1.67787708e-02  1.86542124e-02
 -7.33435526e-02 -5.49115753e-03 -8.43549240e-03  2.20655371e-02
 -5.78585453e-02  4.01326753e-02  2.75921281e-02  5.78779504e-02
 -4.93230037e-02 -4.97749299e-02 -2.30582710e-02  2.97633559e-02
 -1.70420334e-01  9.55662206e-02  4.40067947e-02  7.81477541e-02
 -4.63300347e-02 -2.75067962e-03  1.15090804e-02  6.24251477e-02
 -1.13023967e-02  8.49447995e-02  8.04478899e-02 -4.74960804e-02
  1.15374029e-01 -2.09219418e-02 -2.70670699e-03 -7.83799216e-02
 -1.42196589e-03  3.99344508e-03 -6.70393044e-03 -1.58827361e-02
 -4.75389920e-02 -3.21134515e-02 -1.87475178e-02 -1.28818452e-02
  2.67818733e-03 -1.11384772e-01  2.29688250e-02 -1.73854623e-02
  2.87009384e-02  8.04930180e-03 -3.80002931e-02  3.22758071e-02
  6.40517473e-02 -5.58452904e-02 -7.35756010e-02 -4.15457636e-02
  4.09750454e-02  1.14828413e-02  8.58157277e-02  1.48103954e-02
 -1.24459090e-02  3.04650180e-02 -6.47107437e-02  1.28295153e-01
 -1.02963755e-02 -5.96354902e-02  6.47889823e-02 -4.64436300e-02
 -2.17112638e-02  2.94414181e-02  8.01312774e-02 -3.23381536e-02
  1.39099792e-01  2.39620358e-02  6.57266751e-02 -8.81181955e-02
  2.29691956e-02 -3.57409604e-02  2.38362327e-02 -4.33843136e-02
  3.44316810e-02 -3.63224372e-02 -7.88747147e-02 -9.10341963e-02
  9.55733433e-02  2.32049450e-02  3.72963920e-02  9.76781696e-02
  5.99286193e-03 -3.78235541e-02 -5.87395318e-02 -1.79532059e-02
  6.20568683e-03 -5.61219566e-02  1.39804941e-03 -8.40869769e-02
  1.53075624e-02 -7.02255741e-02 -2.87965368e-02 -5.50731458e-02
 -1.34156480e-01 -6.37081042e-02 -7.15626478e-02 -2.66093407e-02
 -3.93633917e-02 -1.97953116e-02  4.91488948e-02 -2.90775988e-02
  1.33630946e-01 -7.06202239e-02 -2.74377745e-02 -2.41049565e-02
 -8.32530260e-02 -7.75872311e-03  2.99014826e-03  3.74152772e-02
  2.84544025e-02  2.34701540e-02 -5.18650524e-02 -3.57666128e-34
  7.16637447e-02  3.78270075e-02 -1.23375710e-02  6.44181594e-02
 -9.51415350e-05  1.62642710e-02 -2.81254388e-02 -6.16636053e-02
  2.40629669e-02 -7.49433786e-02  7.91570358e-03 -2.53243255e-03
  1.51009886e-02  5.51850908e-02  2.26979759e-02 -8.30876306e-02
 -4.89842780e-02 -1.05620651e-02 -1.45087519e-03 -7.24463239e-02
 -2.62437221e-02 -3.04405149e-02  3.10815442e-02  4.45584999e-03
  1.03219599e-02 -5.49553856e-02  5.84907159e-02 -3.51899583e-03
 -2.14690994e-02 -1.92843061e-02 -5.92518374e-02  2.97628399e-02
 -3.48640308e-02  5.84229780e-03  5.65739535e-03 -2.39101388e-02
 -2.25340226e-03  4.49992903e-02 -1.38860121e-02  6.55702502e-03
 -6.70442507e-02  7.04240501e-02 -4.91534770e-02 -4.30565653e-03
  1.43538758e-01 -1.54560583e-03  1.23609483e-01 -1.84477698e-02
 -8.80538598e-02 -3.97641435e-02 -1.96705535e-02  8.23976174e-02
  2.61807926e-02 -3.44652273e-02 -2.26543546e-02 -2.60278699e-04
  5.62093370e-02 -5.53750843e-02 -2.35964078e-02 -6.40556812e-02
  5.09731062e-02  2.25426443e-02  2.54843058e-03 -6.54872432e-02
  8.38469565e-02  6.20717928e-02 -4.16064337e-02  4.46599722e-02
 -6.19093888e-02  6.03575725e-03  6.13448173e-02 -1.73769344e-03
  3.09390072e-02  3.25378738e-02 -1.61508657e-02  5.40743284e-02
 -2.15478726e-02  1.23454239e-02 -3.58193740e-02  5.12541085e-03
  5.79763092e-02  3.66928093e-02  6.29441440e-02 -3.84497526e-03
 -2.18032915e-02 -8.38011354e-02  3.85565870e-02  1.92638785e-02
  6.75077736e-02 -4.73735668e-02  2.26554628e-02  3.84870404e-03
  1.19856678e-01  1.99534856e-02 -5.01340814e-03 -1.41533258e-33
 -2.60800067e-02  9.39108804e-03 -4.03935602e-03  3.38861383e-02
 -4.83245254e-02  7.93501921e-03  4.08912301e-02  5.20146713e-02
  1.35427909e-02 -3.82321030e-02 -9.21545608e-04  1.55374231e-02
  7.48302490e-02 -3.89003903e-02  3.73828001e-02 -3.05293705e-02
 -5.92913618e-03 -3.59914899e-02 -3.65485400e-02 -4.09003757e-02
  5.04991785e-02 -4.80565093e-02 -8.76387656e-02  3.00312135e-02
 -6.75614402e-02 -9.37657803e-03  3.01616900e-02 -3.19750942e-02
 -6.81442255e-03 -6.75083371e-03 -7.17467219e-02  6.69679046e-02
 -1.07009793e-02  3.68822142e-02 -8.49010888e-03  5.43808043e-02
 -2.80172434e-02 -6.15615845e-02 -8.96392539e-02  6.51420280e-02
  6.26414567e-02 -6.10598810e-02  2.90745851e-02 -7.61881992e-02
 -1.00810882e-02  4.19483446e-02  4.40500602e-02  3.05812005e-02
  3.45136859e-02  1.58647783e-02  1.82207339e-02 -3.55307460e-02
 -7.10372403e-02 -1.42574124e-02  2.01030225e-02 -7.76460487e-03
  6.49705483e-03 -2.33097863e-03 -9.52746160e-03  2.66035683e-02
 -9.48963687e-02  2.86312383e-02  3.14796977e-02 -6.10035732e-02
  2.92632356e-02 -8.65686908e-02 -6.02721535e-02 -5.08388132e-02
  8.91305134e-02  5.39141297e-02  1.35228503e-02 -4.63520586e-02
 -5.40887341e-02 -8.27025846e-02  9.31621864e-02  8.20762068e-02
 -6.81252033e-02  3.38426679e-02 -3.47998962e-02  4.95849997e-02
  3.92995663e-02 -2.60428488e-02 -2.55989302e-02 -1.18958838e-02
  8.08110237e-02 -1.73322000e-02 -2.84230988e-02 -5.65177724e-02
 -2.54623480e-02  4.83947843e-02 -8.60727951e-02 -6.32199571e-02
 -1.12075560e-01  2.68933754e-02 -4.54798974e-02 -5.97915175e-08
  1.05696514e-01  1.57404561e-02  4.35736291e-02 -4.46995394e-03
 -1.44199282e-02 -7.17428001e-03  3.95567156e-02  3.31067368e-02
  8.14610030e-05  6.98580742e-02  6.33593276e-02  4.94763665e-02
  3.42408791e-02  8.54278356e-02 -1.01989329e-01  3.44964936e-02
  1.23742828e-02 -5.39656505e-02 -5.59056224e-03 -2.53035296e-02
 -4.28540185e-02 -1.93297341e-02 -5.49131408e-02 -5.15568024e-03
  8.91211331e-02 -1.69535801e-02 -3.94774489e-02  3.80181782e-02
  1.10921375e-02  8.81795213e-03  5.03125461e-03 -5.87478876e-02
  1.33368932e-02  4.54042219e-02  2.00303290e-02 -5.46335764e-02
 -1.26110227e-03  1.03773765e-01 -1.68263819e-02  4.85230833e-02
  4.14343700e-02  6.07772842e-02 -4.42957692e-02  6.08303510e-02
  2.85721850e-02 -5.08277714e-02 -7.19440496e-03  3.90780494e-02
 -8.44016150e-02  8.78057852e-02  2.91945413e-02 -4.90197260e-03
  9.52841900e-03  8.18133056e-02  1.20311361e-02  7.98569154e-03
 -1.43985227e-02 -2.61314847e-02  2.56739892e-02  4.23321724e-02
 -1.93554796e-02 -2.92931944e-02 -7.13762268e-02  8.71733427e-02]",False,False
The Climate Apocalypse Is Here | The Kyle Kulinski Show,Secular Talk,progressive,"arabia all recorded over 50 degrees- 122 degrees fahrenheit. a month later, temperatures in iraq spiked 50 to 51.5 degrees- 124.7 degrees uh fahrenheit- and iran recorded a a close 51 degrees- 123.8 degrees fahrenheit. worst of all, this is just the start of a trend that the middle east is warming at twice the global average and by 2050, will be four degrees celsius warmer as compared with the 1.5 degree mark that scientists have prescribed to save humanity. so they say. some people say by 2050, others say by 2100, the middle east will be literally uninhabitable. now let me ask you a question: where do these people go when this happens? where these people go, there's going to be a giant refugee crisis and a giant immigration issue and conservatives not gonna like that. but if you say, hey, we can address this now by transitioning off of fossil fuels, they also don't like that. so a little bit of a rock and a hard place, isn't it so? unfortunately, look, in many ways i don't fancy myself a doomer, but i think when it comes to climate man, i'm really close to just being a doomer, because we're at the point now where it's like not only do we need to transition quickly, we also need um new technology to help get us there, finding a way to vacuum the greenhouse gases out of air or some [ __ ], and i don't know if that.",0.998,"[-1.08651398e-03  4.38338257e-02  6.25830963e-02  3.44597548e-02
  2.72276644e-02 -6.48514554e-03 -9.62258205e-02 -5.09735979e-02
  1.31632257e-02  1.59941241e-02 -1.22594256e-02 -7.88511187e-02
  1.13083273e-01 -1.87336262e-02  3.88537836e-03 -5.98871931e-02
 -8.46441239e-02 -1.04755938e-01 -2.12049745e-02 -2.15618610e-02
 -4.17641886e-02  7.01583847e-02  2.60071978e-02  4.02911939e-02
 -2.30678339e-02 -7.52420072e-03  1.64995156e-02  4.50922474e-02
 -8.32581520e-02  1.13531493e-01  5.23811160e-03  4.18332256e-02
 -1.95249990e-02  2.04453915e-02 -3.03885732e-02  1.04304954e-01
 -2.55500828e-03  2.18384564e-02  5.37176244e-02  1.39214564e-02
  6.33759052e-02 -8.33941922e-02  8.84849858e-03 -2.69149896e-03
  1.21325711e-02  2.62933392e-02 -4.14554663e-02  2.93692667e-02
 -1.89708769e-02 -1.78896654e-02  7.97600485e-03  6.00882545e-02
  1.64570622e-02 -5.19531518e-02  6.72232872e-03 -8.57428461e-03
  7.37246275e-02 -4.81504202e-03 -3.93144079e-02  3.01593989e-02
  3.16724069e-02 -2.84570456e-03 -2.51976550e-02 -2.53620688e-02
  2.85020489e-02 -7.05764368e-02  1.30291954e-01  4.77568731e-02
  1.97784565e-02  2.84025315e-02 -3.94103862e-02  9.98939797e-02
  2.98445635e-02 -6.46840408e-02  3.38870957e-02 -7.74333552e-02
 -7.80714005e-02 -2.14110292e-03 -5.42939757e-04 -1.59734655e-02
  9.97464135e-02 -6.02037320e-03  6.49497211e-02 -1.27112567e-01
 -4.54915427e-02 -2.48109959e-02  6.89697042e-02  5.93478680e-02
  8.63820091e-02  4.50075455e-02 -8.43136981e-02 -1.09611580e-03
  3.97181250e-02  6.85527325e-02  5.25874905e-02  9.42783058e-02
 -1.55004626e-02  1.88769139e-02  4.66959085e-03 -3.90810482e-02
  8.52284767e-03 -6.89943433e-02 -3.34899686e-02  1.09512871e-02
  1.14250295e-02 -7.17187673e-02 -4.55169529e-02 -2.80173663e-02
 -6.63483441e-02 -6.73789307e-02 -1.34847820e-01 -6.23773560e-02
  1.20235933e-02 -2.98836287e-02  6.53039142e-02 -7.65234604e-02
 -3.03531601e-03 -4.81169745e-02  1.75998844e-02  8.18517897e-03
 -8.68478417e-02  6.00034148e-02  8.11700244e-03  8.19962248e-02
  2.67483909e-02  2.44917232e-03 -4.84168157e-02  4.57263298e-33
  9.66074094e-02  6.42481074e-02 -2.41849795e-02  4.77315597e-02
 -9.02607590e-02  2.68065948e-02 -1.15038760e-01  7.07151368e-02
  4.90679080e-03 -2.39029806e-02  1.24283172e-02 -8.97044316e-03
  3.90148312e-02  1.14074409e-01 -1.31145064e-02 -2.35983711e-02
 -3.51552330e-02  2.53487993e-02 -2.59402413e-02  2.57742847e-03
 -7.92824402e-02  1.54860569e-02  4.71344702e-02 -9.17089917e-03
  1.38174556e-02  2.70182081e-02  5.13547286e-02  1.60972755e-02
 -7.29748467e-03 -2.03643329e-02 -3.02466955e-02 -4.85637449e-02
 -4.85554039e-02 -6.17507733e-02 -4.12359424e-02 -3.97566473e-03
 -4.98989373e-02  5.83750308e-02 -4.16164398e-02  9.37476847e-03
 -1.31071545e-02  3.78904231e-02  4.79124971e-02 -3.17868777e-02
  1.33306652e-01  7.12659955e-02  6.16806112e-02  3.61090451e-02
 -1.49361953e-01  2.86166593e-02 -4.16403525e-02  3.06020640e-02
  3.18541303e-02 -3.24407890e-02 -3.21483091e-02 -5.55034280e-02
  2.42658965e-02 -3.86519544e-02 -8.43182057e-02 -6.81381375e-02
  2.10067239e-02  4.11699899e-03 -1.74018613e-03 -5.46791479e-02
  5.59708476e-02  4.56640385e-02 -3.85536291e-02 -1.15747806e-02
 -9.31468606e-03  5.49339540e-02  8.55461583e-02  3.91223840e-02
  1.42976716e-02  4.97884974e-02 -1.20966118e-02  3.61242741e-02
  2.93263495e-02 -2.86258236e-02 -1.00109419e-02  3.30862217e-02
 -9.84860212e-03  8.32476243e-02  4.11498286e-02 -6.94487765e-02
 -6.15066923e-02 -5.20517938e-02 -5.18320315e-03  2.23883614e-03
  7.05841109e-02 -1.09416256e-02 -4.77957465e-02 -3.41991819e-02
  1.03734717e-01  6.78075925e-02 -2.85236184e-02 -4.71063455e-33
  3.24105062e-02  1.40507082e-02 -1.65460687e-02 -2.84122210e-03
 -3.70465294e-02  5.54354675e-02  7.44089410e-02  6.08337447e-02
 -4.65993248e-02 -3.55540849e-02  3.50937620e-02 -3.10583282e-02
  1.18844248e-01 -6.76015690e-02  4.64245453e-02 -3.13619375e-02
 -3.93715734e-03 -1.90233849e-02 -5.07179387e-02  5.96721610e-03
  2.62007844e-02 -3.85482386e-02 -7.28168413e-02  5.21098264e-02
 -3.08643077e-02 -7.27014197e-03  2.97268350e-02 -2.62672547e-02
 -1.48429060e-02  3.10795084e-02 -3.43556590e-02 -2.30683567e-04
 -6.78656697e-02  6.61765924e-03 -4.36363136e-03  2.99462993e-02
 -3.93923000e-02 -3.21555398e-02 -8.38053152e-02  4.17644419e-02
  1.44076413e-02  4.83099259e-02 -1.45615789e-03 -2.58277636e-02
  1.20823123e-02  1.91467032e-02  6.32008463e-02  7.57749379e-02
  9.14427117e-02 -2.62316000e-02  2.02638078e-02 -2.10155062e-02
 -6.81260899e-02 -4.50953692e-02  4.29657428e-03 -4.44402359e-02
 -6.36158437e-02  5.03968149e-02 -6.47412986e-02 -6.67697489e-02
 -6.42200485e-02 -1.12401051e-02  1.13763511e-01  9.72272083e-03
 -4.37596664e-02 -4.06490527e-02 -1.52552342e-02 -3.86320278e-02
  4.66006547e-02  8.03143680e-02  2.55300514e-02 -3.60967824e-03
 -9.22344700e-02 -8.38458538e-02  1.23742089e-01  2.63857208e-02
 -9.72549710e-03 -5.42147225e-03 -4.68898378e-02  7.57568702e-03
  2.10647099e-02 -1.95265114e-02 -3.67481261e-02 -8.14860500e-03
  8.35632682e-02 -5.12141511e-02 -6.99947169e-03 -8.41121301e-02
  2.87641548e-02  2.70794537e-02 -1.03129588e-01 -7.01445295e-03
 -1.00150347e-01 -4.84631322e-02 -7.65788257e-02 -5.08285289e-08
  3.30257416e-02  5.90894409e-02  4.53846939e-02  1.04283784e-02
 -4.44515385e-02  3.82254794e-02  9.63435788e-03 -1.82283539e-02
  3.94628309e-02  2.13270579e-02  2.36856602e-02  4.27305922e-02
  9.52500179e-02  5.43519631e-02 -8.06454644e-02 -6.59925677e-03
 -2.12612189e-02 -4.47110459e-02  1.13526611e-02 -3.30148675e-02
 -1.13766482e-02 -2.85938978e-02 -4.01052982e-02  3.56593058e-02
  5.32211028e-02  1.44637679e-03 -2.30308343e-02  5.15975505e-02
  2.51886272e-03  5.01595140e-02 -1.51039287e-02 -8.85064974e-02
  2.84939364e-04 -1.98505353e-02  3.42297070e-02 -9.62956157e-03
  1.62573799e-03  1.41027063e-01 -6.41591847e-04  2.18312885e-03
  1.66761372e-02  1.39054228e-02 -1.38100348e-02  3.69541682e-02
  2.33174972e-02 -1.30710438e-01  5.99846570e-03  3.47023830e-02
 -1.96597241e-02  6.06144965e-02  3.73412184e-02  1.04471743e-02
 -1.06931180e-02  7.31079578e-02 -1.36652160e-02 -6.86368793e-02
 -5.12641445e-02 -4.83988132e-03 -2.60387477e-03  1.40958011e-01
  1.07068634e-02 -7.34865665e-02 -9.88298506e-02  2.54055001e-02]",False,False
THE CLIMATE APOCALYPSE IS HERE | The Kyle Kulinski Show,Secular Talk,progressive,"are in near total denial of the planetary crisis we are in. I read an article the other day that made the same point. uh, this is actually directly tied to climate change and the temperatures being record-breaking in terms of how hot it is, so expect more severe turbulence. look at this North North Atlantic Sea surface temperature anomaly. this is 2024 North Atlantic Sea surface temperature. here you have all the other years right. here's 20124. the. the sea is boiling on the west coast of Florida. yesterday they said it hit 90°. the ocean is a [ __ ] hot tub there. you know what that means: very, very dangerous and strong hurricane season talking about, instead of the top end being 150 mph, could be 180 miles hour now with the wind because the water is so hot. so this was 1982 to 2022. 2024 is the red. it's almost like everything's hitting us all at once now that it built up, it built up, it built up and now we're off the charts in terms of where we're at all. right, let me play this for you: this is wild man time for the barelli bonus. so we're talking about this monster heat. we'll talk about the impacts on places like Texas and Florida as well, but I want to focus on what's happening in Central America. it has been baking for the past several weeks. we're talking extreme heat there and every single Heat.",1.0,"[-1.95818376e-02 -5.33039309e-03  9.93065611e-02  5.08580655e-02
  7.96743184e-02 -3.73666547e-02 -9.40649435e-02 -1.57746412e-02
 -1.89445335e-02 -3.76889445e-02 -9.22806561e-02  6.00706739e-03
  6.03108518e-02 -5.12399562e-02 -1.09402379e-02  3.42678651e-02
 -8.93941671e-02 -8.36190060e-02 -5.94019145e-02  7.16818050e-02
 -1.72406733e-02  1.13426946e-01 -1.09120063e-01  4.05673087e-02
 -6.80576414e-02 -6.07471680e-03 -2.06737500e-02  7.14737475e-02
 -1.04928598e-01  8.18994045e-02 -1.26025062e-02  1.23593316e-03
 -5.85472472e-02 -3.23084258e-02  2.02885699e-02  1.09594502e-02
 -1.62541531e-02 -3.39887068e-02 -7.79442303e-03  1.16153704e-02
  5.88449417e-03 -7.06493258e-02  2.92141642e-02  1.13342851e-01
 -1.82580587e-03  4.85775759e-03 -9.89147574e-02  3.36791612e-02
 -2.57766545e-02 -2.92813499e-02 -8.35550502e-02  3.74697484e-02
  7.21967500e-03 -7.45424256e-02 -3.90003547e-02  5.42654768e-02
 -1.29065588e-02 -4.00507115e-02  5.17787710e-02 -3.71563644e-03
  2.41177659e-02 -3.60645005e-03 -2.84974743e-02  2.50386894e-02
  6.29349872e-02 -5.84271876e-03  5.50391339e-02  3.19489837e-02
 -1.59279238e-02  2.93867588e-02  6.08942099e-03  4.21801023e-02
  5.40938191e-02 -2.38140747e-02  9.11049098e-02 -1.99600235e-02
  6.91496134e-02  4.10807133e-02  5.36470748e-02  3.30309034e-03
  1.10327765e-01 -5.34430631e-02  6.83097839e-02 -5.53193465e-02
 -3.30756083e-02  3.16321254e-02  6.67369664e-02 -1.07984769e-03
  5.32564335e-02  4.03508097e-02 -8.10991749e-02 -9.62744653e-02
  9.90007222e-02  5.44910096e-02  2.16562226e-02  1.23583980e-01
 -4.99418601e-02 -3.16645503e-02  7.98845943e-03 -4.65040607e-03
 -3.01873591e-03 -1.65928882e-02 -1.20180240e-03 -6.50245100e-02
  2.35292483e-02 -1.49811832e-02  1.79606248e-02  1.27383992e-02
 -3.42410393e-02 -5.66758215e-02 -5.66446632e-02  2.00543646e-03
 -2.26679780e-02 -6.71104044e-02  6.29677400e-02 -6.20928518e-02
 -2.50506606e-02 -3.93900014e-02  1.56890193e-04 -2.64531188e-02
 -2.59372424e-02  3.99293900e-02 -6.29449636e-02  4.47357669e-02
  4.61863577e-02 -1.32188229e-02  3.21960240e-03  3.30241473e-33
  1.48672745e-01  4.76994514e-02 -6.96506177e-05  6.13578744e-02
  5.24565056e-02  1.14343204e-02 -9.28446800e-02 -3.09052784e-02
 -1.85536705e-02  7.14327581e-03 -1.13795651e-02 -5.96354017e-03
 -9.08566639e-02  5.20569198e-02 -1.40491957e-02 -7.00078383e-02
  3.68871950e-02 -2.16838829e-02 -3.32311280e-02 -1.93729240e-03
 -3.36878449e-02 -1.61223989e-02  7.30157876e-03 -8.59718323e-02
  2.26249881e-02  2.97944527e-02  1.31459255e-02  3.74704972e-03
  1.17210448e-02  2.64406949e-02 -9.31559503e-02  1.92879736e-02
 -2.53258329e-02  2.34100930e-02 -2.31069643e-02 -1.07753269e-01
 -3.09788212e-02 -2.33983360e-02  1.36617497e-02  4.73505184e-02
 -5.61813451e-02  8.19977671e-02 -9.69129354e-02  8.10358077e-02
  1.31996304e-01  2.01816042e-03  8.79861042e-02  4.96869795e-02
 -5.49777709e-02  3.66416313e-02  5.93801029e-03  4.05620821e-02
 -4.66776500e-03 -2.11641453e-02 -3.39971781e-02 -4.66151796e-02
  4.41418216e-02 -3.80836762e-02 -1.92471799e-02 -4.11809124e-02
  4.44190726e-02  1.48475952e-02  2.97146831e-02 -8.31016451e-02
  3.80543172e-02  1.04872502e-01  3.75402644e-02  2.58420152e-03
 -3.06781922e-02 -1.08708851e-02 -3.55745964e-02  1.83323142e-03
  5.23720942e-02 -4.47497666e-02  9.33752880e-02 -1.43727306e-02
  1.14278488e-01  5.42469556e-03  1.20930588e-02  3.74541208e-02
 -6.85966611e-02  3.65205705e-02  1.26522854e-01 -1.48087461e-02
 -2.67466027e-02 -9.86426249e-02  1.85725577e-02  7.27586076e-02
  3.22978869e-02  1.01505583e-02 -3.66423205e-02 -1.93884168e-02
  9.10591856e-02  3.61957364e-02 -4.79715988e-02 -4.52619765e-33
 -8.42515752e-03 -4.87109600e-03 -3.91683318e-02 -1.27717154e-03
 -2.19631307e-02 -7.81514421e-02  4.29500733e-03  7.63833746e-02
 -3.52821015e-02 -1.00801125e-01 -9.64057073e-03 -1.96371116e-02
  2.86095813e-02 -2.04271171e-02 -6.84011029e-03 -4.07581367e-02
  2.79539004e-02  4.03721671e-04 -7.28830025e-02 -3.51461023e-02
 -1.25676813e-02 -2.65036989e-02 -3.45452428e-02  4.86786403e-02
 -2.96194758e-02  2.21403074e-02  8.37215558e-02 -2.43763141e-02
  9.87807754e-03 -5.57925226e-03 -5.99496178e-02  1.12288818e-01
  1.68329831e-02  3.06004677e-02 -3.81242223e-02  8.90183300e-02
  2.86330357e-02 -4.08619158e-02 -2.60500256e-02 -9.20563564e-03
  4.35667299e-02 -1.68662798e-02 -4.59046364e-02 -7.13452995e-02
 -1.42486794e-02  6.10882379e-02  1.13005705e-01  6.41124323e-02
  7.49044400e-03  3.47933322e-02  2.98976898e-03 -4.17680703e-02
 -2.54542697e-02  3.20685320e-02 -3.62829282e-03 -2.13798825e-02
 -1.41603760e-02 -7.48284608e-02 -6.75200075e-02  3.96634564e-02
 -6.45358637e-02  3.04706842e-02 -3.24339010e-02  1.70097128e-02
  5.63393980e-02 -3.62401307e-02 -6.62524486e-03 -4.40530591e-02
  5.70675125e-04  4.71361652e-02  1.98824424e-02 -1.72226201e-03
 -1.55168474e-01 -1.16876895e-02  7.74850398e-02  2.81056743e-02
 -6.83499426e-02 -4.23062928e-02 -3.28055583e-02  6.82950690e-02
 -2.86600944e-02  7.71195814e-03  7.00511504e-03  1.67870466e-02
  2.03969181e-02  4.62884456e-03  6.28212467e-02 -6.96163625e-02
 -3.61015499e-02 -1.75468847e-02 -5.70554398e-02  1.18038710e-03
 -9.22242180e-02  4.24068347e-02 -3.77388927e-03 -6.18350313e-08
  1.46831036e-01  1.01078443e-01 -3.86478826e-02 -1.13660488e-02
  6.30146116e-02 -1.56041225e-02 -5.85923418e-02  1.95788476e-03
 -2.27047899e-03  5.55274375e-02  5.28189875e-02  4.89624627e-02
  7.30058104e-02 -3.78090143e-02 -2.37922613e-02  9.91319679e-03
 -2.74424925e-02 -6.62496984e-02 -2.49108765e-02 -1.01995002e-02
  6.22491874e-02  4.48260345e-02 -1.05032094e-01 -1.32177630e-02
  5.39301708e-02 -1.34105505e-02  7.44414516e-03  1.12615049e-01
 -6.66362420e-03 -5.60686029e-02 -3.90890352e-02 -7.09889978e-02
 -7.22173452e-02 -5.21704406e-02 -4.09380533e-02 -3.28428298e-02
  8.49479809e-03  5.27891591e-02  1.15031451e-02 -4.10415195e-02
  7.00973533e-03  4.12200987e-02 -3.11804842e-02  5.31140529e-02
  9.31640808e-03 -3.41424346e-02 -5.19436114e-02  1.30046252e-02
  3.34540638e-03 -2.15510149e-02 -1.60716660e-02 -8.34618323e-03
  1.41097344e-02  4.91044559e-02  6.33945018e-02  1.67157073e-02
 -6.47698194e-02  2.96614897e-02 -7.86713883e-02  3.40267383e-02
  2.21509510e-03 -6.38320372e-02 -1.13902070e-01  6.48918226e-02]",False,False
THE CLIMATE APOCALYPSE IS HERE | The Kyle Kulinski Show,Secular Talk,progressive,"unlivable, and it's happening faster than we ever thought. every time I read an article on this, it says the same thing. it looks like what's happening is actually worse than the worst predictions that climate scientists had made not that long ago. by the way, buckle up for the hurricane season this year, bro. this is going to be a wild one. this is going to be a [ __ ] wild one, all right, and then, finally, I'll give you this: majority of us voters back legal action against Big Oil. a majority us voters support civil lawsuits against fossil fuel companies for their role in creating the climate crisis, while roughly half support criminal charges. the poll results uh released Tuesday indicates support for the dozens of civil cases brought against Big Oil currently in US courts, many of which were brought by municipalities or states. in a sample of over 1,000 respondents, 62% of likely voters said that they supported legal accountability for oil and gas companies for their contributions to climate change, including 84% of Democrats and 40% of republic Republicans. voters strongly want to see companies held accountable for their harmful actions. these national uh findings show these cases may be able to earn popular support, particularly in blue jurisdictions. public interest groups have supported the civil cases and pushed for the US Department of Justice to also take civil action against fossil fuel companies, which the lawsuits uh generally argue spread disinformation about.",1.0,"[-5.61755039e-02  1.26602186e-03  1.03203416e-01  4.65354621e-02
  9.48069021e-02  3.29094492e-02 -9.95502695e-02  4.07981910e-02
 -2.78207436e-02 -4.99284314e-03 -2.65125092e-02  7.59659111e-02
  1.34999156e-02 -6.62701530e-03  9.84408613e-03  8.28587040e-02
  1.71715934e-02 -2.98320223e-02 -4.81387228e-02  5.17275929e-02
 -3.39723863e-02  4.05183323e-02 -2.04588026e-02  1.81972999e-02
 -6.05123043e-02  3.79031077e-02 -4.30704355e-02 -3.52106318e-02
 -1.02783814e-01  2.90335771e-02 -2.68579666e-02  4.39177314e-03
 -6.08940423e-02  3.36352959e-02  4.39863242e-02 -4.68992349e-03
 -3.11144795e-02 -3.07550002e-02  1.47828751e-03  3.85314673e-02
  1.35174869e-02 -1.45391732e-01 -2.04018690e-02 -7.31892139e-02
 -4.40021493e-02 -2.79093049e-02  8.34348872e-02  1.29626375e-02
 -7.71463439e-02 -9.94599983e-02 -5.01460247e-02  1.51103362e-02
 -1.06960647e-02 -3.18123698e-02  2.56303586e-02 -1.50883451e-01
 -1.72347967e-02 -1.35250809e-03  1.26341190e-02 -6.16647676e-03
  1.07225321e-01  6.63877232e-03 -4.47274409e-02  1.37790600e-02
 -5.27075259e-03  3.79038975e-02  1.80553831e-02 -2.74146292e-02
 -1.95868555e-02 -5.61180227e-02  6.87233806e-02  6.12384081e-02
 -1.17169991e-02 -2.81751603e-02 -4.82562697e-03  3.76246125e-02
  8.69065407e-04  9.11499485e-02  1.42253146e-01 -8.80175829e-02
  9.94653329e-02 -5.08472323e-02  4.73710475e-03 -6.08570799e-02
 -1.44467950e-02 -1.04014939e-02 -1.14437938e-02  4.83285636e-02
  6.65374547e-02 -9.10388771e-03 -5.03940471e-02 -3.25503722e-02
  9.37838331e-02  2.22183708e-02  1.17940707e-02  8.31047148e-02
  6.68433979e-02 -1.63787007e-02  5.09916954e-02  4.68224956e-04
  1.29566193e-02  2.73740292e-02 -6.45524263e-02 -1.31029904e-01
  1.85843203e-02  1.75474156e-02 -6.40791953e-02 -4.28882465e-02
  3.26784030e-02  3.30759883e-02 -1.20987603e-02 -4.18410227e-02
 -6.33948892e-02 -5.07783843e-03  1.96698792e-02 -1.49125243e-02
  3.39710899e-02 -2.19059736e-02 -2.71674749e-02 -1.12403193e-02
 -1.49988681e-02  6.96125627e-03 -1.10270316e-02 -3.07766907e-02
  1.14484124e-01  2.79163700e-02 -6.70387074e-02  3.48543185e-33
 -1.57079229e-03 -9.85432300e-04  7.07829790e-03 -3.11184004e-02
  9.47149564e-03  4.23747525e-02 -3.67699489e-02 -3.05437446e-02
 -3.10558677e-02  3.10177375e-02 -2.13926882e-02  7.14837834e-02
  2.50801705e-02  4.82980050e-02  2.38136179e-03 -6.73595220e-02
 -8.40402246e-02 -7.73908431e-03 -7.97850639e-02 -5.60393780e-02
  1.62324142e-02 -2.71054590e-03  4.92781587e-02 -7.47263184e-05
 -3.57941315e-02 -1.12343699e-01  7.73460269e-02  1.36568351e-02
  2.59057824e-02  9.36316513e-03  8.38787705e-02  6.76716724e-03
  3.26164030e-02  5.39135970e-02  6.16824366e-02 -3.87354158e-02
 -1.73596833e-02  2.38314010e-02 -2.73239706e-02  3.56336348e-02
 -2.69496664e-02  6.08580969e-02 -6.87806010e-02 -6.17972063e-03
  6.85813501e-02  1.57864075e-02  2.58605424e-02  1.31168612e-03
 -9.59117040e-02 -8.10260773e-02  3.22992168e-02  7.93700591e-02
  2.08161827e-02 -1.67115964e-02  4.21548672e-02  1.65349972e-02
 -1.88480932e-02 -5.57232872e-02  1.27043324e-02 -6.27676994e-02
 -6.03301823e-02  1.17418207e-01  1.05137727e-03 -2.70676166e-02
 -5.99123761e-02  5.13648875e-02  4.08857241e-02  3.03276759e-02
 -3.39459479e-02 -1.05971890e-02  1.44093037e-01 -4.09778543e-02
 -4.48781699e-02  4.11215797e-03 -3.57169844e-02 -4.06459123e-02
  4.17017229e-02 -3.87528259e-03 -2.14480665e-02  2.62642186e-02
 -1.50765497e-02 -8.51367190e-02  1.64877266e-01  5.79433376e-03
 -1.44348266e-02 -7.21256435e-02 -4.79362942e-02  4.45172265e-02
  2.90834624e-02 -3.20070572e-02 -3.08935586e-02  3.96476127e-03
  3.06468289e-02  3.17239836e-02 -1.78295486e-02 -4.14422444e-33
 -4.54994664e-02 -4.51226309e-02  2.19891723e-02 -9.81472805e-03
 -6.21543154e-02 -7.40150735e-02 -1.11853434e-02 -6.65105358e-02
  6.25960305e-02 -4.82054912e-02 -8.36742297e-02  4.61640470e-02
  4.77468558e-02  4.70981421e-03  2.80440133e-02 -4.69219312e-02
 -1.97315570e-02  1.84395742e-02 -6.21695220e-02 -3.15376408e-02
  5.30135967e-02 -1.03300335e-02 -8.50008577e-02  1.44909561e-01
 -1.11134760e-01  4.21190038e-02  3.25124711e-02 -9.64545608e-02
  7.45290667e-02 -2.08552051e-02 -2.20202636e-02  8.97588804e-02
 -6.79863170e-02  4.59412904e-03 -5.72173335e-02  3.38689350e-02
  5.57126366e-02 -8.25003982e-02 -4.55616154e-02 -5.49819507e-02
  3.05645280e-02 -2.70825457e-02 -3.85452323e-02 -3.63614373e-02
  4.19279607e-03 -7.72841088e-03  7.72717781e-03  3.96680124e-02
  6.59681782e-02 -5.22417575e-03 -2.88785528e-02  2.16876995e-02
 -4.24435688e-03  6.71397075e-02  1.07945818e-02 -2.58567035e-02
  4.04135808e-02 -2.37885099e-02 -6.25326559e-02  4.77795601e-02
  5.45252115e-02  2.97878832e-02  3.05731595e-02 -2.21174862e-02
  1.67750623e-02  8.97617918e-03 -1.32833188e-02 -1.00729533e-01
  5.02452292e-02 -3.62073332e-02 -8.69069342e-03 -3.13955136e-02
 -1.35018468e-01 -4.27195355e-02  4.46723029e-02  6.51622340e-02
 -4.07333858e-02 -6.18790369e-03 -8.06278735e-02  1.25615418e-01
  7.35438243e-02 -2.25908160e-02  2.56563686e-02 -6.12081252e-02
  7.94994012e-02 -1.57447194e-03  2.55455337e-02 -9.66004729e-02
 -1.46144954e-02  6.10600412e-02 -7.19516203e-02  2.86568236e-03
 -9.00610462e-02  8.21266323e-02  2.91038137e-02 -6.22517007e-08
  4.62606363e-02  3.01863123e-02  2.08470225e-02  4.10562083e-02
  2.82820035e-02 -5.53703588e-03 -4.49914858e-02  3.00537925e-02
  2.51484830e-02 -3.81218046e-02  4.35580090e-02  1.83496643e-02
  2.69853380e-02  4.77740653e-02 -2.28298400e-02  1.69836008e-03
  1.13791982e-02 -1.02703292e-02 -4.39307764e-02  1.19789662e-02
  4.24121059e-02  1.46554513e-02 -3.20168361e-02  1.72930432e-03
  7.53309280e-02 -1.75302546e-03 -3.22096795e-02  4.00302596e-02
  1.57105678e-04  3.95440981e-02 -4.70752008e-02 -3.22865620e-02
 -8.42610095e-03 -6.25434844e-03  3.26983109e-02 -6.90742657e-02
  1.28944740e-02  8.48852023e-02 -1.90643538e-02 -1.17441015e-02
  2.27858704e-02  1.08248629e-01 -2.76313582e-03  3.79788093e-02
  1.08021274e-02 -5.33856191e-02 -1.03240244e-01  7.76428580e-02
  4.94555868e-02  2.70948987e-02  3.68058309e-02 -1.02625050e-01
 -1.14630554e-02  7.24572036e-03  4.80834469e-02  3.53740044e-02
 -4.30263244e-02  4.09680903e-02 -6.10575899e-02 -7.57057592e-02
  3.35708372e-02 -4.66218367e-02  3.76337916e-02  8.66891369e-02]",False,False
THE CLIMATE APOCALYPSE IS HERE | The Kyle Kulinski Show,Secular Talk,progressive,"the climate consequences of their product for many decades and continue to block substantive climate action. the case against big oil has been strengthened by improved attribution science, which can show the links between climate change and extreme weather events such as forest fires. many experts draw comparisons to lawsuit once lawsuits once brought against big tobacco. the uptake and legal activity is by no means unique to the US. there are thousands of lawsuits against fossil fuel companies around the world. yet the new poll does touch on an emerging idea among American experts. in addition to its broader findings, data for Progress found that 49% of likely voters support criminal charges against Big Oil, 68% of Democrats and 32% of Republicans, while just 39- 39% of POS idea. so even a it support criminal charges against Big Oil. you want to know why people aren't [ __ ] dumb? yeah, big oil's bombarded us with propaganda for a long time about how actually the climate's not changing at all, or actually, if it is changing, maybe it's a good thing and actually maybe it has nothing to do with with people and it just happens naturally in a cycle or so. something solar flares, whatever, bro, people aren't buying it. they know you're full of [ __ ]. they know they did this. they know. they know that you knew the consequences. they know you lied and you lied on purpose. some of the same people who argued",0.998,"[-6.30950928e-03  1.51964910e-02  1.48443326e-01  1.61408242e-02
  9.83379930e-02  6.74137324e-02 -3.82289588e-02  6.29424527e-02
 -3.79717071e-03  2.23636385e-02 -3.68722230e-02  8.90501142e-02
 -7.03323185e-02 -2.52754316e-02  1.82483289e-02  5.12714088e-02
  3.76275145e-02 -4.68120426e-02 -2.33954526e-02  4.37516011e-02
 -1.27059687e-02  2.95370389e-02  4.03724909e-02  1.09239081e-02
 -1.02225691e-01  3.26041691e-02 -9.59540680e-02 -3.76921296e-02
 -7.27579966e-02  2.99466159e-02 -1.84025113e-02  8.45032483e-02
 -6.36858419e-02  6.81501552e-02  5.29019581e-03 -2.67574582e-02
 -2.60582399e-02 -6.16612239e-03  4.37967107e-02  3.07396357e-03
  4.00350541e-02 -1.13365725e-01 -4.85898852e-02 -6.53281435e-02
 -2.03350876e-02 -3.55446301e-02  8.59251991e-02 -7.17504974e-03
 -1.29007399e-02 -7.00853392e-02 -2.71269213e-02  3.99140231e-02
 -2.21962649e-02 -3.70135792e-02  3.02938074e-02 -1.97609961e-01
 -9.86501854e-03  4.06223014e-02  7.04831304e-03  4.79449555e-02
  6.30386546e-02 -5.76428920e-02 -2.99314912e-02  2.35168841e-02
 -1.75228007e-02 -4.24396880e-02 -2.05605868e-02  3.65552269e-02
 -4.82902229e-02 -4.31005992e-02  2.07386650e-02  6.59328997e-02
 -4.87628486e-03  1.56638585e-02 -3.14400569e-02  1.50782298e-02
  5.58704697e-03  1.17878437e-01  1.32026047e-01 -9.51888189e-02
  9.84848142e-02 -2.70187575e-02  1.52822613e-04 -2.46180352e-02
  4.59559821e-02  2.36157384e-02  3.41438130e-03  6.28124252e-02
  8.20085928e-02 -6.02942612e-03 -2.60176249e-02 -2.02214830e-02
  6.40315637e-02  6.76321164e-02 -6.89734146e-03  8.53017047e-02
  2.38098837e-02  4.97579947e-03 -3.58706005e-02 -7.06724403e-03
  5.97145334e-02  3.67018953e-02 -8.58258605e-02 -9.34303477e-02
 -1.64909419e-02 -5.89342276e-03 -4.63335738e-02 -5.77993058e-02
  6.68310300e-02 -1.74138378e-02 -4.08511609e-02  1.76046547e-02
 -4.09534536e-02 -1.58469491e-02  6.20004022e-03 -2.75418032e-02
  4.12138216e-02 -4.85346615e-02  5.85922226e-03 -5.16125411e-02
 -2.83353832e-02 -2.32069790e-02 -3.17523554e-02  3.87833603e-02
  4.45399135e-02 -8.50143097e-03 -5.67211248e-02  5.84273590e-33
 -2.04394143e-02  6.72648251e-02  2.02716999e-02 -3.44592035e-02
 -1.33722275e-02  6.94666207e-02 -3.71369235e-02  4.65256773e-04
 -3.57572511e-02  5.57820611e-02 -2.35111210e-02  2.05789860e-02
  1.32290339e-02  9.99389589e-02 -3.15654580e-03 -6.42349049e-02
 -6.83409348e-02 -7.90167786e-03 -2.47968035e-03 -1.10409863e-01
 -2.92734969e-02  2.22262330e-02  5.13540767e-02  6.65750951e-02
 -8.09554905e-02 -7.16896802e-02  7.62113035e-02 -1.59915797e-02
 -1.00475559e-02  2.83137169e-02  2.35834084e-02 -3.52855437e-02
  1.73674896e-02  4.60313372e-02  2.82269809e-02 -3.65740508e-02
 -3.44592743e-02 -1.09015321e-02 -4.01655510e-02  9.36497934e-03
 -4.77190539e-02  6.05118386e-02 -5.18102758e-02  1.60795767e-02
  2.67817266e-02 -2.84959339e-02  8.79259314e-03 -1.08425342e-03
 -1.10481732e-01 -5.43401763e-02  1.75763480e-02  6.85477480e-02
  5.72019853e-02  8.38571694e-03  4.08218689e-02  1.13867847e-02
 -4.26415019e-02 -5.85028939e-02 -5.38557488e-03 -6.17841631e-02
 -7.99183473e-02  7.23001957e-02 -2.82469485e-02  5.51703647e-02
 -6.77982718e-02  9.11009535e-02  5.60864480e-03  3.92571092e-03
 -6.13666587e-02  6.13737702e-02  1.49735764e-01  8.23305396e-04
 -2.46033203e-02 -2.53134780e-02 -1.24520734e-02 -2.79749706e-02
  3.47715802e-02  4.34471965e-02 -3.83466706e-02  5.07770218e-02
 -3.17695290e-02 -8.20800960e-02  1.07147425e-01 -5.40435947e-02
 -7.88459182e-02 -8.61533880e-02  3.15002142e-03  8.28371122e-02
  5.18453866e-02 -1.11413794e-02 -3.07588745e-02  1.00799901e-02
  8.22424889e-02  5.28596230e-02 -2.68609524e-02 -5.22737489e-33
 -3.50542478e-02  1.16489334e-02  6.33174926e-02 -7.07788840e-02
 -6.24445118e-02 -4.37260717e-02 -2.54217605e-03 -4.46161628e-02
 -1.74369309e-02 -5.27404808e-02 -4.55303751e-02  4.49809283e-02
  3.73880565e-02 -3.71167064e-03  1.74457822e-02 -3.25673893e-02
 -1.81967020e-02  2.63438616e-02 -1.13768969e-02 -3.51970159e-02
  2.70540528e-02  2.28903699e-03 -6.92302957e-02  1.36386856e-01
 -1.40610978e-01  5.97030099e-04  3.42923068e-02 -7.92630315e-02
  6.70895204e-02 -5.86832175e-03  2.66757440e-02  8.33465755e-02
 -8.16369280e-02  6.83119744e-02 -7.45536014e-03  3.29450928e-02
  2.97830142e-02 -7.35504702e-02 -4.12775427e-02 -5.47361933e-02
  2.19050683e-02 -7.10015222e-02 -4.24223058e-02 -8.24318752e-02
  8.07307847e-03 -5.20293303e-02 -4.05516243e-03  9.18413848e-02
  5.25934175e-02  5.48449792e-02  2.91496888e-02  2.98950095e-02
 -9.09263827e-03  2.63380110e-02  6.19306869e-04 -1.32253831e-02
  2.21269056e-02 -1.42982351e-02 -9.91978645e-02  5.98093495e-03
  4.20418754e-02  7.48359365e-04  4.90330905e-02 -3.99037637e-02
 -1.77905976e-03  1.31974379e-02 -2.86498182e-02 -4.37133759e-02
  7.24048764e-02 -2.39637382e-02 -2.72145458e-02  1.23201043e-03
 -1.34200841e-01 -4.55728956e-02  4.37867874e-03  6.92468658e-02
 -8.82651098e-03 -5.16355969e-03 -5.56527413e-02  1.10479973e-01
  6.26207739e-02  2.33636759e-02  2.60992139e-03 -2.70729959e-02
  5.29759638e-02  1.70102138e-02 -3.47921699e-02 -5.87355979e-02
 -1.23386448e-02  8.36059004e-02 -8.48342627e-02  1.70982834e-02
 -9.33463275e-02  5.61453328e-02 -1.41085656e-02 -5.70972176e-08
  6.54866744e-04  3.31873484e-02  5.43875173e-02  7.52502605e-02
  8.29668250e-03 -5.03549445e-03 -4.16723602e-02  7.31606632e-02
 -2.00837106e-02 -7.05878250e-03  8.25723857e-02  2.28504483e-02
  5.40472418e-02  5.94918951e-02 -3.08045428e-02 -4.14439812e-02
  3.23678702e-02 -4.81058937e-03 -9.20724683e-03  4.22594287e-02
  5.54497764e-02  1.64793525e-02  1.60425194e-02  8.03078897e-03
  4.61531356e-02 -2.62602866e-02 -2.37014685e-02 -7.25681102e-03
  8.12357990e-04  4.22015274e-03 -2.22949348e-02 -4.17201072e-02
 -3.30832414e-02  3.06778047e-02  1.23538300e-02 -8.88158083e-02
 -2.80623347e-03  6.17452934e-02  1.83702086e-03  1.68945380e-02
  3.37224938e-02  8.98606032e-02 -2.14273948e-03  2.89099868e-02
 -1.99258737e-02 -5.00228256e-02 -9.44240168e-02  2.13043187e-02
  2.25834809e-02  1.08754583e-01  2.63059903e-02 -4.76587377e-02
  9.58718918e-03 -3.14770937e-02 -2.89716460e-02  3.49855516e-03
 -4.83541228e-02  5.87193221e-02 -5.23260050e-02 -8.80143866e-02
  3.73215638e-02 -5.07631488e-02  4.29131538e-02  7.52822831e-02]",False,False
THE CLIMATE APOCALYPSE IS HERE | The Kyle Kulinski Show,Secular Talk,progressive,"that that cigarettes don't cause lung cancer, are the same people who are arguing that climate change is nothing to worry about, or yeah, it's happening, but it's got nothing to do with people. so people see through it, they see through you. and now we're at the point where everybody realizes just through their anecdotal experience, like, yeah, the climate is [ __ ] changing [ __ ] the data. they don't even need to see the data they're like. I see it in my own life. I can see it moments like now. uh, really highlighted, doesn't it? hey, y'all do me a favor and like And subscribe. it helps out big time in the algorithm. click the Bell as well for notifications when videos Drop and watch that video on screen right now. you know you want to.",0.979,"[ 2.59294249e-02  3.51903425e-03  4.07857560e-02  1.27037549e-02
  1.42751798e-01  2.61186976e-02  1.26200868e-02  5.25218155e-03
  6.04714230e-02 -4.04308476e-02 -5.36905751e-02  1.96878668e-02
 -7.87858665e-03 -1.22075845e-02 -4.14308012e-02  5.36865555e-02
  2.11625546e-03 -5.27671464e-02 -9.34998468e-02 -4.41798531e-02
 -1.59440916e-02  4.67139632e-02  5.11185313e-03  6.03747815e-02
 -1.67126041e-02  1.91126298e-02 -5.74248619e-02  1.77304307e-03
 -4.28231992e-02  9.07423496e-02  2.40964480e-02  1.77985039e-02
  1.16911053e-03  8.08416158e-02 -6.91651627e-02 -9.33588669e-02
  3.19118947e-02  8.89108106e-02 -9.42076668e-02 -1.25766704e-02
  5.38481250e-02 -2.56334078e-02 -2.30856286e-03 -6.51064795e-03
 -3.33403684e-02 -1.00483662e-02  2.96539813e-03 -3.77240330e-02
  9.76498332e-03 -3.40654701e-02 -7.22699836e-02 -2.87520625e-02
 -5.01295589e-02 -3.09321452e-02 -5.00136465e-02 -5.02213016e-02
 -3.57362702e-02  3.84379216e-02  2.82901917e-02  6.76451623e-03
  6.10233955e-02 -1.00927867e-01 -2.27863658e-02  7.30687976e-02
  3.58352475e-02  5.91147318e-02  5.04122376e-02  9.58239567e-03
 -8.60096700e-03 -7.77454162e-03 -7.37212077e-02  9.62668210e-02
  2.19635833e-02  4.08171192e-02  9.93685611e-03 -7.21476413e-03
 -5.80071919e-02 -8.23502801e-03  9.56047401e-02 -7.79090822e-02
  1.46637052e-01 -1.72711872e-02  2.85453293e-02  4.22837064e-02
  9.67053771e-02 -9.06706229e-03 -2.87867617e-02 -1.49913561e-02
 -2.48753764e-02 -5.11430651e-02 -9.54297483e-02  1.44739104e-02
  1.50219025e-02  6.54130578e-02 -1.20262012e-01  1.75951924e-02
 -6.59016194e-03 -4.44678478e-02  1.95659082e-02  3.20889279e-02
 -3.51278186e-02 -2.72979029e-02  2.47606896e-02 -4.81444038e-03
 -1.69540793e-02 -5.48560843e-02 -2.78162099e-02  1.49888396e-02
 -7.98348396e-04  4.06877100e-02 -4.45364043e-02  5.18046021e-02
 -1.91646479e-02 -8.11209604e-02  2.10684463e-02  5.03157899e-02
 -1.01358937e-02 -1.97633747e-02 -1.60003062e-02  5.75745702e-02
 -2.89100334e-02 -7.39139542e-02 -5.09902425e-02  4.28130627e-02
  1.17127754e-01 -8.58184509e-03  8.23489763e-03  4.77063793e-35
  2.38101278e-02  5.76713085e-02  9.11858305e-02  2.25148965e-02
  7.05924630e-02  6.96986262e-03 -7.84653574e-02 -7.73542449e-02
  9.67772212e-03 -7.80073111e-04  2.86348965e-02  4.62797657e-02
 -1.31675154e-02  8.27028379e-02  1.48597127e-02 -4.10366990e-02
 -1.22259468e-01  3.20646092e-02 -6.83752820e-02 -1.77807026e-02
 -3.24497372e-02 -1.46147292e-02  1.24565288e-02  3.68243419e-02
 -5.12324683e-02  7.01342523e-02  2.76120566e-02 -1.65147427e-02
  7.56910667e-02  2.81206761e-02 -4.47918847e-02  9.27335992e-02
  3.21908225e-03 -7.21826777e-02  8.05771071e-03  3.20120156e-02
  5.38349375e-02 -4.76184161e-03  3.32134217e-02  1.99062843e-02
  7.76531501e-03  3.46111245e-02 -3.24659012e-02 -4.22686301e-02
 -7.99210649e-03  1.10628083e-02  3.29148062e-02  1.99757889e-02
 -4.26466092e-02  2.17076354e-02 -1.57913044e-02  8.57624318e-03
  3.78664844e-02 -4.93813902e-02 -3.66308652e-02  3.49638090e-02
  1.15414849e-02 -4.18889895e-02 -1.38428025e-02 -7.58380517e-02
  4.23411094e-03 -2.17707194e-02  7.11196139e-02 -1.39315464e-02
 -4.54243757e-02  4.71512191e-02  9.42403451e-04 -4.68697809e-02
  4.68088640e-03  1.33606791e-01  4.58670147e-02  7.14525357e-02
 -3.68143395e-02 -9.36340839e-02  4.77341749e-03  1.31455641e-02
 -2.82427538e-02  5.25846742e-02 -7.76873576e-03  6.79333955e-02
  8.84689689e-02 -1.35706246e-01  3.39800566e-02 -1.80596039e-02
 -1.02867773e-02 -1.15237743e-01  2.37692203e-02  2.63611283e-02
 -1.46650486e-02 -1.13437679e-02 -4.70314510e-02  1.57246608e-02
  7.17025697e-02  5.59389926e-02 -4.37109061e-02 -6.36226904e-34
 -5.46442196e-02  3.43152992e-02  6.24292754e-02  7.17676757e-03
 -2.80809179e-02 -8.01001489e-03  7.48577854e-03 -3.04596834e-02
  4.77840565e-02  2.11969186e-02  4.27226610e-02 -1.47843724e-02
 -4.83878851e-02  9.68005601e-03 -4.36248332e-02 -1.72765777e-02
  2.67493371e-02 -2.46248990e-02 -1.19177736e-01 -9.72380042e-02
 -8.82087052e-02 -8.07203539e-03 -8.24231803e-02  1.94341484e-02
 -9.74236503e-02  1.40606537e-02  5.56413531e-02  2.53677624e-03
  9.61457863e-02 -8.70257691e-02 -9.98060033e-02  9.34997946e-02
 -6.52334988e-02 -2.93152444e-02 -3.73518057e-02  8.79058838e-02
  6.70021549e-02 -3.42087187e-02 -6.80752546e-02 -6.26924559e-02
 -1.23765608e-02 -7.69431703e-03 -1.23035945e-01 -9.73722860e-02
 -2.58793263e-03  4.74615907e-03  5.17307185e-02  2.90191118e-02
 -6.31817654e-02  3.94812189e-02  7.13216811e-02  3.86652090e-02
 -5.73353395e-02  1.67079549e-02  2.00981330e-02  2.74504684e-02
 -1.83080956e-02  5.01713082e-02 -3.96651626e-02  5.15104644e-02
 -6.03426881e-02  6.34158775e-03 -1.19795017e-01 -4.28243466e-02
 -9.44486260e-03 -8.46451223e-02  1.45689128e-02 -4.38025370e-02
  8.31899717e-02 -7.69595802e-03 -5.34135941e-03 -6.27524592e-03
 -1.05676211e-01 -1.32582873e-01  1.32749614e-03  1.85546675e-03
 -7.42510427e-03 -1.63267907e-02 -8.99703726e-02  3.14013399e-02
  3.33239208e-04 -3.66385020e-02  6.57096952e-02  5.06381784e-03
  7.00727627e-02  6.78377226e-02 -4.19942327e-02 -2.85600927e-02
 -9.50095654e-02  4.89952527e-02 -6.86753690e-02  1.55393705e-02
 -1.41286045e-01  2.59290729e-02 -2.70058047e-02 -5.43419461e-08
 -1.07878195e-02  1.19890179e-02  5.05219325e-02  4.20417599e-02
  1.00743182e-01  9.21748485e-03  4.70459163e-02  1.04346626e-01
  4.71315347e-03 -1.81966573e-02  7.12900311e-02 -9.89651028e-03
  2.48941667e-02  5.86271323e-02  7.57940263e-02  5.07344604e-02
  2.82611884e-02 -3.50596793e-02 -1.57158803e-02  5.73147498e-02
 -4.77801375e-02  2.81730667e-02  3.94363999e-02 -3.08147948e-02
  3.27414759e-02  3.16125676e-02 -3.85845229e-02  7.86320195e-02
  4.97621708e-02  4.04074155e-02 -3.74640934e-02 -3.31842043e-02
 -2.43661050e-02 -2.19544163e-03 -2.43306234e-02 -6.57720119e-02
  5.12123592e-02  1.42640956e-02 -2.57454440e-02  1.20535633e-02
  7.27414712e-02  3.38376686e-02  1.34778051e-02  8.16177577e-02
 -2.49764994e-02  5.11907414e-03  2.00639665e-02 -2.00039819e-02
 -4.62241024e-02  3.58291864e-02  7.21401954e-03 -5.27046733e-02
  2.49214917e-02 -1.03584267e-02  1.15031628e-02 -1.89661290e-02
  8.86962377e-03  2.07649302e-02  3.21578160e-02  3.52826230e-02
  8.18543136e-02 -4.38306294e-02 -9.59865004e-02  1.30042331e-02]",False,False
SCORCHING Heat &amp; Flooding Keeps Shattering Records | The Kyle Kulinski Show,Secular Talk,progressive,"to get some of it, because they're [ __ ] dying without it. man, this is all here right now. this is here right now and, uh, if you think it hasn't gotten worse, I got a [ __ ] bridge to sell you, bro. I got a bridge to sell you. oh, it's just the weather, and it's hot and the summer, and that's just what these are. this is the world. it's a record for this: warmest June on on record. it's uh, May was the same thing. you've all seen the graphs, you've all seen the charts. you've all seen like history, it's like this, and then, within the past decade, it's like it just shoots straight up. we've all seen it. it's not fake, that's real, and there are massive consequences for that: Wars over water, famine, drought, flooding. you have more extremes all over the map as a result of climate change and that's what we're currently witnessing. this was in France: flooding in France. 80% of the US population is experiencing temperatures of 90 degrees Fahrenheit or higher this week. yeah, there's a heat Dome, as they called it, over the Northeast, in the Mid-Atlantic. um, and everybody's just roasting, bro. world record, uh, heat for this June, the hottest June ever on record. an ominous sign: June is likely to once again break the global temperature record record set last June. yeah, I mean again. every time the experts look at it, they're.",0.998,"[ 6.14302419e-03 -1.06774690e-03  9.52724516e-02  1.41185056e-02
  1.39293596e-01 -7.75241200e-03 -7.39024058e-02 -3.58671905e-03
  2.62063239e-02  9.46874265e-03 -6.85839429e-02  4.20565158e-03
  7.56162107e-02  8.01693927e-03 -6.84409365e-02  2.30775513e-02
 -6.42706826e-02 -9.29244459e-02 -4.36995439e-02  2.52302038e-03
 -4.09126282e-02  7.38333166e-02 -1.37980683e-02  3.65880318e-02
 -2.36426089e-02  8.06573126e-03 -6.93012178e-02  6.81867078e-02
 -1.04050756e-01  1.77613683e-02 -3.43480194e-03  6.24795333e-02
 -9.85262468e-02 -1.55976033e-02  2.85824091e-04  1.14515712e-02
  6.42075613e-02 -3.58649008e-02  4.43726704e-02 -5.73259778e-03
  2.99139451e-02 -5.88529669e-02  2.42218245e-02  1.31999860e-02
 -2.42439937e-02  1.17623307e-01 -6.50828332e-02  1.61239710e-02
 -9.69945744e-04 -1.68670081e-02 -2.08227430e-02  8.24125186e-02
  1.52830062e-02 -5.60021438e-02  1.44297921e-03  9.08764731e-03
  3.82039808e-02 -3.55281867e-02  2.75512040e-02  1.79978972e-03
 -3.44586559e-03 -1.99238416e-02 -1.79710109e-02  3.30477878e-02
  3.80556583e-02 -2.78522745e-02  4.01560180e-02  1.02456957e-01
 -2.75233891e-02  6.83526099e-02 -1.80715453e-02  3.78399305e-02
 -1.49992360e-02 -3.50487344e-02  7.23152235e-02 -1.39965620e-02
 -5.95479868e-02 -8.93132761e-03  1.67116895e-02 -4.13179733e-02
  9.94307995e-02 -1.68507937e-02  5.50002791e-02 -8.80896486e-03
  1.88177135e-02  3.35042775e-02  1.40527830e-01 -5.16046397e-03
  1.03527293e-01  9.53264069e-03 -1.11206993e-01 -4.99752164e-02
  9.72461049e-03  1.27514049e-01  2.49490123e-02  6.81998208e-02
 -1.40917897e-02 -5.28944656e-03 -3.20495777e-02  4.37915735e-02
  2.77148541e-02 -5.32727651e-02  7.64171854e-02 -9.87592563e-02
  2.25148201e-02 -5.30652925e-02 -6.18566647e-02  2.76357550e-02
 -4.54115421e-02 -3.13797519e-02 -1.09940350e-01 -2.11423896e-02
 -1.74231492e-02 -2.18821988e-02  5.37600033e-02 -4.65567447e-02
  3.62969004e-02 -1.06075279e-01 -4.08544578e-02  4.36628871e-02
 -8.02268367e-03  5.53571768e-02 -7.99114481e-02  9.17127877e-02
  6.47417409e-03  5.28078116e-02 -1.54372631e-02 -4.69884508e-33
  1.05925910e-01  5.57636051e-03  6.13024458e-02  2.58910339e-02
  6.10776730e-02 -1.75794680e-02 -1.34905830e-01  6.90978544e-04
 -9.11018066e-03 -1.72708500e-02 -2.57493202e-02  5.00257239e-02
 -3.75555828e-02  5.31564392e-02 -1.15224412e-02 -5.79164624e-02
 -2.48022024e-02 -2.98152324e-02 -3.85543667e-02  1.60782747e-02
 -6.20640628e-02 -2.88467482e-02  1.40757235e-02 -3.03555150e-02
  8.94273911e-03  7.31351152e-02  1.72911137e-02  9.91908237e-02
  6.14455715e-03  1.55587075e-03 -5.06253056e-02  3.56388427e-02
 -8.01228918e-03 -4.75815050e-02 -7.45347841e-03 -4.63331155e-02
 -1.24515248e-02  1.31358637e-03  1.22472998e-02  1.42910182e-02
 -7.02548400e-02  6.89998502e-03 -1.07641786e-01 -8.92802433e-04
  6.39213324e-02  2.10451130e-02  9.57406983e-02  1.08664548e-02
 -6.85119778e-02  5.29411659e-02 -1.99469868e-02 -3.42821307e-03
 -3.82226333e-02 -1.53519604e-02 -3.75451669e-02  4.56445217e-02
 -2.35457364e-02 -4.82520647e-02  8.70202109e-03 -8.38891789e-02
 -2.59592775e-02 -3.84769812e-02  3.10924184e-02  2.02528052e-02
  1.81042291e-02  5.99864051e-02 -1.88764334e-02 -1.29701672e-02
 -3.51312198e-02 -1.80996694e-02  1.41648075e-03  4.01379243e-02
 -2.66075954e-02 -2.33163964e-02  7.77146220e-02  2.77248640e-02
  4.39507701e-02 -1.26291085e-02  1.41835036e-02  4.80196998e-02
 -4.73727994e-02 -6.54439181e-02  8.38358477e-02 -1.75830610e-02
 -1.37394089e-02 -9.19374228e-02  4.12685722e-02 -3.98100503e-02
  2.83583552e-02  1.12661235e-02 -1.18409388e-01 -7.20764175e-02
  2.90774927e-02 -1.31429853e-02 -5.49790412e-02  1.47538087e-33
  1.37522782e-03  5.85232079e-02  1.56553593e-02  2.79546902e-02
 -4.41692695e-02 -5.05254418e-02 -1.78106260e-02  4.14469577e-02
 -2.91287396e-02 -7.23264588e-04  3.32567911e-03 -3.32954936e-02
  6.88968450e-02  2.63356455e-02  1.78793091e-02 -4.87700105e-02
  8.16147849e-02 -2.55993027e-02 -3.81987020e-02  2.03563762e-03
 -1.32387038e-02  4.68418375e-02 -9.74812582e-02 -3.71704902e-03
 -5.17254844e-02  7.22781420e-02  3.61050032e-02 -5.28117605e-02
  7.49659352e-03 -2.60812305e-02 -2.41383594e-02  3.20612565e-02
 -9.97482054e-03 -7.13764643e-03 -2.18776148e-02  1.29461467e-01
  1.13408610e-01 -2.68561244e-02 -1.70628319e-03 -5.50539568e-02
 -4.83676791e-02 -2.76930593e-02 -1.83732491e-02 -1.09109834e-01
 -3.46861198e-03  2.75082551e-02  3.31216566e-02  5.53883985e-02
 -2.65849680e-02  3.37778367e-02  1.52308038e-02  4.47328500e-02
 -4.78412732e-02 -2.22358573e-03 -2.31495537e-02 -8.18278715e-02
 -5.80616258e-02 -1.16441809e-02 -8.83538723e-02  2.73618456e-02
 -6.61760420e-02  3.19640823e-02 -5.63389249e-02 -6.54330924e-02
  1.20804990e-02 -1.24517933e-01 -4.18692715e-02 -8.20608735e-02
  1.74489766e-02  9.21270102e-02  1.40923830e-02 -2.04717126e-02
 -1.91100165e-01 -2.89666224e-02  9.29692239e-02  4.27466072e-02
 -3.32476124e-02  7.23693743e-02 -4.85739261e-02  2.32644305e-02
 -2.18395311e-02 -5.23528904e-02  6.71146065e-02  5.46009950e-02
  2.05484610e-02  7.34785572e-03 -7.54866153e-02 -2.95084212e-02
  2.57605240e-02  4.29540612e-02 -5.73351681e-02 -3.67732644e-02
 -1.61721691e-01  5.74547313e-02  2.03325937e-04 -5.61181430e-08
  9.52146426e-02  5.95005862e-02 -1.78842209e-02 -2.10002493e-02
  2.01942697e-02 -3.03311814e-02  7.99129233e-02  8.01986754e-02
  1.21715274e-02  1.54409846e-02  2.83738542e-02  3.21707539e-02
 -2.10496653e-02  2.39795968e-02 -2.18263082e-02  4.91670780e-02
 -7.34979510e-02 -8.49167481e-02 -3.43596749e-03 -8.19256343e-03
 -1.59395784e-02  1.38268499e-02  3.31111439e-02 -7.40471408e-02
  1.05991840e-01 -2.37963591e-02 -1.41842673e-02  3.28521989e-02
 -7.01937452e-02 -3.61902788e-02 -6.82537502e-04 -5.00562936e-02
 -3.64522934e-02 -4.79395539e-02 -4.30037864e-02 -6.75291289e-03
  1.17745847e-02  6.72459081e-02  1.71744451e-02 -1.70541778e-02
  4.26425822e-02  9.03956816e-02  2.06331555e-02  2.73872074e-02
  6.80264756e-02  4.42983583e-02  4.94686514e-03 -8.06906912e-03
  6.80129826e-02 -3.31605151e-02 -5.06049618e-02 -1.07054794e-02
  5.13440706e-02  4.45238389e-02  4.80230898e-02  6.01683790e-03
 -4.93781343e-02  5.66132255e-02  2.67783795e-02  1.77468080e-02
  2.01126710e-02 -3.31161320e-02 -7.58232176e-02  3.63021828e-02]",False,False
SCORCHING Heat &amp; Flooding Keeps Shattering Records | The Kyle Kulinski Show,Secular Talk,progressive,"like, oh, it looks worse than the worst case scenario now. by the way, they said, since what? do we have a linia year? was it linia or El Nino? we had one of them and they said, because of that, things were hotter, right, um, but the experts are expecting the temperature to actually get cooler next year. if it doesn't do that, we are so far gone beyond [ __ ], like we hit a point of exponential warming and there's, just like now it's the rapid phase, right, I again, I don't think people have truly grasped and don't truly understand, like we've been the Frog and boiling water this entire time and now the [ __ ] water is boiling homie, like it's already, like it's already too late, type [ __ ]. it's crazy. it's crazy. I mean, you want to talk about Net Zero? we should have been on Net Zero. we should have been totally transitioned to green and renewable technology and no fossil fuels and all that. and it should have been [ __ ] 10 years ago, right, anyway, there you have it. that's just uh, some of the the video just from this week, bro, just from this week, the uh extreme weather events. so I'm sure you've all seen it, I'm sure you'll continue to see it. but this isn't anecdotal. this isn't, like you know, my a self- selection bias on my part, or confirmation bias. I we're",0.992,"[-1.07194602e-01  2.95016002e-02  1.05909020e-01  2.67604943e-02
  1.36677966e-01 -4.19776235e-03 -4.50041555e-02  4.96989582e-03
  1.36518655e-02  8.03393219e-03 -7.07904203e-03 -3.61106358e-04
 -8.32578749e-04  1.66196134e-02  1.70855355e-02 -4.69420385e-03
 -1.28973022e-01 -8.10402706e-02 -5.51091619e-02  3.20237204e-02
  1.46998363e-02  2.87569426e-02 -7.18188509e-02  2.88344119e-02
 -4.27102037e-02  1.94522943e-02 -4.04351838e-02  2.00402141e-02
 -1.04042888e-01  7.82971159e-02 -2.37515625e-02  1.06235445e-01
 -8.81784409e-03  2.86625791e-02  1.60024539e-02 -7.70088658e-03
  1.22749591e-02  2.48603430e-02 -4.87362668e-02 -1.91154741e-02
  4.71615829e-02 -7.11388960e-02  3.50843668e-02 -3.08806282e-02
 -2.25033611e-02  4.93189953e-02  8.22411478e-03 -5.19820601e-02
 -3.30281183e-02 -3.92237902e-02 -7.29596466e-02 -1.34319151e-02
 -1.24463839e-02 -7.67879486e-02  1.14701102e-02  4.64287139e-02
  2.40748245e-02 -5.05072288e-02  4.83422540e-03  1.63969733e-02
  1.37570016e-02 -3.26467156e-02 -6.08795471e-02  6.51376545e-02
  7.22908154e-02  5.52778132e-02  1.50702065e-02  2.75874138e-02
  1.97829981e-03  6.14839606e-02 -1.52344834e-02  4.57374528e-02
  1.23909616e-03 -3.23170386e-02 -4.56100032e-02 -2.36138441e-02
  1.83305498e-02  4.37765121e-02  6.65309876e-02  7.87856523e-03
  4.29656357e-02 -7.79609755e-03  5.08149378e-02 -1.01209149e-01
 -1.16778769e-01  3.96520980e-02  4.36247662e-02  4.28743288e-02
  5.15818633e-02 -3.92545089e-02 -4.66343947e-02 -6.23058863e-02
  6.88348487e-02  1.19939014e-01  1.01936251e-01  1.47261158e-01
  1.61101036e-02  3.33859329e-03 -2.01564264e-02  2.51767207e-02
  1.94851067e-02  7.04694120e-03 -2.52114907e-02 -4.77085747e-02
  4.24452834e-02 -3.19617875e-02  4.49057706e-02 -2.94603985e-02
 -3.48416902e-02 -2.50472445e-02 -6.88372031e-02 -1.03503428e-02
  7.08350781e-05  5.92088327e-03 -2.20399220e-02 -1.36094749e-01
  5.94975352e-02 -2.90123522e-02 -2.33016163e-02  2.17770468e-02
 -1.48849888e-02  3.51893343e-02 -6.10282347e-02  1.17324129e-01
  4.56398465e-02  5.63936345e-02  4.79717813e-02 -8.64441372e-34
  7.73824677e-02  4.03679237e-02 -4.50401613e-03  5.24711460e-02
  4.63005900e-02  9.99896321e-03 -7.65311792e-02 -1.26448506e-02
 -2.37965640e-02 -4.86818254e-02  1.40419211e-02  2.71937884e-02
 -2.93491557e-02  2.36026980e-02  4.43522781e-02 -4.18277495e-02
 -7.11067393e-02  9.76990629e-03  8.80391151e-02 -1.62454937e-02
 -3.14475819e-02 -2.54135840e-02  2.76289880e-02 -6.83371052e-02
 -2.83294432e-02  2.57571619e-02 -4.97031026e-03  4.49557882e-03
 -1.71955097e-02 -1.64331123e-02 -2.14081034e-02  6.62748236e-03
 -4.27345335e-02 -6.05867431e-03 -8.92393012e-03 -6.55135885e-02
  9.16771740e-02  1.02226129e-02  1.32814180e-02  1.54494708e-02
 -3.44517268e-02  5.90541214e-02 -6.21419512e-02  2.30991393e-02
  1.01426877e-01 -1.23861292e-03  9.52348560e-02  8.34634826e-02
 -1.11135364e-01  5.39151346e-03 -3.44878919e-02  3.76286954e-02
 -3.43333520e-02 -2.69702654e-02 -2.99463589e-02 -2.98272236e-03
  3.97180319e-02 -2.45742239e-02 -4.34667841e-02 -4.65299785e-02
  2.93219388e-02  2.37959996e-02  3.44115905e-02 -5.87425865e-02
  1.28528355e-02  5.06451055e-02  2.25552693e-02 -1.93543825e-02
  2.55467463e-02 -4.52651531e-02 -2.19867062e-02 -4.87478301e-02
 -7.17013627e-02 -7.24186888e-03  7.96123520e-02  4.88311127e-02
  7.53029883e-02 -2.04377528e-02  1.22555625e-02  3.66332568e-02
  1.30112586e-03 -1.14579825e-02  1.75432637e-02 -4.62052003e-02
 -1.01787727e-02 -1.32507861e-01  5.76356463e-02  4.54314724e-02
  3.71887051e-02 -3.05640958e-02 -3.57643403e-02 -3.02435551e-02
  9.35440212e-02  2.10002065e-02 -7.38200359e-03  2.92703862e-35
  4.03395359e-04 -2.12431364e-02 -7.09484965e-02  2.22720355e-02
 -6.22663610e-02 -8.27669650e-02 -4.39285003e-02 -5.30308336e-02
  1.15739051e-02 -3.95019092e-02  9.55466852e-02 -1.24835677e-03
  8.07574540e-02 -3.61412801e-02 -2.00852845e-02 -1.62442084e-02
 -6.85528247e-03  7.26609025e-03 -3.55507508e-02 -3.64794880e-02
  3.64048257e-02  2.36994401e-02 -1.53904125e-01 -9.17204376e-03
 -4.44245636e-02  9.21799466e-02  2.36719679e-02  1.84230860e-02
 -5.81899397e-02  6.98241172e-03 -1.06343225e-01 -2.09874474e-02
 -2.50814296e-02  4.09451546e-03 -9.92177241e-03  3.59761864e-02
  5.37764952e-02 -5.00312671e-02 -2.40421277e-02 -7.93316886e-02
  1.33188479e-02 -3.30314273e-03 -4.99534570e-02 -5.40920310e-02
 -7.37021110e-05 -2.72987690e-02  4.22081389e-02  6.13848940e-02
  2.36780141e-02  5.52880056e-02  8.60289782e-02 -5.51376007e-02
 -4.74894345e-02 -6.92383498e-02 -4.20155488e-02 -2.23184265e-02
 -7.37414742e-03  5.10665448e-03 -6.44164309e-02 -2.76984721e-02
  5.21750934e-03 -3.99235822e-02  1.33400029e-02 -4.61314134e-02
  1.33281369e-02 -3.29706352e-03  2.16318970e-03 -1.02314204e-02
  2.10998133e-02 -2.75050458e-02  1.77948140e-02  2.12212261e-02
 -1.42500386e-01 -2.56017614e-02  9.59393680e-02  6.46662712e-02
  2.97684930e-02 -2.12212931e-02 -1.71408169e-02 -4.21370892e-03
 -5.11215888e-02  6.69348389e-02  3.03515997e-02 -1.97528806e-02
  7.38473758e-02  6.59444695e-03  3.11152842e-02 -3.41619290e-02
  1.00184539e-02 -5.89415897e-03 -7.43570849e-02 -6.07956946e-02
 -6.42749369e-02  9.25677717e-02 -3.23323682e-02 -5.61314302e-08
  5.99868335e-02  8.69695097e-02  2.97218300e-02  2.19811164e-02
  1.13431953e-01 -4.94614914e-02  4.69983853e-02  1.52412625e-02
  2.82792542e-02  2.56071929e-02  3.81378345e-02  9.48398486e-02
  5.79159111e-02  6.84920698e-02  5.33976890e-02  8.45483392e-02
 -2.03193091e-02 -4.90075573e-02 -3.57239097e-02 -1.81936473e-03
 -8.17653164e-03  6.25142306e-02 -6.37737587e-02 -1.82950906e-02
  6.19622990e-02  4.98995604e-03 -8.96648224e-03  9.95503888e-02
  4.56871055e-02 -8.49302299e-03 -3.41954902e-02 -4.74935435e-02
 -4.42699976e-02 -1.26281159e-03 -3.24786864e-02 -5.96981607e-02
 -6.38191588e-03  1.11389115e-01  1.28141008e-02 -6.28405511e-02
 -1.11436332e-02  9.27654058e-02 -4.24042009e-02  5.61173484e-02
  6.84837811e-03 -1.05289705e-01 -5.90874031e-02  2.67611612e-02
 -4.55395784e-03  6.70417259e-03 -2.72748177e-03  1.80386882e-02
 -2.14641094e-02  7.41302967e-02  5.67758903e-02 -9.62436721e-02
 -9.99663621e-02 -3.11297947e-04 -1.23923466e-01  1.16044819e-01
  4.34164926e-02 -3.38933128e-03 -1.08672984e-01  1.87541526e-02]",False,True
SCORCHING Heat &amp; Flooding Keeps Shattering Records | The Kyle Kulinski Show,Secular Talk,progressive,"simply just seeing more out of this world type weather and uh Lord, help us, cuz we're certainly not moving fast enough to try to fight back against climate change. hey, y'all do me a favor and like And subscribe. it helps out big time in the algorithm. click the Bell as well for notifications when videos Drop and watch that video on screen right now. you know you want to.",0.978,"[-1.73489042e-02 -1.01062849e-01  1.05607569e-01  2.86364257e-02
  1.28542364e-01  3.70177045e-03 -6.64957836e-02 -7.68990964e-02
 -4.34467159e-02 -3.53327096e-02 -8.04994926e-02 -3.80211882e-02
  1.17953774e-02  1.27339792e-02 -2.58191898e-02  3.96802798e-02
 -2.77255047e-02 -3.65919694e-02 -6.92713037e-02 -7.73706958e-02
 -7.85075724e-02  2.98121143e-02  1.19929435e-02  7.40816668e-02
 -2.63060443e-04  3.87914330e-02 -6.19940422e-02  4.15569823e-03
 -2.12409012e-02  4.82359529e-02  2.38462863e-03  3.23707946e-02
  6.84048189e-03 -7.00185401e-03 -4.73067723e-02 -2.90003270e-02
  2.26102415e-02  5.35157416e-03 -7.08734617e-02  5.39440103e-02
  3.01293433e-02 -7.06921984e-03  5.48659600e-02 -6.45340383e-02
 -3.20411883e-02  6.36994168e-02 -3.19843143e-02 -1.55183941e-03
  7.68713206e-02 -4.62715738e-02 -5.64791523e-02 -4.73084254e-03
 -2.78157629e-02 -2.33486500e-02 -6.75659627e-02 -1.41470609e-02
  5.05364314e-03 -9.02741309e-03  2.14216243e-02 -1.29868574e-02
  7.09503219e-02 -3.42387669e-02 -8.07733014e-02  7.90401325e-02
  4.69001755e-02 -4.47474467e-03  2.93659549e-02  7.42792934e-02
  2.79095471e-02 -2.71455403e-02 -6.80597797e-02  1.35069177e-01
 -6.84987148e-03  4.22940776e-02 -2.01562103e-02 -3.76739129e-02
  3.04162893e-02 -3.95022966e-02  8.55035856e-02 -3.85357998e-02
  7.63176978e-02 -5.35748713e-02  2.27017999e-02  1.47680275e-03
  2.97156442e-02  1.33876698e-02  6.04978669e-03  2.94332299e-02
  1.32816350e-02 -7.79774785e-02 -7.73318484e-02  5.00187837e-02
  4.27238233e-02  1.56288911e-02 -9.91173908e-02  8.60898793e-02
 -1.11034261e-02 -3.79324481e-02 -6.17097579e-02  6.68469965e-02
 -7.90527277e-03 -6.52148500e-02  5.03752381e-03  7.27568055e-03
  4.55611832e-02 -3.12001966e-02 -3.01430561e-02  3.87313105e-02
  9.63650551e-03 -1.80592258e-02 -5.96910119e-02  2.28765011e-02
 -9.22803674e-03 -6.96330220e-02 -9.75388335e-04 -2.67430395e-03
 -2.18501855e-02  2.45500356e-02 -5.33558102e-03  2.53863148e-02
 -4.31894697e-03 -2.86662243e-02 -6.13448843e-02  3.87771279e-02
  1.27335057e-01  1.60348900e-02  2.25986354e-02  2.31629527e-33
  7.43677691e-02  5.60138449e-02  6.91194236e-02 -9.69925616e-03
  5.72571196e-02  1.62549447e-02 -5.43363243e-02 -6.20103888e-02
 -3.85460816e-02 -5.34153096e-02  4.73145097e-02  4.06832844e-02
 -3.93760093e-02  5.89013956e-02  3.73294018e-02 -1.53057814e-01
 -2.28495279e-04  3.54805659e-03  1.90157816e-02  7.09284376e-03
 -1.97806451e-02 -1.12875596e-01 -1.69349313e-02  2.28388403e-02
  3.24693546e-02  7.57462531e-02  1.30302176e-01  5.01687732e-03
  1.02562100e-01  3.20589691e-02  1.75247770e-02  5.48059791e-02
 -1.08747229e-01 -2.44772565e-02  1.93244535e-02 -6.44602552e-02
 -5.61304353e-02 -1.44082736e-02  3.31319161e-02 -2.22714059e-02
  7.29971286e-03  3.16493437e-02 -9.86966118e-02 -4.58766557e-02
  7.24429339e-02 -1.51590062e-02  9.09628198e-02  4.87494208e-02
 -2.57077869e-02  1.28626833e-02  4.61836085e-02  3.92411724e-02
  6.42599352e-03 -5.54801822e-02  7.14211958e-03 -7.65433908e-03
  5.56282513e-02 -3.77604552e-02  1.77819375e-02 -2.42052898e-02
 -2.76409015e-02 -6.74943775e-02  1.00466438e-01 -1.14142396e-01
 -2.44030524e-02 -3.74613097e-03 -1.01140304e-03  9.93971005e-02
 -5.84393255e-02  5.63709736e-02  5.28477915e-02  3.00184079e-02
  5.58720157e-02 -2.14264560e-02  3.34387422e-02  1.89587325e-02
  4.25480641e-02 -4.01306935e-02 -6.83692656e-03 -1.87002402e-02
  2.04082802e-02  4.13485570e-03  8.27416927e-02 -1.62682850e-02
  1.31572977e-01 -1.12567708e-01  5.59977209e-03  2.67790277e-02
 -2.73092855e-02  1.77550633e-02 -6.95054010e-02 -8.88996478e-03
  1.06219709e-01  5.20561785e-02 -2.85278820e-02 -1.84105484e-33
 -6.71360688e-03 -5.91193000e-03  2.74334233e-02 -1.48429889e-02
  3.86506692e-03 -5.59397489e-02 -4.10482511e-02  1.03616156e-02
  7.07359239e-02  2.59934627e-02  1.78200621e-02 -1.91067823e-03
 -6.34276867e-03 -3.38118859e-02 -3.46730761e-02 -5.57902530e-02
  4.55299690e-02 -2.12877523e-02 -9.07697007e-02 -6.76139593e-02
 -4.75672074e-02 -6.57629035e-03 -6.90603033e-02 -1.55114429e-02
 -7.45387003e-02  4.14568378e-04  7.38096982e-02  1.05121627e-01
  6.66609481e-02 -1.28895445e-02 -1.15273200e-01 -1.21579766e-02
 -1.00814417e-01 -2.26513352e-02 -2.40837485e-02  1.22977555e-01
  8.41605142e-02 -4.39802445e-02 -6.03436865e-02 -1.22584705e-03
 -2.88228411e-02 -2.39527319e-02 -2.63018087e-02 -1.39053673e-01
  1.46116258e-03  8.02318826e-02  2.32208949e-02  8.00494701e-02
 -1.05029017e-01  8.98008328e-03  5.24157248e-02 -2.74912231e-02
 -3.71229909e-02 -3.87569703e-03  5.33745997e-02  2.01867074e-02
 -7.50373630e-03  1.84285250e-02 -2.39285491e-02 -4.12425660e-02
 -1.02311827e-01 -3.68092582e-02  3.08384765e-02  1.15862517e-02
  2.90343482e-02 -5.03209755e-02  5.51227713e-03 -1.69701707e-02
  3.00623500e-03  3.88852321e-02  1.37660513e-02  2.29526199e-02
 -4.35420349e-02 -4.66786288e-02  6.51868805e-02 -8.90883245e-03
  2.55832467e-02 -8.58810637e-03 -2.86204647e-02  2.03795265e-03
  3.16095315e-02  4.12104884e-03  2.62772925e-02 -3.87629569e-02
  5.60474694e-02  5.77122532e-02  1.13348598e-02 -4.11506630e-02
  7.71991676e-03  9.43942666e-02 -9.39702168e-02  4.79207337e-02
 -1.54966684e-02  3.27601321e-02 -2.00136416e-02 -4.81717848e-08
 -6.74302457e-03  8.04174691e-03  5.00123352e-02  2.24944437e-03
  5.88233434e-02  4.64792214e-02  2.99591180e-02  3.74434441e-02
 -4.87712864e-03 -6.11662157e-02  9.21330452e-02 -1.16049368e-02
  5.75132482e-02  8.97185281e-02  4.34050635e-02 -1.09356128e-01
  1.61410472e-03 -5.52959032e-02 -6.21324889e-02 -4.44112392e-03
  3.01268268e-02  4.63171043e-02  1.80592258e-02  2.99236216e-02
  9.10301954e-02 -5.93051314e-03  6.38438563e-04  7.64912516e-02
  1.63408313e-02 -3.67767215e-02 -9.12082270e-02 -2.26667318e-02
 -4.06483412e-02 -6.59279525e-02  1.04534104e-02 -1.67590030e-03
 -7.00207567e-03  8.30987468e-02 -3.66609469e-02 -2.12183893e-02
  1.38715664e-02  2.94927508e-02 -2.72981580e-02  4.79708724e-02
 -3.54539193e-02 -1.16577921e-02 -1.52836060e-02 -4.96030487e-02
  1.46897323e-03  5.35018966e-02  2.17052293e-03 -9.34852809e-02
  1.47027932e-02  2.16318332e-02  7.22286552e-02  3.67928320e-03
 -1.87094510e-02 -1.00804090e-01  1.50635736e-02  4.74904366e-02
 -4.53369878e-02 -2.58956924e-02 -1.26471326e-01  3.96782421e-02]",False,False
Obama OMITS His Failure In Smug Climate Speech | The Kyle Kulinski Show,Secular Talk,progressive,"so you had this big climate change conference happened recently in glasgow and um barack obama stopped paris- parasailing- is that the word? i think that's the word. parasailing with billionaires for five and a half minutes, um, in order to give a speech. now, if anybody knows how to give a speech, it's barack obama. you're going to see what he says here. then, when we come back, i'm going to talk about his record and what he actually did. you've been bombarded with warnings about what the future will look like if you don't address climate change and meanwhile, you've grown up watching many of the adults who are in positions to do something about it either act like the problem doesn't exist or refuse to make the hard decisions necessary to address it. you are right to be frustrated. folks in my generation have not done enough to deal with a potentially cataclysmic problem. that you now stand in here vote like your life depends on it, because it does. i recognize that a lot of young people may be cynical about politics, but the cold hard fact is we will not have more ambitious climate plans coming out of governments unless governments feel some pressure from voters. yes, the process will be messy, i guarantee you. every victory will be incomplete, but if we work hard enough for long enough, those partial victories add up. where do i start with this one? he says i understand.",1.0,"[ 6.09354340e-02  6.12126179e-02  1.18231066e-01  2.35508811e-02
  7.07391873e-02  1.38869099e-02 -1.84162811e-04 -1.20327575e-03
 -2.05791611e-02 -2.36124434e-02 -5.76877221e-02 -5.47006465e-02
  1.10055997e-04 -6.04239292e-03 -5.64926192e-02  4.92168888e-02
 -4.91428189e-02 -2.13597678e-02 -8.75238404e-02  3.80157046e-02
 -8.69591068e-03  9.80433226e-02 -1.87608581e-02  6.82054237e-02
 -5.55333458e-02  4.08798121e-02 -6.26353920e-02 -1.78408381e-02
 -5.73448017e-02  1.24109387e-01  1.30033314e-01  1.48200635e-02
 -1.27581218e-02  4.15082350e-02  1.00825317e-01  4.93952772e-03
  8.60129390e-03  6.65819272e-02 -1.55531708e-02 -2.92630643e-02
  3.88518274e-02 -6.50185868e-02 -3.22077051e-02 -9.06943157e-02
  4.35287990e-02 -1.32636074e-02  5.04088625e-02 -2.67897435e-02
  1.83821078e-02 -5.99885732e-02 -5.59151433e-02 -3.17096449e-02
  2.22342089e-02 -7.39204437e-02 -1.10386098e-02 -1.32732140e-02
  5.46100689e-03  4.84240800e-02  9.52636357e-03 -4.03429717e-02
 -2.65619485e-03 -8.13260823e-02 -7.52524212e-02  1.48787303e-02
  2.12487262e-02  6.08035475e-02  4.26448695e-02  6.67570829e-02
 -1.28209395e-02  3.19055393e-02  9.02880728e-03  6.56770021e-02
  2.38390099e-02 -8.38281401e-03  2.11134721e-02 -3.97344269e-02
  1.88088603e-02  8.90216827e-02  1.46550834e-01 -4.77476092e-03
  1.10579923e-01  4.18829685e-03 -5.45210612e-04 -3.84486131e-02
 -1.30236940e-02 -8.91939104e-02  2.55557448e-02 -3.18783633e-02
  6.13954850e-02 -4.62203547e-02 -1.34843990e-01 -3.45653780e-02
  8.79591480e-02  5.99622168e-02  1.28860036e-02  6.71458170e-02
 -3.39949057e-02 -2.24894136e-02 -4.00958769e-02  3.74018513e-02
 -3.25625949e-02 -1.94819346e-02 -2.34776605e-02 -8.04219544e-02
 -2.03221217e-02 -3.72721404e-02 -5.92618212e-02  3.05058174e-02
 -5.23435958e-02  7.92600121e-03 -6.08760305e-02  2.62088478e-02
 -1.97068676e-02 -3.23326117e-03  9.36100185e-02 -1.19159184e-03
 -2.56578121e-02 -4.83391285e-02 -3.30410562e-02 -2.64522317e-03
 -1.30081093e-02 -2.25675385e-03 -5.75631000e-02  6.50959536e-02
  7.03394646e-03 -9.14851502e-02  1.21035110e-02  1.99760663e-33
  7.93043151e-02  7.39273280e-02  2.40014549e-02  8.25828761e-02
 -2.51684687e-03  5.87224737e-02 -1.47573268e-02 -5.17458841e-02
 -3.87444906e-02  2.59003881e-02  5.53285666e-02  1.49679529e-02
  6.56240731e-02  4.93790731e-02  3.34399827e-02 -3.14485393e-02
 -6.99547753e-02 -1.65680069e-02 -1.12123229e-02 -5.53083755e-02
 -1.80283897e-02  2.81465780e-02  5.68557940e-02 -1.05786175e-02
  8.72886628e-02 -4.05678079e-02  1.80864185e-02 -1.32459644e-02
  4.21304964e-02  2.39009578e-02 -3.04059070e-02  2.63422895e-02
 -3.76972295e-02 -2.24088170e-02 -2.54311394e-02 -5.13775572e-02
  1.77718196e-02  4.06902619e-02  1.37441056e-02 -6.80649132e-02
 -3.13231051e-02 -5.29023679e-03 -6.65184334e-02  3.75249833e-02
  7.31193796e-02  1.31271901e-02  1.29242152e-01 -9.39435884e-03
 -9.40412804e-02 -1.46187739e-02  8.64744931e-03  7.72062093e-02
  1.09225060e-04 -5.54299429e-02  5.60148107e-03 -6.75068572e-02
 -1.56481527e-02 -3.58679518e-02 -2.71623093e-03 -1.37950495e-01
  3.78720984e-02 -4.45279516e-02 -6.65200874e-02  3.28122289e-03
  2.49838624e-02  4.32864055e-02 -6.76853806e-02  3.92085090e-02
 -6.14797324e-03 -6.06719069e-02  9.04489830e-02 -5.49954176e-02
 -6.81932643e-02 -1.15445536e-02  1.93663761e-02  3.93581353e-02
 -1.58192348e-02 -5.72779123e-03 -7.25873783e-02  1.16615230e-02
  2.54381504e-02 -2.91861314e-02  6.91478327e-02 -2.44731754e-02
 -3.29271797e-03 -4.20464911e-02  6.21106476e-02  8.52449164e-02
  8.11654031e-02  5.20565128e-03 -2.63334624e-02 -4.47604358e-02
  6.43759072e-02  7.66971484e-02 -7.78807774e-02 -3.84181896e-33
  2.45124195e-02  2.32364447e-03  3.34750824e-02 -5.11641672e-04
  1.85089670e-02  1.34678977e-02 -1.86350476e-02 -5.71963787e-02
  1.56054804e-02 -4.73964252e-02 -1.33377211e-02  1.94581170e-02
  8.30608532e-02 -5.46920933e-02  1.28054444e-03 -4.48221713e-02
  5.28279543e-02 -8.58637597e-03 -3.25903818e-02 -4.11547311e-02
  2.98307594e-02  5.80475479e-02 -9.57796425e-02  3.30106616e-02
 -1.59234956e-01 -1.15752118e-02  4.90773432e-02 -4.06079367e-02
  7.45861158e-02  1.42689571e-02 -9.30081531e-02  9.86067951e-02
 -2.24768780e-02  1.95605922e-02  3.05071026e-02  1.07172795e-01
 -5.50932288e-02 -1.34602964e-01 -2.24872362e-02 -2.36026780e-03
 -1.04764737e-02 -8.72237459e-02 -2.82777362e-02 -7.37113878e-02
 -2.32224669e-02 -3.50214690e-02 -1.84212308e-02  4.99909976e-03
 -4.76145837e-03  5.39355204e-02  4.73548435e-02  3.22621278e-02
 -4.31399746e-03  3.30779105e-02  1.83353852e-02 -1.66620649e-02
 -6.73357919e-02 -2.97435094e-02  1.98019687e-02  2.15668622e-02
 -4.14726064e-02 -1.23698376e-02 -2.49563549e-02 -1.06109262e-01
  5.87843126e-04 -5.10334708e-02 -1.00905053e-01 -4.63589281e-02
  9.75622535e-02  7.63333365e-02  4.24467027e-02 -5.60643300e-02
 -9.05610174e-02 -6.52534142e-02  4.63435873e-02  2.61057373e-02
 -2.48195287e-02  2.94633023e-02 -2.41367798e-02  3.07432879e-02
  6.63471445e-02  3.25384848e-02  5.72785139e-02 -6.89082146e-02
  7.37636909e-02 -5.34486771e-03 -2.97764428e-02 -1.10043064e-01
 -3.92581262e-02  1.00044169e-01 -5.43744564e-02 -8.26501474e-02
 -3.64907682e-02  3.41053270e-02  8.20063148e-03 -6.17229503e-08
  9.36630815e-02 -1.18542905e-03  1.07873436e-02  3.56272310e-02
  3.11459266e-02 -3.39997932e-02 -3.87625098e-02 -1.40427649e-02
  4.26882021e-02 -8.91237892e-03  6.86206594e-02  2.04223534e-03
  6.20378368e-02  4.13167663e-02 -3.23147550e-02 -3.27455066e-02
 -7.09890807e-03 -5.29844351e-02 -2.55923048e-02 -2.10942049e-02
  5.54876514e-02  3.42766754e-02 -2.30041202e-02  1.75317228e-02
  9.32110175e-02 -4.38156165e-02 -6.49802678e-04  2.72729080e-02
 -6.53450191e-02  4.12726291e-02 -4.25745696e-02 -4.65770513e-02
 -6.68903813e-02  3.24849524e-02 -8.56808666e-03 -4.73481081e-02
 -4.62758020e-02  5.02989329e-02  5.56417108e-02 -1.90754514e-02
  2.07610074e-02  6.77322373e-02  2.10206043e-02  5.90998717e-02
 -1.54481344e-02 -4.87456210e-02 -4.51338850e-02  3.40614095e-02
 -9.36835306e-04  5.25217801e-02 -2.19367966e-02 -1.60713773e-02
  2.97149643e-02  2.73051148e-04  3.94529961e-02  2.35937238e-02
 -2.61781551e-02  1.25065362e-02  9.78776161e-03  3.19307409e-02
 -2.23221518e-02 -2.62691732e-02 -1.67616725e-01  1.01194335e-02]",False,False
Obama OMITS His Failure In Smug Climate Speech | The Kyle Kulinski Show,Secular Talk,progressive,"all this stuff, he's completely omitting his own record. throw up, uh, the article here which will put in perspective what barack obama really did. obama takes credit for us oil and gas boom. that was me, people. he took credit for the oil and gas boom. tell me how you square that circle in your mind. former president obama. tell me how you do that. how do you go from? i'm the- you know, i'm the- anti-climate change crusader. how do you square that with? when i was in office, i was bragging that we went further in the direction of endless fossil fuels, which is, of course, the main problem. i don't know now. listen, that was his rhetoric. what do real experts in climate scientists say about the current state of where we are when it comes to climate change and what the solutions are moving forward? take a look at this and, kevin anderson, can you say specifically what exactly does the science suggest? uh, these biggest emitters, uh, the us and and china- should be doing well. we have to. we're in such a a desperate situation now. we have been 30 years- 31 years now- since the first major report on climate change, and emissions have just been going up year on year. we now have very little emissions space left. so the sorts of announcements we need to be hearing are things like no more fossil fuel development and the rapid phase out.",0.995,"[-4.87390719e-02  4.25469652e-02  1.29667670e-01  3.58285904e-02
  2.46077795e-02  6.82024285e-02 -5.94859980e-02  1.35170259e-02
 -6.66654557e-02 -1.82206072e-02 -5.99560589e-02 -1.17072240e-02
 -4.79207281e-03 -6.90010488e-02 -4.18690182e-02  1.09994613e-01
 -3.56897116e-02 -1.81592610e-02 -4.67700809e-02  2.72031724e-02
  4.61453199e-02  3.38325165e-02  7.99430981e-02  1.63761377e-02
 -5.95428348e-02  5.79355434e-02 -8.21344405e-02  2.00051861e-03
 -5.97926229e-02  4.13152426e-02  7.82457590e-02  3.31354365e-02
  2.98868679e-03  5.81867322e-02  5.47203012e-02 -3.22419289e-03
 -2.76726615e-02  1.35140747e-01  5.79114072e-02  1.50791584e-02
  9.00852606e-02 -1.07835412e-01 -2.48046219e-02 -2.89743636e-02
 -1.74931530e-02  2.96012610e-02  2.59789396e-02 -4.57594879e-02
 -2.22634673e-02 -2.08892487e-02 -5.33305816e-02 -1.10784834e-02
 -5.22683151e-02 -2.39366442e-02 -7.40026869e-03  1.62583366e-02
  4.15599532e-02  4.51125726e-02 -2.57103704e-03 -1.06329191e-02
  8.54227766e-02 -1.19719477e-02 -8.37980136e-02  3.85284200e-02
  2.45695934e-02 -5.83594711e-03 -2.28041187e-02  5.42801991e-02
 -3.03981155e-02  3.98488045e-02 -1.06915794e-02  3.82337645e-02
  4.87917988e-03 -2.22817920e-02  6.04997501e-02 -8.43712613e-02
  1.77625641e-02  9.94103327e-02  1.09980330e-01 -7.96958432e-02
  9.11478773e-02  2.98317559e-02  1.54234702e-02 -1.16652377e-01
 -2.66527925e-02 -4.58818208e-03 -2.73192711e-02 -9.05743148e-03
  2.69072074e-02 -3.41938585e-02 -9.69348028e-02 -8.82602334e-02
  6.85094744e-02  4.60619777e-02  6.82903379e-02  8.85684863e-02
  2.24148799e-02  5.22765219e-02 -5.78997545e-02 -6.95261545e-03
  3.98301184e-02  3.42110656e-02 -6.20508008e-02 -6.00242577e-02
 -3.81511785e-02 -4.51619960e-02 -3.97754796e-02  6.61137924e-02
 -1.17309568e-02 -1.65264122e-03 -9.11459047e-03 -4.44520153e-02
 -6.02488071e-02 -4.10512909e-02  3.25199701e-02 -4.07947078e-02
 -1.50739225e-02 -6.39249161e-02 -4.53244969e-02 -2.06986479e-02
 -6.50439411e-02  1.45250093e-02 -3.69987749e-02  7.98261538e-02
  9.52293572e-04 -3.64433154e-02  1.56633779e-02 -1.27112082e-33
  1.02885261e-01  4.93648387e-02  6.95947744e-03  2.53289770e-02
 -3.14189158e-02  1.22077368e-01 -5.63696921e-02 -7.51823857e-02
 -5.97086661e-02  1.57547370e-02 -3.12023301e-04  9.61261690e-02
  3.62131558e-02  6.70665577e-02 -5.10772876e-03 -3.39341201e-02
 -9.26703736e-02 -6.70336513e-03 -7.60927610e-03 -1.16552278e-01
 -7.49524636e-03 -3.12210899e-02  5.93869574e-03 -2.44283713e-02
  6.38917610e-02 -5.52412607e-02  2.94754077e-02 -2.38962006e-02
 -1.39597268e-03  5.73429558e-03 -1.24639504e-01  8.18001553e-02
 -1.12381928e-01 -4.55513643e-03  3.34370174e-02 -8.91835466e-02
 -1.48131521e-02  4.58731353e-02 -9.71601233e-02  4.91212122e-03
 -4.69727404e-02  6.33993596e-02 -5.02729304e-02  1.41777396e-02
  3.51085775e-02  5.66556072e-03  1.04114614e-01  8.03554896e-03
  1.14173759e-02 -1.96728371e-02  2.42100786e-02  4.90217246e-02
 -5.34151797e-04 -1.33497932e-03 -3.44410054e-02 -3.39406542e-03
  3.24077234e-02 -5.52988686e-02 -4.21008421e-03 -5.69860302e-02
  3.46836410e-02  4.26259674e-02 -3.49964239e-02  4.12566066e-02
 -2.23600175e-02  5.73283546e-02 -1.28132194e-01  3.88045274e-02
 -1.95840392e-02  3.16344798e-02  3.01963184e-02 -8.51724222e-02
 -4.70632594e-03 -4.51093204e-02  2.26424057e-02 -3.05637401e-02
 -5.40503934e-02  1.08460011e-02 -6.87725320e-02 -2.35504732e-02
 -9.36615560e-03 -6.18191138e-02  7.43767396e-02 -5.40857092e-02
 -1.05551213e-01 -4.60699275e-02 -4.56976332e-02  3.62790897e-02
  8.81339982e-02 -2.95050945e-02 -4.45437580e-02 -1.64553279e-03
  6.55568838e-02  2.03696750e-02 -1.70292612e-02 -1.75888981e-33
  1.34925602e-03  6.88673258e-02 -8.35774874e-04  1.83512531e-02
  2.42063105e-02 -5.05775809e-02 -2.33873334e-02  2.43914407e-02
  2.41180956e-02 -9.40157846e-02  3.21160629e-02  9.28563476e-02
  6.64109662e-02  1.10146105e-02 -3.52446102e-02 -5.63888326e-02
  5.18996094e-04 -3.56687978e-02 -4.10704166e-02 -8.36773440e-02
  2.90558245e-02 -1.79478247e-03 -8.33970085e-02  3.61261982e-03
 -1.10781945e-01  2.16453746e-02  6.73326552e-02 -8.83521885e-03
  7.45702311e-02 -2.50957832e-02 -4.72631641e-02  7.60832727e-02
 -1.91523451e-02  2.96462923e-02 -4.91150538e-04  7.58942142e-02
 -1.97937246e-02 -8.21329206e-02 -2.57195216e-02 -3.09824757e-02
  8.68344754e-02 -9.59870145e-02 -4.79390435e-02 -8.41457844e-02
  3.65116335e-02  9.69369151e-03 -2.28473507e-02  3.52025852e-02
 -2.72803549e-02  4.17458750e-02  1.80702861e-02 -1.79719180e-02
 -5.93432635e-02 -2.88808229e-03 -2.76241731e-02  2.77001373e-02
 -2.76356228e-02  6.16060989e-03  5.64419897e-03 -2.14758012e-02
 -2.08795778e-02  4.73594703e-02  7.39416629e-02 -6.65520951e-02
 -9.32861003e-04 -3.26993838e-02 -1.71279756e-03  1.40173342e-02
  6.73399866e-02  3.94582339e-02 -4.89203595e-02 -3.87078784e-02
 -9.24973041e-02 -3.96653861e-02  7.67006651e-02  3.95571366e-02
 -5.50461300e-02 -3.17260958e-02 -2.54362281e-02  2.69870032e-02
 -1.31649245e-02 -2.16975398e-02  2.35507730e-02 -3.20487767e-02
  8.67398307e-02 -6.08568778e-03 -2.61211116e-02 -1.62066400e-01
  3.33962357e-03  1.54123724e-01 -3.30096595e-02 -7.20606521e-02
 -5.85076325e-02  7.51090497e-02 -2.19957270e-02 -5.13743892e-08
  3.68336178e-02  5.21591976e-02  1.73777016e-03  6.66999668e-02
  6.60227165e-02  2.91311648e-02 -3.04818526e-02  1.75719429e-02
  3.87563705e-02  2.03750338e-02  9.35245603e-02  1.07758706e-02
  6.53796643e-02  9.58563536e-02 -2.73570698e-02 -3.00460532e-02
  1.32165654e-02 -3.49154100e-02 -3.19801867e-02 -3.13831903e-02
  5.21938056e-02  1.35071892e-02 -4.34300676e-03  1.03545366e-02
  8.45073909e-02  1.43775428e-02 -2.62232348e-02  1.02054074e-01
 -5.19791245e-02  1.58455241e-02 -2.38186140e-02  1.88379195e-02
  1.25420773e-02 -3.95567250e-03  4.28547226e-02 -4.75506149e-02
  7.42776692e-03  5.79449646e-02 -1.74734890e-02 -2.81917956e-02
 -1.76618695e-02  4.63565104e-02  3.29874852e-03  3.11254971e-02
  8.35767761e-03 -4.25956585e-02 -2.36056317e-02  5.16310148e-02
  1.76560581e-02  7.72904903e-02 -1.14239994e-02 -2.00943928e-02
  5.61334752e-03  1.61538478e-02  6.00836538e-02 -3.08498032e-02
 -5.26563153e-02 -3.42180058e-02 -5.75655401e-02 -5.03819324e-02
  1.53980982e-02 -2.25366224e-02 -3.34941223e-02  5.31339534e-02]",False,False
Obama OMITS His Failure In Smug Climate Speech | The Kyle Kulinski Show,Secular Talk,progressive,"of fossil fuel use within um with, particularly within the wealthy countries. if you just take our 1.5 degrees c commitment and you, you recognize the difference between what are called developing country parties in the paris agreement and developed country parties, so the richer and the poor parts of the world- then for the richer parts of the world, if we are to deliver on our 1.5 degree c commitment, then we need to be zero emissions from energy by around 20- 30 if we want to an outside chance of 1.5 by 2035. now that sounds impossible, but that is. we are in this situation because we have listened to these world leaders, give us their vacuous talks for years and then go home and do absolutely nothing. and but biden and obama demonstrate that, with obama demonstrated in the us before, biden's demonstrating it now. um, and obviously trump in between. well, you know less than about him, the better perhaps, but we've seen this in virtually all the world leaders. it's not just the us, it's the, it's the eu, it's the uk, it's japan, it's australia. there is no leadership within any of the progressive countries and, to be blunt, you know, china is is really reflecting that absence of leadership when it comes to climate change as well, the best line out of there was when he said: we've been seeing these politicians do vacuous talks for years, and then they go home and",0.995,"[ 3.92568037e-02  5.37975729e-02  1.13327131e-01  3.52473482e-02
  4.13514338e-02 -9.36314114e-04 -6.39694482e-02 -6.00614808e-02
 -3.14565636e-02  3.07625160e-02 -7.54226595e-02 -6.93304688e-02
 -5.90198347e-03  2.74006389e-02 -2.00241115e-02 -3.46566061e-03
 -4.32751328e-02 -6.99322745e-02 -8.48772675e-02  5.22490218e-02
  1.34155462e-02  1.86453294e-02  1.07879944e-01  4.01817560e-02
  2.28763781e-02  5.52950660e-04 -1.57522801e-02  2.97376275e-04
  1.80213843e-02  1.27383824e-02  7.55728334e-02 -1.77980755e-02
 -1.03214625e-02  4.93861083e-03  5.52414022e-02  1.92042571e-02
 -9.92379617e-03  5.33587188e-02 -2.99067609e-03  3.16706598e-02
  5.34966700e-02 -1.26397938e-01 -4.33393866e-02 -8.80199857e-03
 -6.72713071e-02  4.03901152e-02  2.87165144e-03 -1.47865806e-02
 -5.94719499e-02 -5.43038882e-02  7.67149404e-02  4.58693728e-02
 -4.99446429e-02 -8.50268081e-02  1.95653681e-02 -5.28048761e-02
  9.26748142e-02  2.81280745e-02  3.76083553e-02 -1.60447264e-03
  1.08808400e-02 -8.23363811e-02 -2.46292055e-02  1.76679622e-03
  3.28625739e-02 -1.96521562e-02 -2.80152168e-02  4.66179289e-02
 -5.58211766e-02  2.92680953e-02  3.39869857e-02 -1.20232448e-01
 -9.66977037e-04 -8.01438987e-02 -2.47793365e-02 -5.88938743e-02
  4.35326509e-02  5.50097041e-02  1.32194936e-01  2.93994099e-02
  5.11824079e-02  3.57914739e-03 -2.61868853e-02 -5.91661893e-02
  7.67326588e-03  6.00124151e-03  2.45675743e-02 -1.04240542e-02
  4.25054803e-02 -3.32451724e-02 -1.52980044e-01 -3.31661552e-02
  5.76020069e-02  7.92965591e-02  5.80109097e-02  5.70753105e-02
  1.79650001e-02  7.99421966e-02 -7.82689527e-02 -1.00121703e-02
  1.60773508e-02  1.06587417e-01 -4.33908552e-02 -6.46536872e-02
 -6.50468841e-02 -1.59193892e-02 -4.29683514e-02  1.64057165e-02
  5.49631789e-02  4.41710884e-03 -4.43811528e-02 -4.40651327e-02
 -3.29397880e-02  2.97765546e-02 -1.96782909e-02 -1.36056274e-01
  2.73080240e-03 -1.16745271e-01 -5.40127791e-03 -6.65606037e-02
 -3.78176570e-02 -8.24187789e-03 -4.27137576e-02  2.67448276e-02
  3.68613750e-02 -5.58524989e-02  1.79070532e-02  1.52119558e-33
  7.13232299e-03  3.95403206e-02  3.33493166e-02  1.13144182e-02
 -7.65745342e-02  6.01244345e-02 -8.71069804e-02  2.01911721e-02
 -1.80080459e-02  2.57113725e-02 -4.10699472e-03  5.33434935e-02
  3.49340588e-02  1.06593765e-01  1.48890503e-02 -8.39946270e-02
  9.53458622e-03  3.20361517e-02  2.39263624e-02 -3.84242833e-02
  3.56699713e-02  3.62225771e-02  3.93537842e-02 -4.21976894e-02
  9.79595333e-02 -7.23925792e-03 -1.01068262e-02  1.81132108e-02
  2.02067774e-02 -1.34721007e-02 -2.47988682e-02  3.15502994e-02
 -8.86389166e-02 -2.60262825e-02 -1.16208382e-01 -3.42628844e-02
 -1.13765905e-02  6.93570152e-02 -4.18382883e-02  2.19084490e-02
 -2.62327101e-02  6.69876337e-02 -4.23176354e-03 -2.49361452e-02
  9.60493833e-02  5.62577434e-02  1.00729920e-01  4.98623960e-02
 -5.09388223e-02  9.07093287e-03 -1.95349194e-02  7.44974613e-02
 -2.29770355e-02  1.39113432e-02  1.76797248e-02 -4.12596315e-02
 -1.80263855e-02 -4.21004221e-02  1.49306245e-02 -9.79189202e-02
 -3.19240466e-02  2.91797761e-02 -9.02796239e-02  1.07649945e-01
  9.66717198e-05  4.58287224e-02 -8.87791738e-02 -1.94292970e-03
 -3.36739831e-02  1.32552814e-03  4.47018184e-02 -1.88205447e-02
 -2.02895105e-02 -4.25954610e-02  2.29959469e-02  1.57331154e-02
  7.59962201e-02  2.64025964e-02 -1.49804791e-02  1.79270166e-03
 -9.50579569e-02 -5.12114652e-02  8.63469020e-02 -6.02504835e-02
  3.69309224e-02 -5.47098778e-02 -3.70662510e-02  3.43044698e-02
  4.11897972e-02  6.88281059e-02 -6.97461963e-02 -5.56988418e-02
  4.14161049e-02  3.85104083e-02 -2.33545154e-02 -4.11881392e-33
  4.61405069e-02  4.13462259e-02  4.56446186e-02 -1.11794621e-02
  4.56836298e-02  3.31912078e-02  6.49662968e-03 -2.73486823e-02
 -2.54539791e-02 -3.54535654e-02 -2.96033220e-03  2.85082441e-02
  6.69605210e-02  1.17486753e-02 -8.15469585e-03 -5.65439463e-02
  2.98854709e-02  3.27787176e-03  2.32377220e-02 -1.57093573e-02
  7.19556659e-02  1.16809981e-03 -9.31380764e-02  6.31863400e-02
 -6.26987666e-02 -3.99614731e-03 -1.24579063e-02 -5.60810082e-02
  7.62416869e-02 -2.63722334e-02 -5.90872914e-02  1.22237377e-01
 -8.15619528e-02 -3.47857960e-02 -1.65403560e-02 -1.40529126e-03
 -9.43813324e-02  1.41194975e-02 -4.85405847e-02  4.15120572e-02
  9.46592912e-03 -8.67857188e-02 -6.70514777e-02 -2.31635049e-02
 -1.20608248e-02 -4.04672250e-02 -4.50739600e-02 -1.69693623e-02
 -5.44068590e-02  4.01579142e-02  1.03052661e-01  4.20504846e-02
 -9.75658000e-02 -1.28072426e-02 -4.95672636e-02 -2.75043654e-03
  3.96263506e-03  3.07344180e-02 -9.91719309e-03 -2.27802675e-02
  8.25599134e-02  4.80147339e-02  7.67592266e-02 -6.17907904e-02
 -3.21582146e-02  2.38428153e-02 -4.11988497e-02  4.40845191e-02
  9.55823660e-02  6.64949641e-02 -1.20482240e-02 -6.17895760e-02
 -8.68646130e-02 -1.99139956e-02  7.51020089e-02  1.63594000e-02
 -1.66128948e-02 -5.34199663e-02  3.69487070e-02  1.28068374e-02
 -2.64606494e-02  5.65931909e-02  4.10302579e-02 -8.24771449e-02
  9.22302976e-02 -1.33861108e-02  8.40377435e-03 -1.33168995e-01
  2.59639435e-02  1.01818807e-01 -1.14704475e-01 -3.77707519e-02
 -6.23735376e-02  9.34368279e-03 -4.34663668e-02 -6.20403355e-08
  3.59889604e-02  2.19319686e-02  7.33836144e-02  1.50531279e-02
 -4.44866382e-02 -1.29488660e-02 -5.81151508e-02 -1.44431153e-02
  6.91423565e-02  2.56050378e-02  1.20205864e-01  3.69375087e-02
  7.89136216e-02 -1.78894885e-02  4.68292460e-03  4.44113947e-02
 -4.66983877e-02  1.57344679e-03 -5.61950542e-03 -2.12125890e-02
 -1.77807715e-02  4.84764613e-02 -4.28965688e-02 -1.70735698e-02
  5.25235124e-02 -7.32667977e-03  1.98055208e-02  1.04118064e-01
 -1.40044447e-02  3.26493755e-02  1.81958657e-02 -4.27496172e-02
 -3.87469912e-03 -1.05105704e-02 -6.94970228e-03 -5.64931333e-02
  1.23167993e-03  3.86733301e-02 -2.71154530e-02 -8.97998642e-03
 -4.60692681e-02  3.97775806e-02  1.41754476e-02  1.04426937e-02
 -5.62338606e-02 -5.42427599e-02 -5.96641079e-02  6.39206693e-02
  3.96826267e-02  2.33214796e-02 -6.35070950e-02 -7.08816806e-03
 -5.25729321e-02 -1.95195545e-02  5.97212054e-02  5.29241841e-03
 -9.06331018e-02  1.37263760e-02 -6.73038587e-02 -9.16345511e-03
  2.02662759e-02 -7.83972368e-02 -3.32047343e-02  1.82177853e-02]",False,False
Obama OMITS His Failure In Smug Climate Speech | The Kyle Kulinski Show,Secular Talk,progressive,"do absolutely nothing. so, in other words, they show up at these- uh, you know, climate change conferences and they grandstand and they posture a posture. is that the word i'm looking for? that's not the word i'm looking for. maybe it is the look for whatever, it doesn't matter. they get on their soapbox and they act like here's what we need to do, and i'm the adult in the room and i'm gonna lay it out, i'm gonna be a truth teller, uh, and then they go home and it's [Music]: did we get the paris climate agreement? sure, was the paris climate agreement, even if it was upheld perfectly. is that enough? absolutely the [ __ ] not, which is why this is so, so frustrating. they literally did this symbolic thing at this gathering, where they flipped a coin hoping for good luck. that is way more in line with the way that we tackle this problem than anything else. there's no real talk about the actual solutions. you gotta be, you know, you gotta. he said: start phasing out fossil fuels right now. definitely no more fossil fuel development. this is what the expert is saying. and then, by 2030, we gotta- you know, let's go. we gotta totally build up renewables and green technology. that's not me saying it, that's him saying it, and i think he's correct because he knows what he's talking about. and, by the way, if we weren't such idiots,",0.662,"[-4.97445874e-02  8.14523846e-02  1.17319494e-01  1.38506964e-02
  8.27649236e-02 -9.05999076e-03 -4.05407995e-02 -5.67788407e-02
  8.96512810e-03 -4.05656472e-02 -7.76767805e-02 -1.43659236e-02
 -6.68344498e-02 -4.11770456e-02 -2.60982979e-02  6.11654632e-02
 -2.39430089e-02 -1.92796590e-03 -6.00701123e-02  5.14422655e-02
 -1.26225669e-02 -8.27841926e-03  2.23386399e-02  9.52538997e-02
 -2.78288294e-02  5.92808388e-02 -8.85052159e-02 -2.67355386e-02
 -4.76632230e-02  1.12276971e-01  4.97772694e-02  8.05696547e-02
 -2.04640832e-02  1.48597592e-02  9.10440236e-02  1.71812139e-02
  5.30670062e-02  3.49793881e-02  2.32105590e-02  1.47708394e-02
  6.57709269e-03 -1.06133707e-01 -1.21499579e-02 -2.63071582e-02
 -2.95156743e-02  5.05628549e-02  9.24160518e-03 -7.12264469e-03
 -4.34348993e-02 -4.35103066e-02  5.28542027e-02 -3.53388153e-02
 -5.55531532e-02 -1.44749120e-01 -5.58005320e-03  2.17531677e-02
  1.83539409e-02  3.73369344e-02  4.15647365e-02 -1.30976150e-02
  3.50426473e-02 -9.37347338e-02 -4.26676907e-02  8.11388567e-02
  3.58488820e-02  4.54892218e-02  8.88422038e-03  6.38876334e-02
 -2.63293330e-02  5.45032993e-02 -2.38024313e-02  5.39872870e-02
  4.24672626e-02 -1.64814182e-02  8.24009627e-02 -3.76924574e-02
 -2.71878205e-02  5.48505485e-02  1.41694486e-01 -3.70994657e-02
  4.35506068e-02 -3.58807892e-02  3.24889384e-02 -4.65092547e-02
  7.70685542e-03 -4.01183702e-02  4.04194817e-02 -1.62572712e-02
  5.10361195e-02 -2.20433008e-02 -1.63235694e-01 -5.59534654e-02
  5.46544157e-02  6.26329184e-02  9.15805995e-02  7.51460716e-02
 -2.20906176e-02 -6.84247212e-03 -1.46431029e-02  4.73954864e-02
  3.49518880e-02  2.06192676e-02  7.18364958e-03 -1.83884263e-01
 -5.81066981e-02 -4.80595902e-02 -8.21007788e-02 -2.21926011e-02
 -9.43778176e-03  2.65320148e-02 -6.05333298e-02 -2.96350811e-02
  7.93331414e-02  4.36384726e-04  1.15790674e-02  4.05455194e-02
  5.15076295e-02  1.35223242e-02 -6.13166280e-02 -5.35360873e-02
 -3.47222127e-02  3.71241122e-02 -3.59139480e-02  8.12660232e-02
 -8.47779401e-03 -4.23575826e-02  2.63445210e-02 -1.48972906e-33
  9.71173197e-02  9.99193713e-02  9.06043034e-03  3.28589231e-02
  3.62901464e-02  4.10667248e-02 -5.56857027e-02 -2.56472286e-02
 -2.96447482e-02  8.63283426e-02  2.51185503e-02  6.21824712e-02
  8.69117901e-02 -2.33255010e-02  1.53601272e-02 -7.78581500e-02
 -7.66672269e-02 -2.27151532e-02 -2.52208803e-02 -8.23822543e-02
  7.44825006e-02  9.84046049e-03  3.49873379e-02  5.42609952e-02
  3.73695232e-02 -1.44807491e-02  4.56129812e-04  1.82220582e-02
  3.02625373e-02 -2.39042705e-03 -1.06638268e-01  3.28922756e-02
  1.47096012e-02  2.92550344e-02  3.86106335e-02 -2.57772543e-02
 -1.65085848e-02 -2.10217033e-02 -3.43900062e-02  1.22710401e-02
 -1.38333002e-02  6.92154691e-02 -6.84716627e-02  6.82810694e-03
  5.37109040e-02  1.98194236e-02  1.03451833e-01 -1.78999882e-02
  3.66202975e-03 -1.25307003e-02 -3.61063890e-02  6.05711415e-02
  2.10285671e-02 -5.18418476e-02  4.06691395e-02 -9.38781500e-02
 -1.75345391e-02 -5.51390387e-02 -2.59767659e-02 -8.55242908e-02
  4.40608524e-02 -1.22718920e-03 -7.40405843e-02  4.69012968e-02
 -4.59657758e-02  3.94288264e-02 -1.22051917e-01  4.57280613e-02
  1.73649453e-02 -6.43660873e-02  5.54817952e-02  2.49464586e-02
 -5.89747839e-02 -7.59133995e-02  1.41805494e-02  1.16964970e-02
 -1.76585261e-02  4.19331342e-02 -6.61534369e-02 -1.85024720e-02
  3.22347023e-02 -4.71280590e-02  1.92013010e-02 -5.16821519e-02
 -2.18274835e-02 -6.59018755e-02  4.85467445e-03  7.60138407e-02
  1.22784628e-02 -3.62803936e-02 -8.50101858e-02 -6.64359629e-02
  4.43164185e-02  8.51843331e-04 -4.17027771e-02 -4.27455985e-34
  5.94452806e-02  2.68217586e-02 -2.28201114e-02  3.67811434e-02
  3.27504985e-02  2.37523541e-02 -4.75443143e-04 -9.22716334e-02
  4.34109047e-02 -7.79027194e-02 -8.09318665e-03  2.30587044e-04
  2.35399995e-02 -4.13251966e-02 -2.90399808e-02 -7.32857883e-02
  1.76594488e-03  1.28142687e-03 -3.32201719e-02  1.55092059e-02
 -5.06660528e-03 -2.78879181e-02 -1.01677381e-01  2.98080966e-02
 -7.67795965e-02  4.33591418e-02  1.23286702e-01 -7.01120496e-02
  4.51745577e-02  1.73150953e-02 -2.87637115e-02  6.85636029e-02
 -9.54360738e-02  4.30471152e-02  4.45152670e-02  5.72882891e-02
  4.73634945e-03 -2.62175710e-03 -8.67767334e-02 -6.35897145e-02
 -7.77682243e-03 -6.91674277e-02 -1.05466373e-01 -3.49932685e-02
 -1.04108844e-02  2.10263524e-02 -4.55094427e-02  1.29860770e-02
 -7.80681595e-02  1.65458843e-02  2.79661156e-02 -4.69441079e-02
 -4.18191822e-03 -5.31934202e-02 -2.24923361e-02  3.04436628e-02
 -4.23162244e-02 -1.13938311e-02  2.25646719e-02  6.02603285e-03
  2.80743875e-02  5.41035971e-03  8.54147412e-03 -1.19378306e-02
 -2.77990792e-02  3.64364088e-02 -4.82929014e-02  5.48155196e-02
  4.90620397e-02  1.22284867e-01  1.50969112e-02  6.72741234e-03
 -6.31421581e-02 -6.96725696e-02  7.02884942e-02  6.25132397e-02
  1.02426558e-04 -3.71218659e-03 -6.69774190e-02  3.13143954e-02
  4.27167751e-02 -2.93947812e-02  3.35378125e-02  2.52397284e-02
  1.19938619e-01 -2.35474179e-03 -3.24663669e-02 -4.68260683e-02
 -6.89114770e-03  1.35323003e-01 -2.21850313e-02 -6.62244260e-02
  1.17026521e-02  6.86630830e-02  3.33995186e-02 -6.12997511e-08
  5.24323508e-02  3.46452966e-02 -4.04857211e-02  1.48139975e-03
  1.52937127e-02  8.60125013e-03 -1.51567003e-02 -3.53674218e-02
  3.50232027e-03  1.46589484e-02  5.90452962e-02  5.36166318e-02
 -6.92812493e-03  7.57841533e-03  2.28176713e-02  3.79415862e-02
 -4.53536659e-02 -5.56079149e-02 -4.59906459e-02 -2.16696393e-02
  2.51770373e-02  2.29093879e-02 -3.37653607e-02 -1.79440454e-02
  7.04698786e-02  1.51947429e-02  3.58277410e-02  9.46257114e-02
 -4.49299701e-02  2.42798496e-02 -4.55361865e-02 -8.73527303e-02
 -8.85220543e-02 -3.04290261e-02 -3.20911929e-02 -3.43252458e-02
 -2.48751380e-02  4.94119376e-02  5.74400313e-02 -5.78402495e-03
 -2.90006157e-02  1.10027775e-01  2.96663698e-02  4.62806597e-02
 -7.51502486e-03 -3.01046167e-02 -5.34758642e-02  4.51776385e-02
  7.76945520e-03  1.71809457e-02 -2.57680677e-02 -1.50157288e-02
 -8.98113623e-02  6.94620237e-02  4.90431301e-02 -1.46580220e-03
 -3.20842266e-02  2.76769865e-02 -6.33464754e-02  5.95426979e-03
 -4.26255492e-03 -3.18106227e-02 -5.60404062e-02 -1.35908742e-02]",True,False
Parts Of The Persian Gulf Will Be Too Hot For Humans By 2100,Secular Talk,progressive,"the Associated Press is reporting on another mind-blowing symptom of climate change. a new study in the journal Nature says- quote: if carbon dioxide emissions continue at their current Pace, by the end of the century, parts of the Persian Gulf will sometimes be too hot for the human body to tolerate. how hot the heat index, which combines heat and humidity, may hit 165 to 170 degrees. that's so hot that the human body can't get rid of the Heat. the elderly and Ill are hurt most by current heat waves, but the future is expected to be so hot that healthy, fit people would be endangered. Health experts say, all right, that's incredible. now they go on to say that obviously it's not you know, 24 hours a day or whatever it's for, I think, six to seven hours, midday at times, certain times of the year or whatever. but uh, this is somewhat unprecedented and it's directly because of the Greenhouse Effect and directly because of climate change. guys, it's not that far away, like oftentimes when we discuss climate change or when we used to discuss climate change, it was this thing that that we talk about as if you know great, great grandkids around that time. that's when they'll start to see the beginning of all the problems. now I think the problems are happening right now, when, whether you look at the increase in wildfires and the Midwest and the west in the United,",0.999,"[ 4.44141999e-02  6.88144341e-02  7.14903101e-02  1.37138516e-01
  4.60376218e-02 -4.61253747e-02 -1.40118087e-02 -1.72780994e-02
 -1.83515325e-02  1.14689041e-02 -2.13202275e-02 -8.07700902e-02
  5.57669140e-02  2.66660713e-02  9.49716195e-02 -4.64938767e-02
 -5.38282767e-02 -2.66170707e-02 -5.83500154e-02  2.41029616e-02
 -1.81950759e-02  7.34660402e-02  2.47788802e-02  3.40597369e-02
 -6.71778023e-02 -3.48788612e-02 -7.20258430e-02  1.87531449e-02
 -9.58557874e-02  1.36452779e-01 -2.74881143e-02  7.01071844e-02
 -6.31239777e-03  3.72553170e-02 -1.96639560e-02  1.09502720e-02
  1.40950708e-02 -1.50810014e-02 -7.59217963e-02  2.06046160e-02
  1.35322940e-02 -8.15955624e-02  3.22514772e-02 -2.20180061e-02
 -3.91157418e-02  1.99971460e-02 -5.68722375e-02 -4.34918143e-02
  7.64492853e-03 -9.29583912e-04  1.57425064e-03  4.02436256e-02
  1.29078701e-02  4.34840051e-03 -2.45922767e-02  2.29101107e-02
  2.08202377e-02 -1.93709098e-02 -2.81810220e-02 -1.83356681e-03
  3.55815776e-02 -2.13571428e-03 -3.18235606e-02 -8.84305499e-03
 -1.81033108e-02 -3.24743390e-02  5.40471151e-02  4.05134819e-02
  7.09005222e-02 -2.57693212e-02 -7.30240494e-02  8.32349882e-02
 -1.87390726e-02 -4.34193835e-02  2.11287243e-03 -8.54598433e-02
  1.93563960e-02 -3.57227139e-02  9.39590782e-02 -4.04582508e-02
  1.63435116e-01  4.07615816e-03  1.05019256e-01 -6.03092909e-02
  2.16485374e-02  8.51972494e-03  6.53848127e-02  9.41477418e-02
 -1.12809311e-03  2.31808703e-02 -9.37572494e-02  8.35160550e-04
  2.79526804e-02  2.93003656e-02  3.21018286e-02  5.76114953e-02
  3.50953415e-02  5.83774857e-02 -4.87307832e-02 -1.84720773e-02
 -6.86802343e-02 -8.77834782e-02 -4.71650623e-02  3.63253988e-03
  1.22096477e-04  3.74555588e-02 -4.36369106e-02 -4.23980728e-02
 -5.19379303e-02 -4.96343710e-02 -9.07610133e-02  5.33010773e-02
 -1.74520153e-03 -1.57782361e-02  5.68037815e-02  4.31713648e-03
  4.04942520e-02  4.70851874e-03  2.58900765e-02  3.10950652e-02
 -6.91367984e-02  1.61732789e-02  2.02085767e-02  8.18928936e-04
  3.50733921e-02  1.04576983e-02  4.51696105e-02  2.92073061e-33
  5.74666187e-02  7.43084773e-02  3.46302390e-02  3.72351035e-02
  4.09506112e-02 -2.03200150e-02 -1.25898257e-01 -4.30391990e-02
  3.77897695e-02 -3.13054472e-02  5.68932928e-02 -5.20087741e-02
  2.15214235e-03  1.00131422e-01  3.60143534e-03  2.64706854e-02
 -4.94118333e-02  6.48218393e-02 -2.82316655e-03 -1.57616790e-02
 -7.17471913e-02 -1.02536678e-02  5.59288152e-02  2.20255535e-02
 -2.19425131e-02 -3.19464728e-02  2.55956464e-02  3.08835320e-03
 -2.82060541e-03 -1.26675027e-03 -3.74039151e-02 -6.00688234e-02
 -3.52418162e-02 -3.23120430e-02  1.60560329e-02 -7.25853220e-02
  9.05643962e-03  4.74232920e-02 -4.06408198e-02  8.92300438e-03
  2.52492391e-02 -3.00124288e-03  3.58501449e-02 -2.59526935e-03
  7.45915100e-02  2.76760384e-02  7.69786909e-02  1.79648865e-02
 -7.50989094e-02  2.18775552e-02 -8.98685381e-02  9.47118998e-02
  1.51854483e-02 -7.06921369e-02 -8.71011429e-03  7.92437419e-03
  1.63395517e-02 -3.05105317e-02 -8.97526070e-02 -6.00589160e-03
  3.05570811e-02 -1.80984251e-02 -2.56747333e-03 -3.83138880e-02
  4.52375785e-02  2.52878498e-02 -2.78306473e-02 -3.41304280e-02
 -7.22683221e-02  4.79090847e-02  5.77046834e-02 -6.82452545e-02
 -4.96810228e-02 -3.39338593e-02  3.12025398e-02 -2.50474922e-02
  7.83989727e-02  3.34698670e-02 -5.36012053e-02  8.44998693e-04
  7.02891871e-02  2.89806686e-02  7.89373666e-02 -2.37525739e-02
  1.23058045e-02 -8.17161649e-02  2.12213378e-02  4.37988043e-02
  3.13530788e-02 -5.47315110e-04 -4.97263223e-02 -8.50223675e-02
  3.94478105e-02  8.36228579e-02 -1.38292490e-02 -3.88859703e-33
 -6.89974381e-03 -2.41551753e-02  2.54608653e-02  1.32941967e-02
 -2.88398564e-02 -6.72353357e-02 -1.89981088e-02  8.17714557e-02
  2.71746493e-03 -2.55773589e-02  6.55999407e-02 -2.32437365e-02
  2.80833654e-02 -7.54242763e-02  6.11010194e-03 -4.74809762e-03
 -1.34242633e-02 -2.84272507e-02 -2.92392932e-02 -8.40880070e-03
 -4.23961170e-02 -7.52548352e-02 -2.73315553e-02  3.55516858e-02
 -8.58602002e-02  7.76987849e-03  3.86615023e-02 -5.06795570e-02
  1.35715334e-02  6.87517272e-03 -7.78068006e-02  4.74827550e-02
 -6.04425780e-02  3.95062529e-02 -5.66921756e-03  3.27592045e-02
  1.12533458e-02 -7.22193858e-03 -2.26855110e-02  1.47220986e-02
  2.12566610e-02 -1.47222169e-02  2.69517452e-02 -9.69398841e-02
 -2.37118229e-02  5.71788326e-02  5.30369394e-03 -6.85791578e-03
 -4.74331267e-02  4.49153818e-02  8.95733237e-02 -3.88464257e-02
 -7.57477060e-02  3.22563294e-03  3.15396786e-02 -3.79866101e-02
 -9.83131863e-03 -4.64453921e-02 -9.35426820e-03 -2.15226505e-02
  7.23255472e-03 -1.91071201e-02 -1.10942526e-02  1.88372750e-02
  1.26349842e-02 -1.71670727e-02 -7.35372528e-02 -4.89135273e-02
  5.19504696e-02  4.28066663e-02  3.56483422e-02 -6.97071552e-02
 -1.66088432e-01 -9.24106240e-02  1.58313271e-02 -3.23661752e-02
 -5.17284162e-02 -2.90424321e-02 -7.24799037e-02  4.68817726e-02
 -1.01201989e-01 -5.35612628e-02 -2.35079061e-02 -2.81535424e-02
  2.55446788e-02 -4.90909778e-02 -1.88500509e-02 -2.39572786e-02
 -2.99718436e-02  4.45304886e-02 -6.43679574e-02 -2.59406846e-02
 -1.49299040e-01  5.92886135e-02 -5.34626134e-02 -5.95732068e-08
  4.18094210e-02  4.46363501e-02  1.85462367e-02 -2.71707010e-02
  2.86635607e-02 -3.75899971e-02  3.36062200e-02  1.52748218e-02
 -5.01077389e-03  7.65478387e-02  8.35241452e-02  1.05435371e-01
  2.15064213e-01  6.10294677e-02  1.72947091e-03 -5.10239452e-02
  5.14556654e-02 -1.99645013e-02  8.02105945e-03 -3.36385220e-02
  5.92176169e-02 -1.27905244e-02 -4.06225324e-02  5.42276539e-02
  2.98478547e-02  9.10796039e-03  3.92886773e-02  1.14842169e-01
  3.55056189e-02 -9.36375186e-03 -1.83587633e-02 -5.28003722e-02
 -4.03581485e-02  1.72554273e-02 -3.18450406e-02 -9.87976268e-02
  7.07753226e-02  3.36477757e-02 -6.63534626e-02  2.75497232e-02
  2.86564380e-02  4.10035718e-03 -5.40542193e-02  6.59667775e-02
  2.91985273e-02 -1.38798311e-01  2.39714682e-02  6.72003850e-02
  1.58088878e-02  6.73084781e-02  8.22282657e-02 -9.85201728e-03
 -2.06042156e-02  3.89968455e-02 -1.67619418e-02  2.56422982e-02
 -2.53022574e-02  1.71835590e-02  3.60364169e-02 -1.39208054e-02
  5.55236265e-02 -7.98714459e-02 -1.74018547e-01  2.91427542e-02]",False,False
Parts Of The Persian Gulf Will Be Too Hot For Humans By 2100,Secular Talk,progressive,"States and, I'm sure, elsewhere, whether you look at the increase in other kinds of natural disasters, whether you look at the increase in drought and stuff like that, it's happening already and it's it's time that we act on it. but I feel like, no matter what the [ __ ] happens, we can't get our [ __ ] together enough and we can't get the world on board enough, or even our own government, where we we treat the problem for what it is and we really move in a different direction when it comes to our energy source. now, I always find it hilarious when people on the right argue that you know, this is going to hurt the economy and we got to be practical and that's why we can't do dick about it. no, no, no, no, no. if anything, the opposite will happen. if we have a green technology boom and we have to redo the infrastructure in all countries with green technology and renewable energy, there's going to be nothing but economic upsides to that. how do you not see that this entire blossoming new industry that we need to implement in all these different places, obviously there's tremendous upsides. obviously many jobs are going to be created. obviously it'll help with wealth creation, this idea that you know, oh, since we have to move off of the Old Guard, it's a problem, because it just is. whenever you move off the old",0.533,"[-4.20505963e-02 -3.38955745e-02  1.03685468e-01  1.03205396e-02
  8.36566985e-02 -1.63759547e-03 -4.00917195e-02  2.31909417e-02
  2.39678342e-02 -2.35513598e-02 -5.74145578e-02  2.13279091e-02
  2.68179290e-02 -1.06261931e-02 -5.63422218e-04  5.38056232e-02
 -8.65956843e-02 -4.45672264e-03 -6.14613481e-02  2.33143717e-02
  2.16333736e-02  1.66485831e-02 -6.76459223e-02 -1.79823861e-02
 -6.92545250e-02  3.41420956e-02 -3.71780545e-02  1.20417587e-02
 -6.64794147e-02  1.46114035e-02  2.49604415e-02  2.78858021e-02
 -4.11773510e-02  7.38148671e-03  8.40143561e-02  7.31251463e-02
 -7.63871102e-03  3.83272357e-02  2.34832894e-02 -3.08707133e-02
  1.51206618e-02 -9.23737362e-02 -3.58522348e-02 -3.01518738e-02
 -6.20021001e-02 -1.18713593e-02  2.48504374e-02 -3.88212167e-02
 -7.58412480e-03 -8.64641815e-02  1.57493874e-02  5.12519246e-03
 -8.86124559e-03 -5.02858981e-02  5.80436960e-02 -2.23139636e-02
  7.60945082e-02 -4.77089584e-02  1.00015765e-02 -1.01812314e-02
  6.00773282e-02 -9.92616341e-02  1.14655588e-02  1.56258442e-03
  4.95473221e-02  2.60757990e-02 -6.31578453e-03  1.01264052e-01
 -6.19474612e-02  6.65463181e-03 -1.46299470e-02  6.58040075e-03
  1.62717029e-02 -4.24244963e-02 -1.26485275e-02 -2.71789227e-02
  7.52340257e-02  8.80125538e-02  5.97186834e-02  1.90267395e-02
  1.15193270e-01 -5.10659209e-03  4.17486131e-02 -1.08708367e-01
 -2.18978543e-02  2.60779504e-02 -5.93894757e-02 -1.00089805e-02
  1.05424322e-01  1.73031837e-02 -8.30208361e-02 -5.16929887e-02
  6.58566654e-02  7.58898035e-02  7.69754425e-02  1.27631992e-01
 -6.64595887e-02 -1.07217945e-01  7.78438617e-03  1.69617683e-02
  3.37942913e-02  1.55354356e-02  5.87701127e-02 -1.09400250e-01
  1.11077586e-02 -2.72252336e-02 -1.35837555e-01  8.92257318e-03
  4.49198373e-02 -6.56234398e-02  2.16085389e-02  3.67709026e-02
  2.22190022e-02 -3.34538426e-03 -3.07091307e-02 -3.80351841e-02
  6.22718707e-02 -6.95425794e-02  3.10837589e-02 -3.41737159e-02
 -1.46203293e-02 -5.61223291e-02 -1.17745414e-01  6.57917336e-02
  4.59130555e-02  4.38345484e-02 -3.25315259e-02 -2.84841842e-33
  1.84613205e-02  4.84700128e-02  4.80945036e-02  2.01181509e-03
  1.23979729e-02  4.71459841e-03 -5.91494665e-02 -3.07115223e-02
 -4.21302766e-02 -6.45756796e-02  3.34798209e-02  5.60300276e-02
  9.78467464e-02  7.51492381e-02  2.68175788e-02 -1.28392771e-01
 -6.59152791e-02 -4.34735045e-02  4.50239591e-02 -5.73406816e-02
  2.22208519e-02 -6.98555261e-02  3.25270891e-02 -5.19818743e-04
  2.22491776e-03 -5.67538776e-02  9.16625783e-02 -7.19714304e-03
  4.84802052e-02 -1.09286504e-02 -3.17337923e-02  9.54961479e-02
  1.05560953e-02  3.47232749e-03 -2.59034578e-02 -7.97045007e-02
 -5.33506181e-03  2.72911955e-02 -4.41831015e-02  3.05313896e-02
 -5.48171550e-02  7.88765997e-02 -1.11279927e-01  6.43871576e-02
  9.38077644e-02  3.08262352e-02  1.45830363e-01  3.11148688e-02
 -1.19830839e-01 -3.59622017e-02 -4.80376519e-02  1.13784827e-01
  1.38063347e-02 -4.98673916e-02  2.28145216e-02 -5.49615808e-02
  2.24694628e-02 -5.45172431e-02  4.84102033e-02 -6.98171481e-02
 -4.66819704e-02 -1.88695453e-02 -1.24093806e-02  2.47988850e-02
  2.73414962e-02  7.98555836e-02  1.92116424e-02  5.45903966e-02
 -2.63519753e-02  5.64650372e-02 -5.78564219e-03 -4.11880575e-02
 -5.04022203e-02 -3.68978316e-03  5.85063100e-02 -2.34292615e-02
  1.50037920e-02  6.23385981e-02 -4.65612486e-02  1.08721702e-04
 -3.91179360e-02 -2.03792732e-02  3.07592191e-02  2.44551748e-02
  2.51707342e-02 -8.83852839e-02 -4.75175753e-02  5.30245714e-02
  7.41636232e-02 -4.90280474e-03 -6.98425248e-02  1.35115245e-02
  1.04084596e-01  2.89445706e-02 -1.63144562e-02  1.76988068e-33
  2.95276549e-02  4.24454845e-02  2.49188067e-03 -3.47959660e-02
  6.61202334e-03 -8.93437713e-02  7.50096142e-03 -5.45083806e-02
 -1.55184418e-02 -3.46830562e-02 -2.92975288e-02  8.75235498e-02
  1.27248345e-02  6.62889425e-03 -1.99882202e-02 -4.23448980e-02
 -5.53053804e-03  2.71847192e-02 -5.39716668e-02 -4.51355875e-02
  2.85993572e-02 -1.36351213e-02 -4.69195247e-02  4.91451882e-02
 -2.93829553e-02  8.65633041e-02 -6.66015297e-02 -1.38366828e-02
  5.79251349e-02  3.09610949e-03 -1.12264030e-01  8.87545720e-02
 -2.24057157e-02  2.99807955e-02 -5.25520705e-02  1.15695544e-01
  3.31115001e-03 -8.84022713e-02  1.09968558e-02  5.25081232e-02
  4.19421159e-02 -4.65886518e-02 -6.88806176e-02 -5.85137531e-02
 -4.97190915e-02 -1.45966327e-02  9.06834193e-03  5.67971095e-02
 -3.97926122e-02  3.91285121e-02  5.34347109e-02  7.58851245e-02
 -6.56363294e-02 -2.28228793e-02 -1.31813632e-02 -3.57148983e-02
  8.35004374e-02 -1.52269220e-02 -1.32709786e-01  3.91523838e-02
 -3.36847231e-02 -2.36784816e-02 -1.63961668e-02 -1.82025060e-02
  1.72851961e-02 -3.12960446e-02  4.72992808e-02 -4.26113568e-02
  5.78864813e-02 -1.53418407e-02 -3.72606553e-02 -8.23662058e-03
 -1.07140914e-01 -4.64503616e-02  5.50360195e-02  7.37723261e-02
  1.97261684e-02 -1.09702665e-02 -6.22471385e-02  4.77951765e-02
  1.37479724e-02  2.43956205e-02  8.06712434e-02 -6.10122047e-02
  4.04154547e-02  2.06438429e-03 -3.22395302e-02 -6.90966547e-02
  2.87777763e-02  8.57574195e-02 -1.31509438e-01 -1.84234083e-02
 -3.15438062e-02  6.87878057e-02  3.10320016e-02 -5.43809477e-08
  1.57807267e-03  3.40146222e-03 -2.17843708e-02 -3.55563834e-02
  4.08934839e-02 -3.81551720e-02  1.02822995e-02  2.33314168e-02
  1.31195076e-02 -1.80107653e-02  1.47100594e-02  6.23736531e-02
  8.32849368e-02  6.85341954e-02 -1.94254611e-02  2.96105612e-02
 -3.65035348e-02  3.70969018e-03 -2.77296547e-02  2.40142327e-02
  4.69594449e-02  4.70392928e-02  4.80714720e-03  3.75840142e-02
  7.83585832e-02 -3.15829576e-03 -4.90250858e-03 -1.42176723e-04
 -5.43202646e-02 -4.03969456e-03  1.85707435e-02 -5.85787967e-02
 -3.61313745e-02  3.18015489e-04  1.25728315e-04 -8.55485816e-03
  1.59361754e-02  2.62353756e-02  4.39000763e-02 -2.38766819e-02
 -5.89088071e-03  3.77121978e-02  1.08176135e-02  3.16567309e-02
 -6.69664964e-02 -9.85650867e-02 -6.21008724e-02  2.43646447e-02
  5.52450791e-02  3.80399823e-02 -4.74695303e-02 -5.22962622e-02
  2.82047484e-02  8.36049020e-03  7.71891624e-02 -3.30462344e-02
 -6.99471682e-02  2.28496231e-02 -2.92550325e-02  3.45439576e-02
  3.79817039e-02 -6.92951605e-02 -1.48196416e-02 -1.47660049e-02]",False,False
Parts Of The Persian Gulf Will Be Too Hot For Humans By 2100,Secular Talk,progressive,"what I hear when people say [ __ ] like that. no, we know that we have a tremendous problem here. we know we have the ability to do the right thing if we just put our mind to it and get the money out of politics and end the corruption in the fossil fuel industry having its tentacles on everybody. so it's time to [ __ ] do it. they're saying, by 2100, no matter what we do now, parts of the Persian Gulf uninhabitable. uninhabitable, I mean: good, you have if you have AC, so maybe you won't die immediately. but imagine some places where people are living and the AC goes out. you're just gonna die. you're just gonna die. this is what we're talking about. it's already pretty [ __ ] hot there. they're saying it's going to get hotter. we'll see. man, how many more stories do we have to do? whether it's the trillions of dollars that the cleanup from climate change will cost, or whether it's other things, no matter how outrageous or Incredible or unbelievable the facts are, we drag our feet. let's stop dragging our feet and let's do the right thing, because we have to do it.",0.995,"[-5.75779490e-02  1.29460413e-02  5.95024414e-02  8.74292552e-02
  6.08471334e-02 -6.97374251e-03 -3.47639173e-02 -4.96137515e-02
  4.08816524e-02  2.21251324e-02  1.09129213e-02 -1.52754337e-02
  8.12826902e-02 -2.63511389e-03  4.12160158e-03  3.94173041e-02
 -5.45976423e-02 -5.35058454e-02 -1.06978677e-01  3.54981758e-02
  1.45477215e-02  9.79056731e-02 -2.41344552e-02  2.92133074e-02
 -8.43103230e-02 -1.63210630e-02 -8.10656399e-02  1.71160996e-02
 -1.02169394e-01  9.00293812e-02  2.02237535e-02  5.08565120e-02
 -6.33237585e-02  2.65627746e-02  5.28046153e-02  6.05712757e-02
 -2.08719950e-02 -1.74907390e-02  1.16975354e-02  3.28472145e-02
 -1.55211978e-06 -8.26546103e-02  6.78325025e-03  2.70317439e-02
 -3.34598012e-02  1.33084599e-02 -4.69318479e-02  5.13790268e-03
  3.19955871e-03 -2.56740563e-02 -1.18460571e-02  5.31101227e-02
 -3.25004035e-03 -5.26781492e-02  2.08886676e-02 -4.43209931e-02
  4.55611236e-02 -1.26784472e-02 -4.46085371e-02 -3.60253663e-03
  3.38881463e-02 -9.12156999e-02 -1.90182179e-02  8.39122199e-03
  4.41149734e-02 -8.38726107e-03  8.99594426e-02  4.20597196e-02
 -1.91477053e-02  3.08305286e-02 -9.34404656e-02  9.37500596e-02
  1.23718353e-02 -4.09156829e-02  1.84527189e-02 -2.52898373e-02
  3.62754911e-02  1.14922374e-02  1.23011813e-01 -8.89235456e-03
  1.08921826e-01 -4.80420291e-02  5.75352274e-02 -9.07017887e-02
 -5.53424424e-03 -7.25963153e-03  3.50895077e-02  3.64614390e-02
  9.56130400e-02  1.92829911e-02 -1.26877770e-01 -3.50560583e-02
  8.90020505e-02  6.26211315e-02  2.46814582e-02  1.26577839e-01
 -4.19048779e-03 -4.96116234e-03 -6.98750392e-02  1.08360099e-02
  5.74219339e-02 -6.86370209e-03 -4.25520651e-02 -1.08625360e-01
 -7.56394491e-03 -7.47439777e-03 -4.62207273e-02 -3.25575587e-03
 -4.50793840e-02 -4.02865112e-02 -6.72919601e-02 -2.58258283e-02
 -9.37122013e-03 -4.61727334e-03  3.19512822e-02  2.62436066e-02
  4.25598584e-02 -1.33056641e-01 -1.58669930e-02  2.74511287e-03
 -8.08858275e-02  8.42458848e-03 -8.37946534e-02  8.31311792e-02
  5.33237942e-02 -1.67010557e-02  1.27063012e-02  6.66992163e-34
  4.19728011e-02  7.52208605e-02  7.84857869e-02  3.85243259e-02
  1.58080850e-02  1.32742524e-03 -1.03605710e-01  1.36127195e-03
  4.70265001e-03  3.67370658e-02  2.65902374e-02  6.44714851e-03
  1.90196261e-02  1.03434585e-01  2.83895209e-02 -1.12910710e-01
 -9.15849507e-02  2.15430907e-03 -3.66863683e-02 -6.80456981e-02
 -8.14735051e-03 -7.63696665e-03  5.67859635e-02 -2.55851205e-02
  3.82623710e-02 -2.66790099e-04  3.43848839e-02 -2.46148324e-03
 -1.75351650e-02 -3.79694114e-03 -8.63490030e-02  2.23709308e-02
 -2.17389930e-02  1.77910423e-03 -4.82958965e-02 -8.35186765e-02
 -3.13951336e-02  6.23868667e-02 -5.07831499e-02  2.16338132e-02
 -3.51534784e-02  1.09156661e-01 -5.32392673e-02  1.94865093e-02
  1.05561391e-01 -3.50527745e-03  1.11169271e-01  5.25804795e-02
 -1.29905134e-01 -2.65821517e-02 -1.69245936e-02  9.37810764e-02
  2.84380987e-02 -4.33142558e-02  5.46015333e-03 -4.96856533e-02
 -1.42042164e-03 -5.82377203e-02 -3.48904580e-02 -8.49301293e-02
 -8.58219434e-03 -3.73317220e-04 -6.59106998e-04  1.29905939e-02
 -1.76812254e-03  8.44569206e-02 -1.22237746e-02  2.40331236e-02
 -1.13551263e-02 -3.92797810e-04  7.23051131e-02 -2.37113722e-02
 -6.55156150e-02 -5.09536779e-03  7.93907978e-03  3.81756350e-02
  4.99386527e-02  4.83299512e-03 -2.41982266e-02  4.68136892e-02
  1.72780324e-02 -4.99031087e-03  7.06064701e-02 -5.34655526e-02
  2.00265329e-02 -9.64362174e-02 -1.82626303e-02  3.46798301e-02
  3.63614783e-02 -4.49230932e-02 -1.00126266e-02  1.83831919e-02
  9.55075547e-02  9.56479087e-03  4.79577156e-03 -1.84139537e-33
  2.33196635e-02  2.41583344e-02  5.25370911e-02 -3.20378467e-02
 -3.40233296e-02 -5.65565638e-02 -1.66767854e-02  2.04090867e-02
  2.45261770e-02 -5.06480560e-02 -3.12195197e-02  4.42451164e-02
  4.70658951e-02 -5.09837307e-02  3.12285218e-03 -5.79496026e-02
 -1.74302403e-02 -1.09729907e-02 -5.38980439e-02 -5.15480526e-03
 -3.90918702e-02 -6.80719987e-02 -6.54025599e-02  4.93847951e-02
 -1.00681499e-01  5.76701537e-02  2.88932435e-02 -3.72603759e-02
  6.01030663e-02  1.99757814e-02 -4.89726737e-02  1.27824834e-02
 -8.79906937e-02  5.32907546e-02 -1.39078021e-03  2.20136717e-02
  4.24252677e-04 -1.82435047e-02 -7.09520653e-02 -3.39493006e-02
  4.06130441e-02 -6.02118075e-02 -8.64122212e-02 -5.39153665e-02
 -2.37564184e-03 -2.57936735e-02  2.50619501e-02 -2.21526320e-03
 -5.84130362e-03 -2.15021186e-02  6.34576976e-02 -9.77184530e-03
 -7.19659328e-02  1.31661147e-02  2.03221627e-02 -9.73608717e-03
  1.54098002e-02  1.42608257e-03 -2.26809792e-02 -3.99613306e-02
 -9.58887674e-03  5.93938977e-02  7.44339870e-03  5.59729431e-03
  2.86637177e-03 -7.11477995e-02 -1.48916310e-02 -1.89653393e-02
  5.35852462e-02  3.86134461e-02  3.04340720e-02  1.11696227e-02
 -2.08905652e-01 -1.09341905e-01  6.09704033e-02  6.93267807e-02
  2.32099127e-02 -2.91760471e-02 -2.55758893e-02  4.90100794e-02
 -1.89377163e-02 -1.87532604e-02 -4.35069064e-03 -2.90529281e-02
  8.45682994e-02 -4.22221348e-02 -1.90023482e-02 -5.24550816e-03
  1.93205308e-02  7.45808035e-02 -1.14921734e-01 -1.72168817e-02
 -5.26720919e-02  2.51168832e-02 -7.36008659e-02 -5.86847015e-08
  4.59020622e-02  7.18487650e-02  3.28661166e-02 -9.04547982e-03
 -1.94982713e-04 -2.21026805e-03  2.73061590e-03  6.51234686e-02
 -8.94424389e-04  2.96546835e-02  9.65671837e-02  1.05611987e-01
  1.28593430e-01  6.80240840e-02 -6.50121719e-02  3.10520995e-02
 -2.22972482e-02 -1.60156097e-02  1.50510082e-02 -1.85187776e-02
 -1.52308010e-02  2.35893074e-02 -1.39487153e-02  1.30296834e-02
  2.89182086e-02  5.04115075e-02  1.03177326e-02  8.78023282e-02
  1.12423254e-02  9.59066767e-03 -2.78876163e-02 -9.35425460e-02
 -5.66166677e-02 -8.35052691e-04  3.95384990e-02 -6.31750971e-02
  3.15519236e-02  4.59404923e-02 -2.00206507e-02 -6.46822676e-02
  6.92607136e-03  9.63454470e-02  8.06622859e-03  5.68651706e-02
 -1.33907562e-02 -6.12876415e-02 -5.68145812e-02  3.20463367e-02
  1.47094643e-02  5.14780320e-02  3.46535519e-02 -3.90595943e-02
 -5.64564839e-02  4.44576852e-02  4.66509908e-02 -1.61117837e-02
 -7.09628016e-02  1.38124302e-02 -4.29548025e-02  8.03914294e-02
  5.08063585e-02 -8.96866471e-02 -8.54917690e-02 -3.21001606e-03]",False,False
Will People Take Climate Change Seriously When Lots of People Die?,David Pakman,progressive,"I was thinking the other day about what it would really take to get people to care and activate around climate change. And it's tough because climate change is the sort of invisible force, right. There aren't that many physical signs that the average person can see that the Earth's climate is changing. The only physical signs will be, in part, through natural disasters like hurricanes or floods or droughts. And no matter how many times a scientist goes on the news to say climate change is real, people will probably not want to change the way they're. they live their lives because they like the way they live their lives for the most part. And Hurricane Sandy caused tens of millions of dollars worth of damage. Climate deniers said: ""Oh, it's a freak accident, right, That occurs every couple decades or so"". They'll probably mention another natural disaster in the 50s and say: ""Was climate change happening then too"". If the frequency were monthly and people were dying every month, would deniers be as easily able to deny climate change in this way? But then I thought even a ton of people dying wouldn't convince everybody. Attribution is really difficult. The events kill people, right. It's not climate- climate change amorphously- that is killing people. It's specific events And people aren't going to see: oh, climate change caused a thousand deaths, they'll see. oh okay, hurac, hurricane Lewis caused a thousand deaths, or whatever, and it will still be.",0.97,"[-4.79748435e-02  3.51418257e-02  1.13663256e-01  6.89314380e-02
  9.59179699e-02  7.19608646e-03 -7.33860582e-02  2.44992618e-02
  7.44956285e-02  7.18667656e-02 -4.18453244e-03 -5.60663119e-02
  4.40566577e-02  1.45319095e-02 -1.23901684e-02  8.95960256e-03
 -5.89983054e-02  5.10515235e-02 -4.89100926e-02  3.96345854e-02
 -2.01061498e-02  5.32209463e-02 -4.62089442e-02  4.35589626e-02
 -6.18561469e-02 -5.62556535e-02 -5.32345362e-02  4.35551368e-02
 -9.31719840e-02  7.53429234e-02 -3.60390334e-03  2.48731729e-02
 -5.01651876e-02  4.25525419e-02 -6.29088236e-03  5.56732416e-02
  1.66028086e-02  4.07791212e-02 -3.00939865e-02 -1.04057929e-02
  9.05973930e-03 -2.16916632e-02  2.44738115e-03 -4.89873327e-02
 -2.65771672e-02  4.71347431e-03  4.89236088e-03  2.72480641e-02
 -5.48704527e-02 -4.93295379e-02  2.13257242e-02 -2.12365687e-02
  3.17802816e-03 -9.03754383e-02  4.90558334e-03 -8.89520794e-02
  4.57669981e-02 -2.87811062e-03 -1.38931656e-02 -4.89497930e-02
  5.14940247e-02 -8.51896927e-02 -6.79641291e-02 -4.83927410e-03
  7.51466602e-02  9.64757800e-02  5.81358150e-02  4.06129137e-02
  5.97952902e-02 -1.17887072e-02 -3.48523725e-03  6.17843196e-02
  3.17361914e-02 -3.56102698e-02  3.76918279e-02 -8.04172680e-02
 -4.44733053e-02  1.04832068e-01  9.10076052e-02  7.34958192e-03
  1.22629240e-01 -5.02212904e-02  7.69366249e-02 -5.37608862e-02
  2.25478876e-02 -2.69901566e-02 -4.11652634e-03  3.71305691e-03
  4.53397036e-02  4.25723987e-03 -9.78990421e-02 -3.35975178e-02
  1.17926151e-01  5.06297052e-02 -4.10634950e-02  8.29003453e-02
  7.59761222e-03 -2.37406828e-02  5.08539788e-02 -5.00142528e-03
 -3.08364872e-02 -1.90026332e-02 -2.20055953e-02 -8.19219649e-02
  4.53678593e-02 -8.49553272e-02 -7.76056945e-02 -7.46299997e-02
 -1.31036630e-02  5.31480908e-02 -5.14768288e-02 -4.62013111e-03
 -2.37859203e-03  7.49012129e-03  8.47632065e-02 -2.79675163e-02
  1.72679648e-02 -1.56159820e-02 -3.68621349e-02 -5.92430755e-02
  8.49532336e-03 -9.67964251e-03 -2.78011356e-02  5.17426208e-02
  8.67671818e-02  7.65395463e-02  1.45468162e-02  5.08816366e-33
  1.00655273e-01  7.56161511e-02  3.93753611e-02  4.22927141e-02
  4.14453596e-02 -4.68475418e-03 -7.40518346e-02 -4.29814458e-02
  7.64325559e-02 -3.44982855e-02  3.64418589e-02  2.02802406e-03
  2.40210220e-02  1.03226766e-01  3.15671414e-02  1.30204984e-03
 -1.06757380e-01 -3.31339873e-02 -7.16784000e-02 -1.58971846e-02
 -5.89914471e-02 -1.97519595e-03  3.41297425e-02 -1.46922022e-02
 -3.53774056e-02 -8.14185515e-02  8.95448960e-03  9.31426361e-02
  4.87648286e-02 -1.86698437e-02  4.10282686e-02 -2.75050066e-02
 -2.59213499e-03  2.17228453e-03  4.88254009e-03 -9.42624435e-02
 -5.84909879e-03  3.79063822e-02  2.72074882e-02  5.55295199e-02
 -3.00623477e-03  2.33686734e-02 -1.00998685e-01  1.37668126e-03
  9.51341987e-02  1.55982925e-02  8.96702558e-02  2.85955425e-02
 -1.61700606e-01  6.99380471e-04 -1.62940789e-02  1.01873867e-01
  1.43962987e-02 -2.43643243e-02  4.08870988e-02 -1.64147990e-03
  4.21903580e-02 -2.83347964e-02 -1.11817317e-02 -5.05041443e-02
  7.88899139e-03 -2.29211850e-03  8.13635886e-02  3.77754271e-02
  8.12823847e-02  4.05094363e-02  1.37772895e-02 -1.09836524e-02
 -4.50956970e-02 -4.78162337e-03  2.24104170e-02  1.48221040e-02
 -8.14494863e-02 -1.30012594e-02 -3.30365896e-02 -3.47274989e-02
  1.72846240e-03  4.05187272e-02 -1.50701748e-02  7.52969906e-02
  1.17178038e-02  3.90132256e-02  5.98113798e-02  7.18336925e-03
  3.71712935e-03 -6.29390031e-02  4.80009621e-04  5.52102439e-02
  8.70339386e-03 -2.48282738e-02  2.28422526e-02 -3.59875113e-02
  7.09425807e-02  1.13957105e-02 -4.66685072e-02 -4.06013875e-33
 -1.13448940e-01 -4.19056648e-03 -1.51771531e-02  2.50969082e-02
 -8.22825730e-02 -7.59739950e-02 -6.47491962e-02 -4.37011570e-02
  6.58795834e-02 -2.11629625e-02 -1.01119597e-02  6.90828562e-02
  2.44241767e-02 -5.36610559e-03 -5.38105406e-02 -5.88326566e-02
 -4.75294609e-03  1.50153572e-02 -8.07256475e-02 -7.70054162e-02
  6.39235182e-03 -5.49894311e-02 -1.28328234e-01  1.67170595e-02
 -8.85944068e-02  3.53636667e-02  5.13705723e-02 -2.07577622e-03
  6.71191216e-02 -4.21459824e-02 -6.34260997e-02  1.21043891e-01
 -1.96764637e-02 -2.44152267e-02 -1.68015249e-02  4.92407158e-02
  4.30010036e-02  2.99800076e-02 -8.15059990e-02  5.11216559e-02
 -7.98964873e-03 -8.54750443e-03 -5.77088296e-02 -1.15349792e-01
  3.86501051e-04 -1.67246908e-02  6.97094649e-02 -2.94709951e-02
  7.77014811e-03  3.02598011e-02  5.90086244e-02 -1.94468535e-02
  2.26595625e-02  4.37040860e-03  3.70235331e-02 -3.32783386e-02
  3.80951241e-02 -2.19294168e-02 -4.13104147e-03  9.16356873e-03
 -6.29661083e-02  3.09982300e-02  1.31507143e-02  1.66151185e-05
  1.79107301e-02 -4.20873389e-02 -5.92491105e-02 -2.01226585e-02
  9.98967607e-03  2.32095011e-02  4.30772342e-02 -4.61228788e-02
 -1.06830530e-01 -7.88538978e-02  6.90763742e-02  2.20506405e-03
 -7.30397180e-02  1.23246117e-02 -6.69201314e-02  5.31273857e-02
 -1.99317262e-02 -4.36910652e-02  6.01483099e-02  4.08182997e-04
  2.45470237e-02 -1.49501972e-02 -3.48332115e-02 -7.84146264e-02
 -3.48223485e-02  9.61185470e-02 -7.80930519e-02  2.80533306e-04
 -6.90313354e-02  4.53716926e-02 -7.26867765e-02 -6.49146799e-08
  1.00488916e-01  5.62195405e-02  4.18369565e-03 -1.21046882e-02
  6.60452172e-02  2.76615378e-03  1.61519703e-02 -4.74809017e-03
 -2.50808895e-02  5.25751747e-02  3.81600335e-02  7.73148239e-02
  9.73805487e-02  7.28720129e-02 -2.36876160e-02 -5.42138843e-03
  3.76504026e-02 -7.96208754e-02 -6.26549050e-02 -9.56862792e-03
  2.16425210e-02  4.84586135e-02 -6.40937611e-02 -1.78434774e-02
  1.21306062e-01 -4.08868529e-02 -8.16960819e-03  5.44379093e-02
  5.05359517e-03  6.50033401e-03 -2.96764225e-02 -8.50161240e-02
  1.29936822e-02  2.72803660e-02  1.09984223e-02 -4.88568172e-02
  8.49166960e-02  5.20990677e-02  1.50255754e-03  4.53898609e-02
  2.07970813e-02  7.69345984e-02 -4.55203056e-02  8.25588629e-02
  4.85420134e-03 -7.29757845e-02 -2.33611297e-02 -3.32535543e-02
 -5.73768467e-02  4.76797260e-02  1.56158637e-02 -3.85879166e-02
 -3.64969224e-02  3.18192355e-02 -3.14093158e-02 -5.96303586e-03
 -2.23122668e-02  3.10426969e-02 -1.16914501e-02  5.39037287e-02
  1.39989434e-02 -6.16359599e-02 -7.33871534e-02  2.46493090e-02]",True,True
Will People Take Climate Change Seriously When Lots of People Die?,David Pakman,progressive,"easy to not accept climate change. So I don't really know, Lewis, what it will take to get people to really accept that climate change is a thing and that we're much better off dealing with it sooner than later. Climate change, arguably, has already killed many people, but much of the public doesn't see it that way. They just see an individual incident not in any way connected to broader changes in climate. is what's responsible, not climate change, Right? So you've got hurricane season. It could be a particularly bad hurricane season. Then you've got winter. Okay, There could be a lot of blizzards. uh, you know, maybe during, uh, whenever tornado season is, maybe that's really bad in in tornado alley. but I think, uh, you know, you're probably not going to start to see major change until those water levels around coastal cities start creeping up on the homes of millionaires and billionaires. Maybe then you'll see, uh, some people uh activating around this, maybe So. and the other factor that keeps people from really taking this seriously is that a lot of the solutions revolve around contracting, at least temporarily, your consumption and therefore the economy. It is very tough as a candidate to get elected by saying I will push policies of lower consumption and less economic growth in order to improve the situation for our environment. That is not a winning strategy in the United States. Yeah, definitely not. It's, uh, it's, it's.",0.678,"[ 2.89851287e-03 -2.65144440e-03  1.23013355e-01  7.94036016e-02
  1.03155144e-01 -1.13201933e-02 -2.38220021e-02 -6.98055094e-03
  1.93272457e-02  2.38667186e-02 -3.41919810e-02 -2.83889435e-02
  1.91322155e-02 -3.13120037e-02 -5.68844518e-03  1.44210365e-02
 -8.32373425e-02 -3.30448896e-02 -7.66297355e-02  9.20513123e-02
 -5.35061955e-02  2.88016046e-04 -5.45813106e-02  2.11840644e-02
 -5.42673357e-02  3.81060168e-02 -3.17652300e-02  6.32162094e-02
 -1.14938065e-01  4.84289080e-02  2.19706241e-02  5.40608801e-02
 -4.11189310e-02  2.54843738e-02  9.47318412e-03  3.99812236e-02
  1.73503850e-02  3.14990804e-02 -5.32966405e-02 -1.76861193e-02
  4.30695713e-03 -2.71295756e-03  4.33324948e-02 -8.33902434e-02
 -2.18860637e-02 -5.43152578e-02  6.59664022e-03  3.22090052e-02
 -5.21829352e-02 -1.09495498e-01 -3.21996026e-02  2.66066678e-02
 -5.78934774e-02 -3.63044143e-02 -1.53462375e-02 -3.28390114e-02
  4.34305333e-02  4.14660946e-03 -3.24853584e-02 -4.53527123e-02
  3.54517438e-02 -4.34849113e-02 -9.99378040e-02  8.83139297e-03
  2.10447088e-02  5.70290871e-02  3.80421355e-02  8.93983170e-02
 -9.21267271e-03 -1.26685118e-02 -2.64094174e-02  2.33555380e-02
  4.74994928e-02  6.20487286e-03  7.35956505e-02 -6.74136057e-02
 -1.84270693e-03  2.53386404e-02  8.62441882e-02  3.32376249e-02
  1.15200572e-01 -9.53683443e-03  1.02443837e-01 -3.39363739e-02
  1.12814009e-02  1.24934837e-02 -1.73203349e-02  5.49606187e-03
  7.38773122e-02  1.71267260e-02 -8.92388746e-02 -4.99514118e-02
  8.54853913e-02  5.90520585e-03  3.53593677e-02  1.26670212e-01
  2.96975970e-02 -5.25286086e-02  1.92732811e-02  5.19693270e-02
 -1.75322834e-02 -8.37062299e-02  3.95216011e-02 -5.02542518e-02
  6.72001466e-02  1.36924740e-02 -3.06535158e-02 -2.74112225e-02
 -7.39591345e-02 -1.45697384e-03 -5.19436300e-02  3.56927849e-02
 -2.25613937e-02 -1.50034130e-02  2.75104586e-02 -1.39772454e-02
  2.55829599e-02 -5.09953499e-02 -2.90987920e-02  3.39597464e-02
  3.56126875e-02  1.80750210e-02 -6.03155904e-02  3.79667692e-02
  4.59998921e-02  1.13153942e-01  1.25150764e-04  1.83614220e-33
  5.13711013e-02  2.89127138e-02  5.90720847e-02  4.90248613e-02
  1.95311997e-02  5.14631160e-03 -9.01157185e-02 -3.29649672e-02
  2.50155814e-02  1.30471485e-02  9.19884741e-02  2.06366144e-02
  1.55580593e-02  1.25663415e-01  3.90395485e-02 -5.27551956e-02
 -6.21916354e-02 -4.70882989e-02 -6.03086920e-03 -4.27019922e-03
 -9.15907603e-03 -6.10806793e-02  1.74700934e-02 -1.15442257e-02
 -5.92347085e-02 -6.26134127e-02 -1.80124911e-03  5.23144826e-02
  5.14773987e-02 -8.25375877e-03  6.94170073e-02  2.88975816e-02
  2.66433582e-02 -3.13695408e-02  7.66869262e-03 -7.32125193e-02
  3.07332706e-02 -2.54093506e-03  1.96757056e-02 -6.57502711e-02
 -1.04297310e-01  4.87381443e-02 -1.82655960e-01  7.35366568e-02
  7.47962818e-02  2.60685589e-02  1.18853822e-01 -7.33277993e-04
 -1.78562656e-01 -3.15607190e-02  4.58265543e-02  8.97143185e-02
 -6.56280806e-03 -9.25250631e-03 -4.63811457e-02  2.01018108e-03
  6.76148161e-02 -1.05371103e-01  1.53822708e-03 -1.02861017e-01
 -2.58995183e-02 -1.49130505e-02  1.53949838e-02 -3.24880704e-03
  1.65883498e-03  2.32070852e-02  7.66465962e-02  2.48753075e-02
 -4.97435518e-02 -2.26524677e-02  1.00605069e-02 -2.04727035e-02
 -3.28511633e-02 -1.18188914e-02  2.46473420e-02 -2.82348562e-02
  1.46803521e-02  4.25877310e-02 -4.36977260e-02  8.16921238e-03
  1.56018212e-02 -8.80797300e-03  9.20379460e-02  3.65721323e-02
  2.75291484e-02 -3.74229141e-02  1.59330405e-02  3.05592567e-02
  5.34014478e-02  2.18290035e-02  2.36533601e-02  2.03313865e-03
  7.31101185e-02  6.04543984e-02  1.42386258e-02 -3.03630228e-33
 -5.20571582e-02 -2.79928558e-02  2.26649307e-02 -2.59366371e-02
 -2.83898637e-02 -4.57632020e-02 -5.81328757e-02 -6.33721724e-02
  6.90771565e-02 -6.27440959e-02 -2.13172846e-02  7.07833692e-02
  8.03322643e-02 -1.08244754e-02  3.17572546e-03 -8.39026496e-02
 -1.00417540e-03  4.85844277e-02 -4.90466319e-02 -7.40103051e-02
 -4.31493530e-03 -4.21113707e-02 -7.95189068e-02 -6.39793230e-03
 -7.49831051e-02  4.27947678e-02 -4.85018529e-02 -6.13708002e-03
  6.10348247e-02 -4.84432131e-02 -8.48100185e-02  9.90690589e-02
  2.34660804e-02 -2.06178445e-02  1.18114543e-03  1.04713567e-01
 -4.72490713e-02 -3.48683894e-02 -6.14497885e-02 -3.86692733e-02
 -5.32430643e-03 -6.65382147e-02 -1.00623919e-02 -6.29125908e-02
  3.65980924e-03  2.39816718e-02  5.34970686e-02 -3.09211034e-02
 -3.54046025e-03 -2.66807005e-02  4.52408716e-02  3.03604007e-02
 -4.69601937e-02  2.33588833e-02  6.98657930e-02 -2.19796039e-02
  5.81252091e-02 -9.35066789e-02  1.75699443e-02  2.03110743e-02
 -4.66845930e-02  2.35604290e-02 -7.01977080e-03  2.95190141e-02
  7.07668737e-02 -8.21372643e-02 -5.52972481e-02 -9.49545503e-02
  4.66958471e-02  2.09938902e-02  1.48172677e-02 -4.27064486e-02
 -9.27619785e-02 -7.48514235e-02  7.54401833e-02 -3.48215713e-03
 -9.38501731e-02  3.57517637e-02 -6.39231503e-02  4.21730690e-02
  1.14748664e-02  1.47388168e-02  2.68400982e-02 -5.94150908e-02
  3.20198317e-03 -2.85585914e-02  4.52221697e-03 -6.80155084e-02
 -3.21035162e-02  8.42997357e-02 -5.18221632e-02 -1.24307470e-02
 -9.46338326e-02  6.37966068e-03 -8.79408978e-03 -5.92625469e-08
  7.86704868e-02  1.09946812e-02 -2.50304788e-02  2.69990936e-02
  4.41043638e-02 -1.81640685e-02  9.07323137e-03  6.80277199e-02
  2.14233007e-02  3.09766438e-02  7.64800161e-02  6.41776025e-02
  8.10683444e-02  3.22731361e-02  3.35966190e-03 -1.35346157e-02
 -3.82571630e-02 -8.18917304e-02 -9.53091979e-02 -2.24399148e-03
 -4.06466238e-03  3.94560248e-02 -3.37566882e-02 -4.48124371e-02
  8.92941803e-02 -5.40853590e-02 -1.32929068e-02  5.33720851e-02
  3.80686624e-03  4.78312708e-02 -5.30161336e-02 -7.77646229e-02
 -5.67785501e-02 -7.33587053e-03 -4.52628210e-02 -1.21195372e-02
  7.15098456e-02  1.89625996e-03  5.38572706e-02  1.29142338e-02
  4.05075736e-02  5.50823733e-02 -7.14972382e-03  6.50982261e-02
 -4.20017429e-02 -4.10282835e-02 -1.83670782e-02  2.06230916e-02
  1.97869376e-03  3.42781693e-02  4.29738499e-02 -7.28922412e-02
  1.91173870e-02  4.92162816e-02 -2.95282956e-02  2.37151068e-02
 -2.29716040e-02  5.46857677e-02  1.84955634e-02 -1.22375293e-02
 -1.64373182e-02 -6.85875341e-02 -1.26520753e-01  5.24361804e-02]",True,True
Will People Take Climate Change Seriously When Lots of People Die?,David Pakman,progressive,"a really tough situation. but you know those big coastal cities, uh, they are going to have to deal with this, and in the not too distant future. So, um, you know, not sure how to approach it, but someone has to come up with a new, and we, we also- we have to get moving on alternative technologies. If we don't want to reduce consumption, we need to really invest in emerging technology. That's not what big current big political donors want. So that also is a tough agenda. And even if we came up with some silver bullet, new technology that was economical and efficient and 100% pollutionfree today, it would probably still take 50 years before it became our primary source for energy. Yeah, But you know, politicians have to convince the people that alternate energy can be good for business too, uh, and can be good for jobs and can be good for everybody. That really has to be the message. What do you think it will take to get really people to think climate change is real and we have to do something about it? Let me remind you: a week from today, next Friday, we're going to be offering a really big membership discount. If you want to get an email with the membership discount code. it's a huge membership discount. If you want to get that, sign up for our newsletter at davidpacmancom And on Friday, August 7th you will get an email.",0.751,"[-8.49210322e-02  5.31249791e-02  1.18905127e-01  1.58424973e-02
  8.20741281e-02  6.95036724e-04 -2.63963882e-02  7.52170617e-03
 -7.59092122e-02  1.75349116e-02 -3.29328999e-02 -5.60990237e-02
 -2.92441789e-02  6.60130475e-03  3.79617214e-02  4.77218702e-02
 -2.44105216e-02 -3.29257697e-02 -5.33936024e-02  3.11712008e-02
 -2.28914265e-02 -9.74359550e-03 -3.62503296e-03 -9.57690878e-04
 -3.48396078e-02  6.17566966e-02 -2.01334860e-02 -2.71822861e-03
 -8.75650942e-02  1.07087813e-01  2.69429595e-03  3.27190310e-02
 -2.53585707e-02  2.75781322e-02  5.87018281e-02  6.09581955e-02
 -1.97640620e-03  2.26845238e-02  5.39846011e-02 -7.49372412e-03
 -5.48061989e-02 -1.13823734e-01 -4.62414622e-02 -3.97757143e-02
 -4.44506891e-02 -5.62707614e-03  3.93257216e-02 -1.79925170e-02
 -2.61263531e-02 -6.90027103e-02  8.84731673e-03 -4.25869338e-02
 -3.03745046e-02 -7.26611093e-02  1.08095184e-02 -6.44329861e-02
 -1.80664437e-03 -5.45097962e-02  3.20281945e-02 -1.03449952e-02
  4.47882935e-02 -1.43034860e-01 -1.45319803e-02 -7.49251712e-03
  5.17686494e-02  7.14996308e-02 -2.06825491e-02  9.62029323e-02
  1.07339872e-02 -3.19141597e-02 -9.82653443e-03  6.79216534e-03
 -1.95176676e-02 -6.41380772e-02  1.65685192e-02 -5.69491759e-02
  2.42538489e-02  8.12616944e-02  1.42824814e-01 -2.71828230e-02
  1.16792515e-01 -9.50414129e-03 -7.22376443e-03 -2.07550284e-02
 -3.17135938e-02  1.42938113e-02 -1.16010522e-02  7.78004201e-03
  4.44422103e-02 -3.24022397e-02 -1.42449349e-01 -3.41560878e-02
  4.06892151e-02  4.28138003e-02  3.13514732e-02  1.15370855e-01
 -5.35501204e-02 -1.73281934e-02  2.94389785e-03  7.03372993e-03
  9.53432824e-03  6.54991791e-02 -5.97687764e-03 -1.17119238e-01
 -1.08722504e-02 -3.12046017e-02 -5.88640571e-02 -1.51094107e-03
  3.53759825e-02  4.77852765e-04 -3.35854553e-02  3.21916789e-02
 -3.54970135e-02  3.19715776e-02  3.69340810e-03 -2.59539299e-03
  8.95473212e-02 -4.09100540e-02  1.86101831e-02 -3.45032290e-02
 -2.49252263e-02 -1.35103073e-02 -2.89141703e-02  5.90432482e-03
  6.68034181e-02  3.78104970e-02 -9.55999363e-03  3.83032607e-34
 -3.65291759e-02  1.60816267e-01  8.07723626e-02  3.79790030e-02
 -1.60727854e-04  4.12716381e-02 -4.64001745e-02 -5.32389916e-02
 -3.45363654e-02 -4.51571979e-02  5.19393235e-02  2.05291677e-02
  5.23848422e-02  1.24938294e-01  8.60979185e-02 -1.72484875e-01
 -3.21009681e-02 -1.07625239e-01  2.15482861e-02 -5.35196625e-02
  1.49973268e-02 -3.14064398e-02  3.12273465e-02  1.51801398e-02
  3.84152085e-02 -7.54905418e-02  5.49478047e-02 -1.71743333e-03
  5.13850935e-02 -4.06385493e-03 -9.50124208e-03  2.46880874e-02
 -1.25613222e-02  2.33074706e-02 -4.16144133e-02 -4.25569564e-02
  2.89098062e-02 -6.63557183e-03 -3.72647196e-02  2.71569099e-02
 -2.30143182e-02  1.08214729e-01 -7.48051032e-02  6.68314798e-03
  5.75403683e-02  1.12335058e-02  1.18853368e-01  4.13345825e-03
 -8.69483575e-02 -2.73815319e-02 -2.06302833e-02  5.47424071e-02
 -3.52232791e-02 -2.39739120e-02 -1.92872118e-02 -7.26590753e-02
  1.89752057e-02 -9.25218761e-02  3.57305296e-02 -9.62574854e-02
  3.56685482e-02 -1.66667365e-02  5.30076027e-03  6.01269752e-02
  5.71125420e-03  5.56599684e-02  9.62750986e-03  1.91650502e-02
 -5.18152937e-02 -1.23453373e-02  6.06259331e-02 -7.13524297e-02
 -3.65896779e-03 -3.12751569e-02 -6.37519872e-03  4.68810648e-02
 -6.28246274e-03  2.37776209e-02 -7.19465241e-02  5.04679531e-02
 -1.56612732e-02 -2.93459464e-02  8.29858929e-02 -4.50460762e-02
  7.02651218e-02 -9.99559164e-02 -9.72649374e-04  2.34190207e-02
  4.02560718e-02 -3.69604006e-02 -5.40881604e-02  1.07914852e-02
  3.16013359e-02  5.21511398e-02  3.74698167e-04 -1.98466021e-33
  6.79514483e-02  3.97422053e-02  2.72785891e-02 -1.77892726e-02
  6.55245455e-03 -7.35339075e-02 -1.85521320e-02 -8.26044977e-02
  4.17477600e-02 -2.30257455e-02 -6.20037578e-02  8.07310194e-02
  1.02591664e-01 -1.12826228e-02  1.52981738e-02 -3.31291668e-02
  2.88355425e-02  8.05331301e-03 -2.71100067e-02 -9.31950752e-03
  2.83542741e-02  2.49356311e-03 -1.04816124e-01  5.43354638e-02
 -2.11418979e-02  7.73900822e-02  2.64897030e-02 -2.46222466e-02
  4.69422042e-02 -5.46936095e-02 -1.56002179e-01  5.20618036e-02
 -1.59796923e-02 -1.65910032e-02 -9.21700057e-03  7.85352439e-02
  3.16875912e-02 -3.63538265e-02 -3.82377245e-02  3.77249755e-02
  4.52899821e-02 -8.40801969e-02 -6.77707568e-02 -6.48723021e-02
 -4.47102673e-02 -1.29833007e-02  8.89906732e-05  4.60563265e-02
 -4.56855260e-02  1.77873131e-02  9.43581983e-02  4.57073972e-02
 -4.73805144e-02 -4.82275076e-02  1.91370528e-02 -1.81242637e-02
  7.89984465e-02 -2.22937614e-02  2.37619178e-03 -1.29080554e-02
  1.67951677e-02 -1.08468961e-02  5.03994599e-02 -2.09925454e-02
  1.19678928e-02 -1.98143418e-03  3.96842547e-02 -1.68762095e-02
  4.43209545e-04 -1.57005880e-02 -6.09926181e-03  6.25209510e-03
 -8.37768242e-02  2.46519758e-03 -1.19767161e-02  3.25194895e-02
 -6.48606382e-03 -2.62773805e-03 -1.02773057e-02  5.07519655e-02
  4.59648715e-03  1.55789731e-02  2.90004555e-02 -9.53585729e-02
  1.05610624e-01 -7.46162757e-02 -4.87516038e-02 -8.31583142e-02
 -2.50174515e-02  6.50310069e-02 -1.16108790e-01 -5.87114133e-02
 -1.89978350e-02  1.05731942e-01  1.74319390e-02 -5.67040566e-08
  3.02318931e-02 -2.62469891e-02  9.78194922e-03  2.75585353e-02
  4.66239974e-02 -5.76844532e-03 -3.46446745e-02  8.14566016e-03
  5.89794517e-02 -7.76919909e-03  6.81085140e-02  7.40133971e-02
  8.95307437e-02  7.90914223e-02 -2.62278188e-02  3.85321938e-02
 -2.78305332e-03 -2.15410851e-02 -4.75735515e-02  1.46778179e-02
  3.71020176e-02  5.17684259e-02 -3.08490973e-02 -1.74331721e-02
  4.10604291e-02 -5.37783466e-03  1.31201623e-02  3.47703435e-02
  1.09110726e-02 -2.43164822e-02 -8.57886225e-02 -5.85975982e-02
 -4.94407564e-02 -1.06817782e-02 -3.44842300e-02 -7.45087117e-02
 -3.97120193e-02  1.25969173e-02  3.46286260e-02  3.24454680e-02
  2.00917982e-02  6.78206757e-02 -5.81508875e-02  4.88266647e-02
 -7.73560554e-02 -7.42340907e-02 -6.68663681e-02  3.12420726e-02
 -7.13885704e-04  9.48311612e-02  1.93056222e-02 -1.34123210e-02
 -7.42510566e-03  1.85821019e-03 -5.43576758e-03  2.40032244e-02
 -7.47217610e-02  3.83116044e-02 -6.81078508e-02  2.17405763e-02
  7.76348403e-03 -8.91083181e-02 -1.06521830e-01  6.76537007e-02]",True,False
Big Blizzards Don&#39;t Disprove Climate Change,David Pakman,progressive,"let's talk about this huge blizzard over the weekend in parts of the Northeast- Washington DC, New York City- record record snowfall. we were mostly spared here in Boston, maybe I don't know what, do you think, Lewis, four inches or something like that. I was thinking three it it really was not much. well, right, Wingers love to point to these events, like when there's snow in the winter, to suggest that these disprove or somehow conflict with climate change and global warming hypotheses. and this is not true. Michael man, who we've had on the show he was on recently. actually he's the director of Penn State's Earth system science center. he indicated that peer-reviewed science predict that climate change will lead to more intense blizzard producing nor easers for the exact reason that this storm over the weekend was so big, which is that the Atlantic ocean surface temperatures are higher. and when you have higher ocean surface temperatures, it serves- almost to use a very crude analogy- as more fuel for really big and erratic weather events. the bottom line is: critics like to say that massive winter storms are evidence against so-called global warming, but any serious climate change hypothesis, Lewis, would account for continual new records of both cold and hot and an increased number of these record-breaking weather events. uh, yeah, I think it will be more erratic. I think we're going to see more of this. you know, I'm not a scientist.",0.969,"[-8.80416781e-02  6.46578223e-02  1.08625107e-01  9.45513621e-02
  7.39704221e-02  2.94753592e-02 -3.59718762e-02 -3.12268245e-03
 -3.80503088e-02  1.99661963e-02 -1.18521743e-01  1.13569517e-02
  3.56096439e-02  4.88063507e-02  1.57566424e-02  3.35077867e-02
 -3.82449776e-02 -8.03430229e-02 -5.59104718e-02  8.05912763e-02
  3.83949317e-02  4.93111014e-02 -5.32962233e-02  5.03971428e-02
  3.70203704e-02 -5.66065423e-02 -8.53171274e-02  8.46907198e-02
 -9.92921218e-02  9.78161618e-02 -4.30754200e-02  8.74967575e-02
 -7.26275984e-03 -6.73232228e-03  1.99759919e-02  6.73898384e-02
  2.61736773e-02  2.07032505e-02 -3.64904408e-03  7.62696937e-02
 -9.63635184e-03 -4.05928344e-02  4.19713035e-02 -9.29874647e-03
 -1.77328922e-02  2.63284054e-02 -1.76431667e-02  3.70969921e-02
 -5.92401028e-02  2.25060415e-02 -5.62472828e-02 -1.02115760e-03
 -1.07373111e-02 -4.67953496e-02 -4.48149294e-02  1.92336868e-02
 -3.52703710e-03 -3.48770954e-02 -1.73891336e-02 -1.20492298e-02
  3.98253575e-02 -2.85960808e-02 -5.62124364e-02  2.56360732e-02
  7.01839849e-02  4.62961430e-03 -2.95978393e-02 -2.01861504e-02
 -5.39041087e-02  8.30554310e-03  2.11373810e-02  7.74802789e-02
  4.85389195e-02 -3.71891744e-02  8.18546042e-02 -7.14621693e-02
 -5.10438420e-02  1.76308472e-02  1.10244285e-02  1.10529242e-02
  7.99825788e-02  2.12191716e-02  1.11486167e-01 -3.09064370e-02
 -2.17682086e-02 -2.89324634e-02  2.91593578e-02 -2.93151028e-02
  1.45116560e-02  6.25951262e-03 -5.65954298e-02 -9.44417492e-02
  4.08653356e-03  9.50583145e-02 -3.12506407e-03  1.43636733e-01
 -5.43520926e-03 -3.65980007e-02 -4.69618291e-02  5.71021112e-03
  2.54820306e-02 -3.34398933e-02  1.40307248e-02 -4.76132743e-02
  6.34507611e-02 -1.78317912e-02  1.04188062e-02 -3.27132978e-02
 -7.61402771e-02  7.84942787e-03 -1.23197278e-02  8.54640752e-02
 -6.52041733e-02 -1.66092999e-02  8.59440416e-02  6.07701298e-03
 -2.14211270e-02  1.64203849e-02 -9.37876701e-02 -1.47807291e-02
 -3.06973904e-02  4.90171388e-02 -2.08654292e-02  9.84582528e-02
  4.76087369e-02  5.40004671e-02  3.85185867e-03  2.58497893e-33
  1.11808993e-01  3.67705934e-02  2.44632345e-02  5.48628718e-02
  7.45324418e-02 -4.86323377e-03 -1.91368330e-02 -2.56431196e-02
 -2.19458137e-02  1.43866530e-02 -4.94401604e-02  1.05064645e-01
  1.39459483e-02  4.36699390e-02  4.16287296e-02 -7.09468080e-03
 -5.65392189e-02 -3.65681164e-02 -2.37895939e-02  1.31124062e-02
 -1.30181271e-03 -2.29990333e-02  4.17638905e-02 -2.35717408e-02
 -4.77348045e-02 -4.29721773e-02  4.58697714e-02  3.03401817e-02
  3.48380837e-03 -5.64206159e-03  1.21184522e-02 -1.67014580e-02
  1.81450881e-02  3.05026136e-02  9.09862444e-02 -4.64130938e-02
 -7.66796842e-02 -2.48821788e-02  4.27876227e-03 -1.88685916e-02
  6.34070369e-04  2.75750495e-02 -1.13406397e-01 -4.02854905e-02
  7.05560669e-02  1.50917964e-02  3.55305821e-02  1.33365560e-02
 -1.11798547e-01 -1.69712529e-02  5.81557043e-02  9.09166038e-02
  5.64063080e-02 -2.20103730e-02  5.24752960e-02  3.16936709e-02
  8.71809721e-02 -1.83090307e-02 -1.47190997e-02 -2.56881043e-02
 -5.34779727e-02  1.45425517e-02  5.91367409e-02 -4.41980660e-02
 -4.46455181e-03  5.97111359e-02  6.55598193e-02  5.00704953e-03
 -1.09488241e-01 -2.54933145e-02  3.86098474e-02 -1.54936044e-02
  1.83935761e-02 -1.23656793e-02 -1.05448505e-02 -4.04231213e-02
  4.17914987e-02  2.19651964e-02  5.68307340e-02  3.30106840e-02
 -1.52425393e-02 -4.65448350e-02  7.78400898e-02 -4.02631275e-02
 -1.43427908e-01 -6.76423833e-02 -8.50968622e-03  3.26110646e-02
  1.00161254e-01  3.82751860e-02 -4.22384664e-02  1.29560111e-02
  4.21754271e-02 -4.44155224e-02 -7.74824694e-02 -4.22506135e-33
 -2.94954907e-02 -8.17955732e-02 -5.09878732e-02 -4.24245000e-02
 -1.09445617e-01 -5.72946556e-02  5.36116352e-03 -3.21277454e-02
  2.64264010e-02 -7.86430165e-02 -2.13819789e-03  5.62284850e-02
  5.61454296e-02 -3.56527674e-03 -7.05633429e-04 -4.03057560e-02
 -2.55417172e-02  1.10512823e-02 -5.38117159e-03 -6.14450313e-02
  7.49081671e-02 -4.63218987e-02 -1.28392011e-01 -2.75176838e-02
 -3.73922549e-02 -2.65701697e-03  4.55467664e-02  5.15320189e-02
 -1.48017546e-02 -3.27961445e-02 -3.88372950e-02  8.49891752e-02
  2.70755980e-02  5.34172519e-04  2.40349844e-02  1.11043535e-01
  2.05951557e-02 -4.38589603e-02 -3.48351337e-02 -5.79082333e-02
  2.05819979e-02 -7.82765374e-02  4.74047214e-02 -5.25213145e-02
  6.69552460e-02  6.05218532e-03  3.72104230e-04  7.04243630e-02
  3.86696979e-02  1.54825405e-03 -4.16577794e-02  6.02427917e-03
 -1.19258329e-01  3.26622948e-02 -1.22183198e-02 -1.68715906e-03
 -5.71177304e-02 -7.21799210e-02 -6.57972619e-02 -1.64947715e-02
 -2.57795453e-02 -9.97157022e-03 -4.21442129e-02 -6.71916753e-02
  2.52720639e-02 -4.54227440e-02 -5.21336831e-02 -1.05487123e-01
  8.65847021e-02  6.06451929e-02 -4.09354083e-03 -6.44084960e-02
 -7.91910365e-02 -7.24671930e-02  1.30434092e-02  9.57495626e-03
 -4.28026207e-02 -1.76863112e-02 -7.03419670e-02  3.32703292e-02
  5.19090239e-03 -2.55901068e-02  1.92413088e-02  3.83052696e-03
  3.21715996e-02  1.39855305e-02  6.31984696e-02 -7.14561790e-02
 -4.16119434e-02  3.79366763e-02  8.76139384e-03  3.39639224e-02
 -9.85985845e-02 -9.64073173e-04 -1.49868121e-02 -5.86650586e-08
  1.22920007e-01  8.23900625e-02  6.96979929e-03 -2.06059478e-02
  2.69419067e-02 -2.85298359e-02  5.60290599e-03 -2.22028028e-02
  1.08611658e-02  6.20711334e-02  6.11915737e-02  5.60786687e-02
  5.77347279e-02  1.41609432e-02  4.28977655e-03 -7.99528509e-02
 -2.51533370e-03 -7.56321028e-02 -5.44742383e-02 -1.19106928e-02
  5.06710857e-02  2.94730514e-02 -5.49490824e-02 -9.19660833e-03
  1.21727146e-01  2.51762755e-03  4.44228686e-02  7.02885985e-02
 -1.39805358e-02 -4.34349328e-02 -5.22594489e-02 -3.43317427e-02
  1.01114288e-02 -5.07723503e-02  3.54367495e-02 -2.65953913e-02
  1.75834652e-02  7.49683306e-02  5.70078455e-02 -7.94021785e-02
 -3.79923917e-02  3.95822264e-02  7.07819359e-03  4.71569672e-02
 -2.38762032e-02 -1.56871583e-02 -6.34409040e-02  1.07672671e-02
  3.42822149e-02  3.86515819e-02 -5.92814684e-02 -2.39742156e-02
 -3.13519910e-02  6.10852763e-02  1.42637575e-02  1.07985303e-01
 -5.88057525e-02 -2.66115889e-02 -9.07972232e-02  6.91387849e-03
 -5.90149965e-03 -8.55533853e-02 -1.04037218e-01  3.72274071e-02]",True,True
Big Blizzards Don&#39;t Disprove Climate Change,David Pakman,progressive,"but I believe the scientist, and that's the whole point. that's the whole point, uh, so you know, unfortunately, we have two people that are deniers. we have the people that are maybe aware that this is happening, but protecting big business, sure, and then you have the people that have actually been convinced that this is some liberal hoax, right? um, I suppose both are equally dangerous. Kevin trenberth is the former head of the climate analysis section at the national Center for atmospheric research and he explained that, basically, what we see here is: uh, these superstorms sweep in more water vapor as a result of of what he believes to be human-caused climate change and and warming of the uh ocean temperature, and that serves, as I mentioned, as fuel for these really big storms. and we've seen, even before this latest superstorm, a sort of long-term pattern of more extreme precipitation, more uh, uh in the Northeast, particularly during the winter, and climate scientists have long predicted that this was going to uh be exactly what we saw. I don't know at this point, Lewis, what it is that can be said to the deniers. uh, this is all backed by science. when it is cold enough to snow, so snowstorms will be fueled by more water vapor and thus become more intense. and still you get Fox News saying: despite it being bitterly cold in the Northern Plains in December, Congress keeps talking about global",0.502,"[-9.91776064e-02 -1.39155816e-02  4.99201417e-02  8.65450054e-02
  1.17380023e-01  1.68022346e-02  1.16924858e-02  2.66978126e-02
  2.01393217e-02  1.27484743e-03 -8.66058469e-02  1.80840623e-02
  6.54188246e-02 -1.82074979e-02 -5.75113930e-02  6.34142309e-02
 -3.51083688e-02 -1.05021514e-01 -7.42975697e-02  4.58159260e-02
  4.90825810e-02  3.96050215e-02 -4.86181341e-02  9.73336548e-02
  1.86322946e-02 -2.38508340e-02 -8.11813325e-02  5.16267754e-02
 -9.25219133e-02  9.81589034e-02  3.73918004e-02  6.08822852e-02
 -6.41794428e-02  1.60920229e-02  3.21828201e-02  3.66997905e-02
  2.69952659e-02  3.25873382e-02  8.18744972e-02  9.96427424e-03
 -3.57398763e-02 -1.16398290e-01  4.35116552e-02 -3.78065668e-02
 -8.60883594e-02  3.05076260e-02 -5.31145334e-02  7.94372428e-03
 -5.35107367e-02 -3.84797901e-02 -3.55972759e-02  2.28444804e-02
  5.13723306e-03 -5.49421692e-03 -9.34881344e-03 -3.56370248e-02
 -5.55918925e-02 -7.78084397e-02  8.02051567e-04  9.57472716e-03
  3.63339931e-02 -7.84393027e-03 -4.24797982e-02  2.85517909e-02
  1.73663720e-02  5.52497506e-02 -6.41815439e-02  1.61154326e-02
  2.47260109e-02  1.70072261e-03  4.75705303e-02  4.97940257e-02
 -1.14363777e-02 -4.20205370e-02  9.06648263e-02 -5.79855107e-02
  2.88085938e-02  3.82821150e-02  3.89385186e-02 -8.23967978e-02
  1.12190418e-01  1.23457974e-02  9.88780186e-02 -8.10947493e-02
 -1.92934386e-02  5.84121794e-02  2.33227480e-02  1.82669517e-02
  2.12563965e-02  3.37834507e-02 -8.05674642e-02 -1.11534230e-01
  1.56809520e-02  1.07670724e-01  2.13066060e-02  1.25918657e-01
  6.52677100e-03 -1.84802269e-03 -4.38425643e-03  1.28172396e-03
  4.80631925e-03 -5.29397540e-02 -1.03120105e-02 -8.54800642e-02
  1.79280248e-02 -4.95567136e-02 -1.49516407e-02 -1.20448051e-02
  9.81582422e-03 -1.80535093e-02  4.17703670e-03  3.62880342e-02
 -3.61838490e-02 -8.48181453e-03  3.29682752e-02  1.59614235e-02
 -4.56283130e-02  2.25458853e-02 -6.85789511e-02 -4.74346988e-02
 -2.78838500e-02  8.47557336e-02 -4.18003984e-02  8.25076029e-02
  1.39204547e-01  2.46704090e-02 -2.85973344e-02  2.74880079e-34
  1.28362566e-01  5.05390130e-02  3.82555798e-02  1.66622677e-03
  4.26680297e-02 -1.19235842e-02 -5.85485175e-02 -2.22140513e-02
 -4.62007187e-02  4.39103283e-02 -5.55555522e-02  2.48114411e-02
 -1.17321077e-04  7.65793175e-02 -1.72366314e-02 -1.76854320e-02
 -5.58555722e-02 -5.73500320e-02 -5.76444604e-02 -3.84766571e-02
  1.10830655e-02  1.30325276e-02 -2.20358111e-02 -5.06862737e-02
 -2.50244215e-02 -4.51511368e-02  5.85687384e-02  6.26948923e-02
  2.61898991e-02  3.21414806e-02 -1.12906069e-01  5.33942133e-02
  4.45404818e-04  4.68891338e-02  1.06848469e-02 -6.57375604e-02
 -2.26965845e-02 -4.54062894e-02 -3.69528309e-02  5.19068204e-02
  3.47311534e-02  5.33170179e-02 -1.19582601e-01 -1.73070766e-02
  9.41940993e-02  2.21671141e-03  3.78391221e-02  3.51007171e-02
 -7.99976215e-02 -4.95082736e-02  1.30694378e-02  6.32932112e-02
  2.41948105e-02  2.18678825e-02  3.29227597e-02  3.48484032e-02
  8.22983459e-02 -2.99791209e-02  5.34935035e-02 -4.27055359e-02
 -3.04669030e-02  6.77679107e-03  2.46709622e-02  2.65493896e-03
  1.16761681e-02  3.23778875e-02 -1.33632757e-02 -8.77772365e-03
 -7.54791722e-02  1.42744314e-02  6.55471056e-04  3.31462291e-03
  5.67735955e-02 -1.68519951e-02 -5.57147153e-02 -5.72009422e-02
  1.01862689e-02  7.17466846e-02  6.43237457e-02  9.80308577e-02
  8.42078775e-03 -5.19479401e-02  1.18964568e-01  2.26371344e-02
 -1.35907888e-01 -5.17476685e-02 -4.18425351e-02  2.66073607e-02
  2.78551448e-02  4.83570732e-02 -7.80234709e-02  6.56066230e-03
  6.18378073e-02 -3.06920465e-02 -6.36642799e-02 -3.67716563e-33
 -6.04525991e-02  2.96991467e-02 -1.98751828e-03 -1.64668337e-02
 -4.89609167e-02 -9.08997655e-03 -3.32056619e-02 -6.89314529e-02
 -1.31444847e-02 -4.33460250e-02  3.21941786e-02  4.27086949e-02
  3.21577825e-02 -3.63248214e-02  2.95754578e-02 -7.68379197e-02
  4.92875986e-02  7.23708048e-03 -1.53991692e-02 -8.42761174e-02
  2.58403420e-02 -5.26135527e-02 -9.65668112e-02  2.51179282e-02
 -7.45618390e-03 -2.41141226e-02  1.19546838e-01  8.56877118e-02
 -7.69050326e-03 -5.38934721e-03 -2.84195244e-02  7.41538107e-02
 -1.45283164e-02 -4.12153564e-02 -2.23543844e-03  9.34153199e-02
  5.10681681e-02 -3.79904546e-02 -4.93202955e-02 -8.92390385e-02
 -2.79745646e-02 -2.91039348e-02  1.41732413e-02 -7.71351010e-02
  6.17132755e-03  2.14276221e-02  6.04857542e-02 -4.46080783e-04
  2.69402238e-03 -8.47555604e-03 -4.08021025e-02 -1.82729289e-02
 -1.29723772e-01 -1.97368558e-03 -3.85262296e-02 -4.63284329e-02
 -3.85632887e-02 -7.93679506e-02  6.43389591e-04 -2.84212511e-02
 -8.99512961e-04  2.08762940e-02 -1.44806234e-02 -4.21570502e-02
  3.86067778e-02 -8.66874233e-02 -7.98108056e-02 -3.67415473e-02
  3.96315195e-02  5.18133417e-02  4.87599708e-02 -5.62735200e-02
 -5.50553016e-02 -4.74550612e-02  6.14825636e-02 -4.46562096e-02
 -6.64617419e-02 -4.63190041e-02 -5.58027923e-02  3.52437086e-02
  2.24921945e-02 -5.01436666e-02  1.54155921e-02 -8.26253090e-03
  7.17170238e-02 -2.57216375e-02 -2.88188900e-03 -4.08409126e-02
 -3.76158208e-02  3.79988924e-02 -6.77907020e-02  5.80062298e-03
 -8.47844481e-02  7.13581801e-04 -1.71199832e-02 -5.36469038e-08
  1.08227037e-01  4.85332124e-02 -3.96767743e-02 -1.85204390e-02
  3.39615047e-02 -1.75962541e-02  2.98019266e-03  6.41488656e-02
  4.56334231e-03  2.85430066e-03  3.38883884e-02 -1.98705364e-02
  3.32177691e-02  2.44945269e-02 -2.51197885e-03  1.36828283e-03
 -1.66023336e-02 -1.26568541e-01 -6.47696108e-02 -5.19155227e-02
  8.38669017e-02  1.14185233e-02 -4.76284772e-02 -1.12564806e-02
  6.42033592e-02  3.91481966e-02  3.69474366e-02  5.46334833e-02
 -1.88171957e-02  8.93033203e-03 -1.03122711e-01 -3.76164913e-02
 -5.98141626e-02  2.17535906e-02  3.21544670e-02  1.09206075e-02
  5.23298942e-02  1.06933691e-01  3.38489637e-02  9.82457958e-03
 -3.24857770e-03  1.59581751e-03 -1.41918538e-02  7.35791698e-02
  9.34433378e-03 -4.02505480e-04 -6.37299940e-02 -1.69377699e-02
  1.96376555e-02  8.57123062e-02  3.88582833e-02 -3.75960246e-02
  2.64068041e-02  6.38581291e-02  9.79195070e-03  4.86533903e-02
 -9.09430608e-02 -3.61107737e-02 -5.30412793e-02  1.00204721e-02
 -1.87524054e-02 -3.66307721e-02 -5.56445494e-02  6.55166432e-02]",True,True
Big Blizzards Don&#39;t Disprove Climate Change,David Pakman,progressive,"warming. they're not going to believe it, no matter what the science says, are they? no? because unfortunately Fox News also has on scientists- ones that are paid uh to, you know- conduct study studies that show the opposite of what we're talking about, absolutely, and It's Tricky. they- and the Dunning Krueger effect is a big factor here. the Dunning Krueger effect is this phenomena where someone doesn't have the cognitive capacity to realize why their reasoning or understanding of something is wrong. they say, oh, Global Warming, but it's cold and snowy, that's not warming. well, they don't get why. it follows logically, based on our understanding of climate change's impact on our planet, why climate change hypotheses would actually predict and suggest EX actly the extreme weather events that we've been seeing. Dunning Krueger effect is tough to overcome. the online news world is getting pretty cluttered with lots of nonsense. there's the so-called news sites that just rewrite news articles, and then there's the websites we all know that we just can't trust. lately I've been reading smash pipe, which is an online magazine that does original alternative news and satirical news with an Unapologetic perspective and a roving moral Center. smash pipe is less interested in trending topics than in what's actually going on, and smash pipe has no ads whatsoever other than reader generated classified ads and they never will smash pipe is what happens when you, on a bad day, stub your toe.",0.547,"[ 5.94863109e-03 -5.24979457e-02  8.97130668e-02  1.08876400e-01
  1.20359279e-01  1.91180985e-02 -4.34785448e-02  1.91648491e-02
  8.40519592e-02  5.53823225e-02 -7.54029602e-02  2.55191675e-03
 -1.35299871e-02  1.41121959e-02 -2.64902376e-02 -3.77018377e-02
 -1.76842436e-02 -3.51234414e-02 -8.68462846e-02 -1.97844543e-02
 -4.55220491e-02  8.97853542e-03  4.26470935e-02  4.68672141e-02
 -5.16221253e-03 -4.90530534e-03 -8.21701139e-02 -6.15973165e-03
 -7.94235170e-02 -1.70562696e-02  6.63074572e-03  8.06611478e-02
 -6.23959526e-02 -4.49792929e-02 -7.95474555e-03  3.13694961e-02
  3.11716250e-03  3.50135602e-02 -1.97019987e-02  4.67288718e-02
  1.34804624e-03 -6.27769679e-02  1.15467235e-02 -9.71840043e-03
 -3.77024747e-02 -1.24433748e-02 -2.24153325e-02  6.30707890e-02
 -3.74399275e-02  1.02315436e-03 -1.17157303e-01 -2.92172339e-02
 -1.60523448e-02 -1.14022028e-02 -1.49280066e-02 -6.32438809e-02
 -3.01480163e-02  5.78316823e-02  5.47580793e-02 -1.94455907e-02
  5.58151640e-02 -7.86413550e-02 -4.72962297e-02  1.74509306e-02
  1.01884026e-02  6.63277954e-02 -1.39910001e-02  4.48100083e-02
 -5.77165233e-03 -1.83879789e-02  5.69331609e-02  7.95467570e-02
  1.07101761e-02  2.49320380e-02  4.28565964e-02 -6.65767342e-02
  6.13273308e-02 -9.51578747e-03  9.14935842e-02  2.27902178e-03
  7.63658807e-02 -4.28584740e-02  6.51986245e-03 -7.94282928e-02
  2.71815993e-02 -3.13405730e-02 -2.49581840e-02  1.26657495e-03
 -3.98456566e-02  6.48087189e-02 -4.31689844e-02 -1.33157223e-01
  1.81342149e-03  3.14674452e-02  9.16791428e-03  1.00808062e-01
 -2.52867863e-02  1.65592469e-02  1.92792027e-03  2.44886763e-02
  8.49165581e-03 -4.43077274e-03 -2.34561954e-02 -3.74038741e-02
  3.03854030e-02 -6.75428584e-02 -4.63303290e-02 -4.97465953e-02
 -7.51735969e-03  4.12311479e-02 -6.95281550e-02  7.77923092e-02
 -3.64762545e-02  5.72990160e-03  3.30893733e-02 -5.20677343e-02
  8.86228904e-02  2.24315990e-02 -3.44709642e-02 -1.51688932e-02
 -3.46090607e-02  7.13625997e-02  5.54455770e-03  3.37415151e-02
  7.94314668e-02  1.11275064e-02 -8.01424384e-02  2.02703642e-33
  1.12949461e-01  7.23334178e-02 -7.78443180e-04  2.86915265e-02
  3.61501123e-03 -1.21009117e-02 -1.12966590e-01 -1.31075494e-02
  3.84014919e-02 -8.25559255e-04 -3.93283181e-02  8.93206447e-02
  4.00145911e-02 -1.72387008e-02  1.08328508e-02 -4.30026501e-02
 -9.11786258e-02 -1.04364464e-02 -4.64436710e-02  3.39098275e-02
  4.55878787e-02 -3.04477420e-02  5.00490703e-02  4.59064581e-02
 -3.52611430e-02 -4.79537845e-02  2.26734299e-02  7.38120750e-02
 -2.26330478e-02  1.52001530e-02 -2.01900527e-02 -3.37963551e-02
 -1.75161492e-02  2.94001810e-02 -3.41037735e-02 -9.20480043e-02
  9.73200798e-03 -5.81344031e-02  4.59626466e-02 -3.29585038e-02
 -6.74331486e-02 -1.83905978e-02 -7.66195431e-02  2.58092750e-02
  1.04426801e-01  5.17892502e-02  2.91601177e-02 -3.93571481e-02
 -1.17191315e-01  1.85449608e-02  2.37530805e-02  5.31997643e-02
  4.28219959e-02  3.06279007e-02 -9.86284763e-03  8.91884118e-02
  1.54360319e-02 -1.24170080e-01  2.68350891e-03 -8.52249637e-02
  2.45757326e-02  4.27227393e-02 -4.03285259e-03 -2.70497110e-02
  7.60918437e-03  6.88775629e-02  2.61640698e-02 -4.29594889e-03
 -1.09425470e-01  2.18131673e-02  5.14527224e-02  1.14097605e-02
 -3.84521447e-02 -4.18427289e-02 -6.27641752e-02 -8.06648564e-03
 -4.28451709e-02 -2.72669885e-02  4.83344682e-02  7.56451711e-02
  8.21564868e-02 -3.98455337e-02  6.66649342e-02 -2.36028377e-02
 -1.01068787e-01 -7.02372864e-02 -2.31330432e-02  2.39824206e-02
  3.81868407e-02 -2.14872998e-03 -2.64881887e-02 -1.83701664e-02
  7.21041635e-02  7.43903499e-03 -2.81355605e-02 -2.70654140e-33
 -6.89197332e-02 -5.53640015e-02 -2.55981786e-03  1.69399660e-02
 -9.13088173e-02  2.09008139e-02 -4.53319326e-02 -4.32431474e-02
  2.34536175e-02 -6.89377338e-02 -2.50115301e-02 -2.53471080e-02
 -1.09576881e-02 -9.16746072e-03 -4.21199761e-02 -5.56817465e-02
  2.77537704e-02  2.85094976e-02 -6.56560659e-02 -2.80426126e-02
  2.03276780e-02 -2.03397647e-02 -1.84184834e-01  3.37809026e-02
  5.91208711e-02  1.94778889e-02  3.40882577e-02  1.11275325e-02
 -7.41870981e-03  2.17778739e-02 -8.66092592e-02  4.09582667e-02
 -3.87893058e-02  9.52664390e-03  8.89250729e-03  1.57430708e-01
 -1.51035015e-03 -2.87002325e-02 -7.79356360e-02 -2.91781034e-02
  2.38428004e-02  5.05951792e-02 -1.12749571e-02 -9.72422883e-02
 -6.90852031e-02 -1.27026662e-02 -2.35783812e-02  1.15798317e-01
  3.05398107e-02  2.64944341e-02  9.67530385e-02  2.00312063e-02
 -3.68253291e-02  5.26328199e-03 -2.34475657e-02 -9.32564773e-03
 -5.53166158e-02 -4.14360389e-02  7.38330465e-03  7.03502223e-02
  6.27259025e-03 -3.35600763e-03 -5.00671230e-02  2.70937812e-02
 -3.16462852e-02 -1.14949241e-01 -2.52259802e-02  2.18380764e-02
  4.98038866e-02  4.15068194e-02  4.81576659e-02 -8.25736858e-03
 -2.95394864e-02 -1.03117265e-01  4.13675159e-02  8.60714614e-02
 -5.65592051e-02  2.33340003e-02 -1.58101749e-02  5.34917042e-02
  8.94810930e-02 -3.75862862e-03  7.54883885e-02  2.07985546e-02
  6.67980537e-02  2.07648352e-02 -5.73171582e-03  9.44011286e-03
 -2.52845660e-02 -7.17381155e-03 -5.33623882e-02 -6.91348761e-02
 -1.11992188e-01  1.12246186e-01 -1.63007379e-02 -5.21397077e-08
  7.42876455e-02 -2.06231438e-02 -3.88531275e-02  1.86285451e-02
  8.36506188e-02 -5.00576757e-02 -1.24718063e-02 -1.41261956e-02
 -7.13457493e-03 -1.61446016e-02  5.61204739e-02  4.45648879e-02
 -3.74230184e-02  7.17663988e-02  4.68746349e-02  3.76627818e-02
 -4.59708348e-02 -5.61488234e-02  1.05913570e-02 -2.60103792e-02
  5.41593097e-02 -3.15184183e-02 -2.30600722e-02  2.15021782e-02
  1.38700023e-01 -9.19309165e-03 -3.50223370e-02  5.75565919e-02
  5.37679233e-02  6.22246712e-02 -1.19099408e-01 -4.32549044e-02
 -8.22923407e-02  1.11727770e-02  4.06031646e-02  3.68644819e-02
  7.74766952e-02  9.44252685e-02  1.90621265e-03  4.52997275e-02
  3.72895226e-02  4.77685519e-02  2.74556689e-02  6.03411421e-02
 -3.81291769e-02 -5.56035936e-02 -4.53262329e-02  2.18836237e-02
  1.84315164e-02  3.29924524e-02  4.09173360e-03 -9.30000003e-03
  3.30151804e-02  2.63564996e-02 -2.71773804e-02  2.47803051e-02
 -3.62898447e-02  4.33389358e-02 -7.81365782e-02  5.50496615e-02
  1.57071408e-02 -2.71506310e-02 -6.53639063e-02  3.26839201e-02]",False,True
Island Nations At Risk RIGHT NOW Because of Climate Change,David Pakman,progressive,"I'm joined today by Dr Hugh cely, who is Professor in the Department of Public Health and preventive medicine at St George's University. uh, it's so great to speak to you. you know, when we talk about climate change and sea level rise, it's often sort of considered this problem that's somewhere out there in the future and we still have plenty of time to make sure there are no negative repercussions from it. but in Grenada, this is already an issue, and it's not just Grenada. I mean, there are a number of island nations around the world that are really experiencing the negative effects of climate change. talk to us first generally about that. uh, well, thank you very much for for having me on the show, David. um, yes, I'm a lead negotiator for the alliance of small island States, so um on on climate change issues and that this is an alliance of all the islands in the Caribbean, in the Pacific um ocean, in the Indian Ocean and in the Mediterranean. uh, we, we total 39 uh member countries in in all, and that's out of the 195 of us or so that that negotiate under the United Nations framework convention on climate change. so I represent a fairly large block of of countries that are particularly vulnerable uh to to climate change. matter of fact, we argue that, for the majority of our membership, climate change is not an economic issue. it it actually.",0.863,"[ 3.52303423e-02  4.55621630e-02  1.07283242e-01  6.24918658e-03
  4.84229587e-02 -1.06054470e-02 -7.31089562e-02 -1.41029879e-02
 -1.26210283e-02  7.40286801e-03 -4.38578241e-02 -1.94645859e-02
  4.32850309e-02  2.11117957e-02  7.31328176e-03 -3.46547551e-02
 -8.61964822e-02 -8.99314433e-02 -4.54297550e-02  5.72446100e-02
  2.01106239e-02  5.01094982e-02 -1.93081796e-02  4.21345495e-02
 -1.08204156e-01 -8.21073949e-02  4.45014313e-02  2.29009837e-02
 -6.45887032e-02  4.42930348e-02  9.81854973e-04  4.78062853e-02
 -1.70774870e-02  1.76740903e-02  8.96784663e-03  4.15380150e-02
  3.21982056e-02 -1.35715129e-02 -5.90891652e-02  4.64410800e-03
 -1.63106713e-02 -4.23534811e-02  5.08776829e-02 -2.52315458e-02
 -4.16212380e-02  1.39642972e-03  2.56118383e-02  2.25610845e-02
 -4.58132178e-02 -5.92153035e-02  5.04131205e-02 -6.82315277e-03
  4.62394627e-03 -7.25582317e-02 -1.75022352e-02  8.42672680e-03
 -2.27485877e-03 -6.37374222e-02 -6.07566722e-03 -8.79748538e-02
  1.43164005e-02 -1.41128618e-02 -4.96068746e-02  4.55544097e-03
  1.95743926e-02  5.83799509e-03  1.89466234e-02  1.20122045e-01
 -5.12173362e-02  2.77052913e-02 -2.04678252e-02  1.38000650e-02
  4.42239083e-02 -3.26993167e-02 -4.21787146e-03  5.55843767e-03
 -6.55877218e-03  3.35058719e-02  7.26893544e-02  1.83565840e-02
  9.95582864e-02  1.35893403e-02  2.35660113e-02 -4.36483026e-02
  3.99889089e-02 -6.71942532e-02  9.92183015e-02 -3.94966714e-02
  8.80379695e-03  1.16370711e-02 -1.85206737e-02 -4.85023018e-03
  1.51584595e-01  6.14684634e-02  5.93914166e-02  1.00790128e-01
 -3.08239758e-02 -4.94832881e-02 -2.53536962e-02  3.77942324e-02
  1.80985406e-02  4.41869861e-03 -3.91463488e-02 -2.48329900e-02
 -4.70065735e-02  5.24662668e-03 -3.19161303e-02 -6.74182773e-02
  1.55171463e-02  6.19038520e-03 -9.43361819e-02 -5.11957798e-04
 -6.63881451e-02 -3.33960503e-02 -3.66411055e-04  1.48532977e-02
  5.35607524e-02 -1.21184895e-02 -2.18758788e-02 -1.01466104e-01
 -8.14313721e-03 -8.86961818e-03 -8.10265094e-02  7.37109035e-02
  7.41780549e-02  2.98296232e-02  7.06034061e-03  1.34190156e-33
  5.90200387e-02  5.55517264e-02  8.67888797e-03  2.86941361e-02
  5.50905690e-02  3.74550000e-02 -9.85992253e-02 -3.17847729e-02
 -7.50985090e-03 -1.14703244e-02  6.99397875e-03  2.92960890e-02
  3.21769379e-02  5.30079193e-02 -4.22928222e-02 -7.42739951e-03
 -9.53592639e-03 -3.61388712e-03 -1.27174398e-02 -3.98399448e-03
 -1.15690781e-02 -4.79261205e-02  5.69737889e-02  3.75007913e-02
 -3.57030667e-02  1.90420281e-02 -3.21600586e-02 -3.16869915e-02
  6.13642484e-02 -2.88232788e-02  4.38364921e-03  3.11574899e-02
  3.31500708e-03 -1.40124699e-02  1.47102484e-02 -1.26227709e-02
  6.27746107e-04 -3.00969165e-02 -2.26623043e-02  6.66493028e-02
 -2.15884056e-02  7.45320169e-04  4.26546857e-03  4.40329872e-02
  8.28641728e-02 -3.72885838e-02  1.40104726e-01 -1.13903405e-02
 -7.56648183e-02  2.47644894e-02 -4.96208221e-02  5.46880960e-02
 -3.53290737e-02 -9.80703905e-02 -3.01871635e-03 -4.98000048e-02
 -4.01716307e-02  1.14466650e-02  2.57313084e-02 -6.25973120e-02
  2.18782062e-03 -1.90263633e-02  7.04166517e-02 -7.30716512e-02
  3.05862390e-02  5.00807650e-02 -1.35826981e-02 -1.28758987e-02
 -2.74157058e-02 -5.07044308e-02 -1.14639597e-02 -3.63805033e-02
  4.08760458e-02  5.81958070e-02  1.36943776e-02  5.94272614e-02
  1.37173235e-02 -1.86424255e-02  6.02267794e-02  8.87004542e-04
 -6.20015822e-02 -6.30395580e-03  4.72182669e-02  1.01259230e-02
 -2.01999750e-02 -9.41650644e-02 -2.26506591e-03  2.28447411e-02
  1.18359268e-01  1.42971706e-02 -3.26707065e-02 -6.85843527e-02
  1.04078867e-01  2.95645390e-02  3.93842198e-02 -5.02082216e-33
 -8.06386210e-03 -2.86267214e-02 -6.52036921e-04 -4.32253517e-02
  1.42496554e-02 -2.55676582e-02 -5.00841346e-03  1.74437296e-02
 -9.85768810e-03 -1.07823379e-01 -6.37529278e-03 -1.82753559e-02
 -3.23851034e-03 -4.74704169e-02 -2.07611881e-02  2.02062191e-03
  6.89109564e-02 -9.47710499e-03 -5.48799001e-02 -4.36929129e-02
 -1.11374546e-04 -2.37601306e-02 -3.11977929e-03  5.90655431e-02
 -1.54544571e-02  4.42244150e-02  8.46982449e-02 -7.62677416e-02
  4.48802300e-02 -9.55244526e-02 -4.70694713e-02  1.50937274e-01
 -6.73575848e-02  3.10607534e-02 -7.97750577e-02  7.74370134e-02
 -5.69094382e-02 -6.34469092e-02 -2.48540696e-02  1.42517556e-02
  9.90719199e-02 -6.68685362e-02  7.04054162e-03 -5.62608317e-02
 -4.66067344e-02 -2.25747619e-02  4.58442606e-02  4.85761017e-02
  3.50902490e-02 -2.12088833e-03 -2.03627851e-02  4.35081609e-02
 -2.84446478e-02 -2.42568329e-02  1.02728494e-01 -1.00988392e-02
  3.05141825e-02 -2.80109663e-02 -3.04648075e-02  5.23003946e-05
 -8.07719827e-02  1.98383480e-02 -1.32415397e-02 -9.54567548e-03
  4.52350043e-02 -9.06858593e-03 -5.10486178e-02 -6.01156950e-02
  1.42281547e-01  7.86705315e-02 -2.72740405e-02 -1.98546220e-02
 -8.26941207e-02 -1.75059289e-01  6.72871321e-02 -9.59546864e-03
 -6.55621886e-02 -9.51919407e-02 -7.71732852e-02  8.57271196e-04
 -4.68911044e-02 -6.25332147e-02  7.82322511e-03 -1.46277016e-02
  2.94143939e-03  1.63264424e-02  1.18592673e-03 -4.08372954e-02
  4.71465662e-02  9.27519724e-02 -1.09927535e-01 -3.49023379e-02
 -5.54664880e-02 -6.02942705e-02  1.56264857e-03 -5.96600813e-08
  1.11805022e-01 -5.48161287e-03  5.38949929e-02  4.04625386e-02
 -1.97018161e-02  1.59607315e-03 -3.76083143e-02  8.30278993e-02
 -6.16592057e-02  8.73415247e-02  4.52098846e-02  4.19400185e-02
  7.49152079e-02 -8.37656036e-02  2.90572010e-02  3.09480801e-02
  1.55275725e-02  5.43686338e-02 -7.47367963e-02 -8.57938454e-02
 -6.70123994e-02  4.65652980e-02 -6.10199720e-02  7.96476472e-03
  2.98466198e-02 -8.20115488e-03  7.43972212e-02  6.87567517e-02
 -1.46709327e-02 -6.73175007e-02  2.19094893e-03 -3.58082727e-02
 -1.10478804e-01  1.39315221e-02  2.95058787e-02 -1.16741002e-01
 -1.73184497e-03  4.56823558e-02  1.06169730e-02 -4.86820703e-03
 -3.20692472e-02  9.19645876e-02 -3.15082632e-02  7.85995796e-02
 -3.92370000e-02 -4.30172011e-02 -4.83544394e-02  9.42767560e-02
 -3.95107828e-02  4.15478833e-02 -3.22762206e-02 -1.28730200e-02
 -4.50503528e-02  5.23854643e-02  2.66730394e-02  5.17293327e-02
  9.20007750e-03  1.88420229e-02 -2.63637397e-02  7.27546215e-02
 -7.65552819e-02 -1.35803208e-01 -1.15133487e-01  5.93884708e-03]",False,False
Island Nations At Risk RIGHT NOW Because of Climate Change,David Pakman,progressive,"threatens our, our actual existence and- and you mentioned uh sea level rise, of course that is- that is a particularly Insidious uh threat. uh in in our region of the world, the, the, the the sea levels are are are rising at around uh 3 mm uh per year. uh, that that may not sound uh like much, but when you add that up over over decades, uh it, it will just consume all of our low lion infrastructure. now, to play Devil's Advocate on that piece for a second, you will have what what I call climate science deniers who say: you know the thing is, David, when you're talking about 3 millimeters, uh, this could be cyclical, right, we could see 30, 40 Years of a 3 millimeter rise per year and then, just by the natural cycles of our planet, you will see a a drop in the sea level. what science do we have, if any, that might do away with that talking point? well, the, the latest report of the intergovernmental panel on climate change, the ipcc, which is this: this group of hundreds of of of scientists that do, yes, represent God. so, yes, there is some politics in there, but they don't generate the science themselves. they screen all of the scientific Publications and they come up with a report once every five to seven years and the latest report from them, the fifth assessment report that that we have. that came.",1.0,"[-8.29622522e-02  5.01208473e-03  5.74698262e-02  3.32676508e-02
  2.77909487e-02  5.06461598e-03 -7.03283697e-02  5.39784878e-03
  6.70779943e-02  1.49624813e-02 -4.43896502e-02 -8.69763792e-02
  2.17991751e-02  3.35861444e-02  4.10790928e-02  2.18234546e-02
 -1.15124881e-01  8.86331021e-04 -8.87449458e-03  3.78827937e-02
  2.43209526e-02  1.02403268e-01 -1.60920117e-02  7.29853660e-02
 -1.18183315e-01 -6.60635829e-02 -1.67435836e-02  6.10270258e-03
 -8.45123008e-02  6.37198314e-02 -7.43313646e-03  1.06549323e-01
  2.29443125e-02 -3.06310095e-02  2.47182567e-02  3.39749008e-02
  4.33676839e-02  6.81430772e-02 -2.16296315e-02  6.49144035e-03
  4.06719334e-02 -8.23792741e-02 -2.95902789e-03  4.52502333e-02
 -6.54364824e-02  2.99477018e-02  3.74088716e-03 -2.11103801e-02
 -8.67367610e-02  8.51396879e-04 -8.02941993e-02 -8.57242290e-03
 -2.30141673e-02 -4.89007169e-03 -3.22716683e-02 -7.36745745e-02
 -3.80922370e-02 -7.11519048e-02  4.82405908e-02 -5.12218773e-02
  6.23877831e-02  1.86636299e-02 -6.52872100e-02  1.36951171e-02
  7.55181909e-02  7.66452728e-03  6.71060523e-03  2.67151110e-02
 -1.98495537e-02  2.28695665e-02  2.05019750e-02  4.96412814e-03
 -4.97021992e-03  2.49784812e-02  6.69553429e-02 -4.15368825e-02
 -2.96102953e-03  1.37576577e-03  1.34673491e-01 -5.06275557e-02
  5.54377884e-02 -5.90085890e-03  1.74445566e-02 -6.43134639e-02
 -4.51612882e-02 -1.10685518e-02  3.73042263e-02 -1.94864459e-02
 -2.80309990e-02 -1.76035531e-03 -2.60430966e-02 -9.27193835e-02
 -1.62449460e-02  8.01170096e-02  1.82937738e-02  1.14125960e-01
 -2.05003154e-02 -1.02813944e-01  6.65903240e-02  5.25006987e-02
 -3.72428680e-03  3.62172276e-02 -8.64001289e-02 -3.48301083e-02
 -2.97372416e-03 -1.37285590e-02 -3.33233085e-03 -5.81102371e-02
 -2.57614348e-02  8.48330185e-02 -2.70982292e-02 -4.50764298e-02
 -1.33085534e-01 -1.96077563e-02  2.01400183e-02  3.09678577e-02
 -3.01374006e-03 -2.94251367e-02 -6.00045547e-02 -7.60411769e-02
 -7.90728256e-02  5.42554930e-02 -2.44155694e-02  1.10719137e-01
  7.16305450e-02  4.87639569e-02 -1.29372962e-02  7.12518967e-34
  6.93709403e-02  4.91301790e-02  4.34803665e-02  3.92276011e-02
  1.11757619e-02  1.30786411e-02 -1.64825302e-02  1.58260239e-03
 -3.99611257e-02 -2.69353651e-02 -6.21255673e-02  9.61916968e-02
  5.06431237e-02  5.71477227e-02 -2.84145921e-02 -5.46643808e-02
  4.70383130e-02 -2.94938870e-02  9.18152463e-03 -8.39196667e-02
 -4.91118729e-02 -5.94891272e-02  2.12066993e-02 -3.71060520e-02
  2.07021367e-02 -5.71871437e-02 -1.48398895e-02 -2.58971956e-02
  2.82744188e-02  1.28976973e-02 -5.97678311e-02  4.36115339e-02
 -5.94753511e-02 -3.50657403e-02  2.49159113e-02 -1.96886715e-02
 -1.24217449e-02 -1.61030162e-02 -5.86928539e-02  6.36286661e-02
  3.07644680e-02  3.03545855e-02 -2.56707501e-02 -1.53156063e-02
  7.83265233e-02 -3.71016073e-03  8.24399740e-02  1.10552851e-02
 -9.47151706e-02  3.84538360e-02  3.35556306e-02  6.61697313e-02
 -1.59120858e-02 -6.65044785e-02  6.37277868e-03  6.25137938e-04
  1.71006918e-02 -5.54237477e-02  7.12332781e-03 -1.65607724e-02
 -1.42088197e-02 -1.15745831e-02  3.14593203e-02  4.32228185e-02
  5.35105765e-02  1.29884211e-02 -1.82770342e-02  6.82958364e-02
 -2.33379025e-02  5.51893339e-02 -6.01190664e-02 -3.30629423e-02
  5.10947257e-02  2.13195663e-02 -1.70516539e-02  1.26141002e-02
  2.03544628e-02 -1.69255212e-02  3.10418941e-02  5.78921512e-02
  1.02600493e-02 -2.26884969e-02  8.46020505e-02 -3.81853357e-02
  2.30694283e-03 -5.49637713e-02  7.31831323e-03  2.10510995e-02
  1.67192668e-02 -7.14722723e-02 -2.54698545e-02 -3.01682837e-02
  9.70466137e-02 -1.16522433e-02 -7.67725557e-02 -3.96216718e-33
 -1.09846191e-02 -1.38801858e-02 -5.42036146e-02  1.41411899e-02
 -5.44686392e-02 -8.01455751e-02  1.29185719e-02  1.23237982e-01
 -3.25220004e-02 -6.20381162e-02  5.72542548e-02  1.95878390e-02
  6.58859015e-02 -6.42130747e-02 -1.95904006e-03 -5.79833724e-02
  1.78838000e-02  6.37622457e-03 -8.54168236e-02 -3.05265617e-02
  3.09749171e-02 -6.93155453e-02 -5.23155332e-02  1.41996210e-02
 -8.40512514e-02  1.05658965e-02  4.73401211e-02 -1.07880845e-03
  5.78225870e-03  4.85214517e-02 -1.15034781e-01  2.95285825e-02
  2.19514500e-02 -4.62997034e-02 -1.26104392e-02  5.55904508e-02
  3.77874635e-02 -7.41497353e-02 -4.87778075e-02 -4.05661315e-02
 -2.30722111e-02  2.53787711e-02  1.00634526e-02 -9.10368189e-02
 -4.32366831e-03  2.66248472e-02  7.80185461e-02  1.31457359e-01
  2.84706452e-03 -5.85654099e-03  4.13620519e-03 -6.29106387e-02
 -4.83248346e-02 -6.92238985e-03 -7.89478887e-03  2.61131357e-02
  2.31140777e-02 -1.27727147e-02 -2.69166175e-02  7.59237185e-02
  6.72047436e-02 -7.71194557e-03  3.46520287e-03 -1.35216312e-02
  3.50303613e-02 -4.90239300e-02 -1.56765915e-02  5.89572378e-02
  3.37859243e-02  9.78220627e-02  4.17247005e-02  2.06882879e-02
 -5.84090427e-02 -7.27528036e-02  2.81007234e-02 -4.66513969e-02
  2.68385820e-02 -7.46208197e-03  1.64494254e-02  6.11652210e-02
  5.83758913e-02 -1.65987480e-02 -3.05373012e-03 -1.34766335e-02
  7.36980215e-02 -8.00017193e-02 -2.68073976e-02 -3.69899385e-02
  4.00940189e-04  3.41889076e-02 -1.09435908e-01 -7.56437704e-02
 -1.18435249e-01  4.97877412e-02  1.86663456e-02 -5.44500729e-08
  8.03457424e-02  4.50522453e-02  8.65895897e-02  3.83881107e-02
  8.63350034e-02  9.55889374e-03  1.85682848e-02 -1.70892384e-02
 -2.67067831e-02 -6.25895262e-02  7.77061731e-02  7.68204685e-04
  5.03739007e-02  2.38956921e-02  6.53858704e-04  2.70401035e-02
  5.07323071e-03 -2.92658918e-02 -7.10492805e-02 -3.20724845e-02
  3.06168851e-02  1.01757288e-01  2.73816213e-02 -2.99156159e-02
  6.47218749e-02 -2.04947195e-03 -1.00717915e-03  1.23772129e-01
 -4.72128987e-02 -6.85455427e-02  3.91088938e-03 -7.76702240e-02
 -3.78384590e-02 -2.23208149e-03  3.52034578e-03  2.65570860e-02
 -1.10849537e-01  6.16578497e-02 -2.87308898e-02 -1.33369165e-02
 -1.40034873e-02  4.73036803e-02 -3.77884097e-02  5.96978664e-02
  2.48916987e-02  3.81481950e-04 -1.07673422e-01  4.13183346e-02
 -1.58526767e-02  1.61131993e-02 -6.72161505e-02  8.98634568e-02
  7.80941406e-03  2.01428775e-02  3.72715155e-03  5.79658188e-02
 -1.06446676e-01 -1.79218948e-02 -1.61906257e-01  3.08308355e-03
  2.44731866e-02 -1.28899574e-01 -3.61716934e-02  7.24535808e-02]",False,False
Island Nations At Risk RIGHT NOW Because of Climate Change,David Pakman,progressive,"out, oh, about two years ago now, was unequivocal: in, in, in scientific terms, when, When someone tells you that that they're 95% certain in science, that means we can't have any more certainty that that, one, climate change is occurring and two, that mankind has caused climate change, and perhaps, three, that we run out of time, that that the climate change is already occurring. H it's, it's, it's a runaway uh train that that that we're facing now and and we have very, very few years to to drastically change our emissions trajectory if we hope to remain below two degrees uh celsus of warm, and on us small Islands, we, we, we said that even 2° was too much and we've asked for a 1 to to limit warming to 1.5° above pre-industrial times, and that was a, a success that we got in Paris, uh, in in 2015, yeah, so as far as that goes, I mean when my audience hears you say, well, you know, two, two degrees Celsius was too much, so we, we insisted on 1.5 and we got it. whatever sort of Target point is put out there, what really matters is what the policy is that will help us to achieve that right, and there's this idea that it may already be too late. I mean, what? what's the degree to which activities on our planet would need to change in order to achieve that? we're running out of time. the",0.993,"[-3.93564301e-03  3.20242494e-02  1.11409687e-01  9.27809030e-02
  1.13461837e-01 -6.50986433e-02 -3.10943779e-02  5.33518679e-02
  3.70053388e-02  3.80727053e-02 -1.12965256e-02 -1.25553951e-01
  8.48960690e-03 -2.45914105e-02  1.75832026e-02 -3.87082137e-02
 -7.55877793e-02 -4.50156778e-02 -1.01852633e-01  2.33593583e-02
  3.25638684e-03  3.16376425e-02  3.45137827e-02  7.08242506e-02
 -3.53292711e-02 -5.20255305e-02 -8.40101317e-02  3.42401490e-02
 -8.91539380e-02  7.98387155e-02 -2.81271078e-02  8.61670449e-02
 -3.75023112e-02 -9.25185159e-03  1.15584806e-02 -1.09885307e-02
  4.20640828e-03  2.17488762e-02 -2.29261257e-02  2.67613195e-02
  6.25315588e-03 -6.76872358e-02  1.23227313e-02  2.55726036e-02
 -6.57078102e-02  4.64715473e-02 -1.40288416e-02  2.92942673e-03
 -5.83868921e-02  2.14926824e-02 -5.90040125e-02  2.77128033e-02
  4.58253734e-03 -1.06986940e-01 -3.98865156e-02 -1.37185762e-02
  4.16058041e-02  6.26168028e-02 -1.69301163e-02 -4.98848520e-02
  2.58510094e-02 -6.40377775e-02 -9.24770311e-02  3.97215188e-02
  5.77215180e-02  9.65431042e-04 -5.91844693e-02  1.06569398e-02
 -5.22676967e-02  9.09752846e-02 -2.68004406e-02  2.73010880e-02
  4.50394489e-03  3.69820297e-02  6.16967641e-02 -6.05964996e-02
 -2.59954785e-03  8.10201317e-02  1.32025450e-01 -4.08525430e-02
  9.79180336e-02 -6.55771717e-02  4.82489960e-03 -6.57196864e-02
 -3.45949754e-02 -3.38660404e-02  6.73042536e-02  1.24675622e-02
  7.25618601e-02 -6.20136037e-02 -4.92407568e-02 -8.50623623e-02
  6.33812249e-02  1.08792491e-01  6.79271892e-02  9.40252617e-02
 -2.83308718e-02  1.74584389e-02  3.62752527e-02  2.08315868e-02
 -1.05821369e-02  3.92591134e-02 -4.85757142e-02 -3.59520428e-02
 -1.59218349e-02 -6.02599010e-02 -4.69278432e-02 -6.69251978e-02
  2.49502417e-02 -1.98611058e-02 -4.64824438e-02 -5.11879921e-02
 -2.52783205e-03 -2.05939561e-02  4.26598750e-02 -2.13455800e-02
  2.93831173e-02  4.20651063e-02  4.66145622e-03 -6.74661845e-02
 -7.87803382e-02  5.31998128e-02 -1.97976008e-02  2.17178203e-02
  2.33381446e-02 -4.36454751e-02  5.07587940e-02  1.97879436e-34
  5.68072908e-02  5.96123785e-02 -2.16668565e-02  9.69616026e-02
  1.67936403e-02  2.67040711e-02 -1.28465444e-01 -1.11511797e-02
 -2.88330927e-03 -1.77855715e-02  5.40615283e-02 -2.19234005e-02
  2.61422880e-02  6.30488098e-02  3.45613621e-02 -2.57189907e-02
 -2.43589468e-03  3.16387392e-03  8.12926963e-02 -3.28370295e-02
 -1.30071612e-02  2.07095384e-03  3.31558622e-02 -3.82475704e-02
  4.53819223e-02 -2.79410370e-02  2.24018749e-02  4.90467213e-02
  5.56716882e-03 -4.06865589e-03 -2.30593719e-02  3.01241521e-02
 -4.90043610e-02 -4.05959524e-02  1.23822242e-02 -9.45421830e-02
  2.62094401e-02 -9.00089461e-03  4.84519918e-03  5.04281521e-02
  5.07968757e-03  1.78139564e-02  2.17131171e-02 -1.42418928e-02
  6.75351247e-02 -1.65958609e-03  2.17703376e-02 -3.47650028e-04
 -8.53551850e-02  3.95965464e-02 -4.10877652e-02  7.05245435e-02
  3.72482128e-02 -5.92703931e-02  3.15658823e-02 -2.56465469e-03
  4.24988531e-02 -2.46699173e-02 -3.03989910e-02 -5.44349179e-02
 -1.23652080e-02  6.88537732e-02  1.29144052e-02 -5.24984412e-02
 -1.95597205e-02  5.06566949e-02 -6.65597543e-02  6.95946114e-03
 -7.86812529e-02 -1.83151767e-03 -2.97755208e-02 -3.30111124e-02
 -4.23800200e-02 -5.74148223e-02  1.90035831e-02  1.22109556e-03
  8.50512832e-02  4.76454832e-02  5.21461554e-02 -2.27386970e-02
 -8.25351551e-02 -7.42178485e-02  2.34105182e-03 -4.86108735e-02
 -7.04208687e-02 -9.79179293e-02  6.18609600e-02  4.08385135e-02
  2.42921729e-02  1.32601866e-02 -3.48282568e-02 -4.03679051e-02
  1.57584716e-02  2.84134243e-02 -4.24817316e-02 -4.00792036e-33
 -7.05682486e-02  1.25326877e-02 -3.06931464e-03  8.02609175e-02
 -3.90962847e-02 -2.32374035e-02 -1.71906743e-02 -2.15656236e-02
  2.53007915e-02 -9.54699069e-02  1.96319576e-02 -3.25728534e-03
  6.85177594e-02 -7.94371665e-02 -3.82476151e-02 -2.61346158e-02
  3.03156557e-03  3.05020120e-02 -7.16537908e-02  2.38930564e-02
  1.48434294e-02 -6.85969964e-02 -1.05721764e-01  6.63910210e-02
 -4.34908010e-02  4.65409495e-02  8.28884542e-02 -8.70434847e-03
 -5.66360466e-02 -7.52466246e-02 -1.45779818e-01  2.29653530e-02
 -5.37318066e-02 -3.62285064e-03 -5.60542103e-03  3.10961977e-02
  7.33746514e-02 -2.22803578e-02 -1.00382723e-01  4.62389272e-03
 -4.34760042e-02 -2.07127295e-02 -8.70902315e-02 -2.93191951e-02
  3.58429272e-03 -5.14495671e-02  3.74092534e-02  2.18624603e-02
 -1.04996031e-02  4.60945591e-02  7.33909607e-02  1.23132206e-02
 -8.83127451e-02  5.31804888e-03  2.97811674e-03 -1.27763730e-02
 -2.60170549e-02  1.15732932e-02 -3.52557041e-02  2.76193749e-02
 -2.37740651e-02  1.78250652e-02 -5.32006146e-03 -1.89070906e-02
  2.28581559e-02 -3.80971655e-02 -1.01181157e-01 -3.52497539e-03
  7.91156963e-02  8.35143551e-02  5.05792089e-02  1.34524303e-02
 -8.52216110e-02 -7.26603717e-02  3.33807766e-02 -7.09702400e-03
  6.53513195e-03 -1.01525515e-01 -7.10550882e-03  5.03724329e-02
 -1.67663842e-02  5.64075029e-03  6.87766820e-02 -7.40440516e-03
  3.44728567e-02 -6.60563484e-02  1.16009759e-02 -2.72783656e-02
  1.98278371e-02  5.28962128e-02 -4.46895733e-02 -5.98837668e-03
 -5.33229597e-02  2.98170689e-02 -2.81058364e-02 -6.09587261e-08
  7.87707865e-02  6.35104626e-02  4.68199961e-02  3.15475315e-02
  1.07208565e-01 -2.42998470e-02 -1.49805266e-02  4.44881571e-03
 -1.07775433e-02  7.24856229e-03  3.73394899e-02  1.10267714e-01
  8.14763680e-02  2.14057807e-02  4.44444716e-02 -6.49853889e-03
  2.88121235e-02 -2.26711221e-02 -3.44332643e-02 -2.00919770e-02
  4.39386182e-02  6.50917292e-02 -7.76469707e-02 -4.11803909e-02
  5.05152941e-02 -5.21879457e-03 -2.61583924e-02  1.26312077e-01
 -5.94632253e-02 -6.41325489e-02 -6.93725199e-02 -9.73265469e-02
 -2.48666145e-02 -3.94381024e-02 -1.02720747e-03 -5.20956926e-02
 -1.68674737e-02  4.95112538e-02  4.63222489e-02 -4.97900061e-02
 -1.22258672e-02  6.61550015e-02  5.54785086e-03  1.20500401e-01
 -3.51435016e-03 -5.05258366e-02 -1.91326011e-02  3.42817232e-02
 -3.53384428e-02  2.59159636e-02 -8.48565716e-03 -1.40161393e-02
 -6.70716614e-02  5.96430786e-02  1.91689655e-02  6.31887838e-03
 -1.08044423e-01  2.38547325e-02 -1.46092966e-01  2.68593933e-02
  5.70484139e-02 -1.60832554e-02 -1.19606391e-01  2.38022618e-02]",False,False
Island Nations At Risk RIGHT NOW Because of Climate Change,David Pakman,progressive,"the. the latest science that we have, um says that we have a very, very limited carbon budget, if any carbon budget left at all, to remain below 1.5 degrees cus. so I'm I'm I'm being realistic and recognizing that to achieve this 1.5 degree goal will require a Herculean effort on the part of all Nations. this is like a global Marshall Plan that we're asking for as small islands and we recognize that, and it's going to be very, very hard to turn around a fossil fuel world and and make that transition in our in our energy sectors, but we have to do it. in the Solomon Islands, there are already five islands that, since 1947, have gone completely underwater. there are a number of of tourist Islands, uh, off the coast of of Thailand, that have had to suspend tourist activity because of sea level rise and the impact that it's had on coral reefs. is your sense that in the next 50 years, it's just inevitable that there are going to be some parts of the world that used to be places of business, places of Tourism, that will have to be abandoned by by the human race? yes, uh, I think that's now inevitable. I think that we have- we have locked ourselves into at least one meter of of sea level rise in in. in US terms that's a little bit over 3 feet. that that's inevitable. that will occur no matter what.",0.998,"[ 2.66166404e-02  5.28468750e-02  3.84893566e-02  3.23253386e-02
  9.72031355e-02 -8.18166807e-02 -8.59889016e-02 -8.48353654e-02
 -6.19712360e-02  6.02452531e-02 -2.75272187e-02 -8.48834664e-02
 -8.75290297e-03  9.16070268e-02  1.13852620e-01 -3.62150334e-02
 -1.11549102e-01 -8.25896114e-02 -4.23921794e-02  3.10439449e-02
  5.07572703e-02  5.22909090e-02  2.62689753e-03 -1.35934586e-02
 -6.21894412e-02 -5.52583709e-02  2.92131249e-02 -8.77177063e-03
 -4.99252044e-02  3.82799581e-02 -4.86345030e-02  1.03910953e-01
 -8.65533203e-03  1.63934776e-03  7.75626078e-02  1.39650971e-01
 -7.39483908e-02 -1.68984178e-02  5.85628748e-02  2.41022930e-02
 -5.81562780e-02 -9.57035273e-02  1.65559333e-02 -2.34928057e-02
 -5.34773134e-02 -4.46504131e-02  5.51721919e-03 -3.09288017e-02
 -4.27670106e-02 -6.61081523e-02  1.50355827e-02  5.22437394e-02
  4.37526079e-03 -9.39014405e-02 -4.56371084e-02 -6.10546134e-02
 -3.76921371e-02 -1.24189839e-01  4.53944467e-02 -1.02925532e-01
  1.06420346e-01 -9.79219973e-02 -5.80811000e-04 -1.49312243e-02
  2.08839532e-02  2.29530819e-02  1.37292659e-02 -1.48004573e-02
 -6.12783954e-02 -2.28769463e-02 -1.81827750e-02 -5.16366325e-02
  2.18344983e-02 -3.93745154e-02  1.04510235e-02 -2.11587455e-02
 -1.11302417e-02  3.81578952e-02 -2.16112635e-03  9.08194296e-03
  6.30951449e-02 -2.32575461e-02  2.97328737e-02 -6.04229793e-02
 -3.94068062e-02  6.06059022e-02  1.00104567e-02 -5.09958230e-02
 -1.01385377e-02 -3.40081267e-02 -3.43787894e-02 -3.50595452e-02
  9.37233716e-02  2.04389933e-02  3.19954678e-02  9.57647413e-02
 -4.20315228e-02  4.88395579e-02  3.42576280e-02 -2.40081828e-02
  2.14799568e-02  3.27092893e-02 -7.52422260e-03 -8.02382007e-02
 -5.13216741e-02 -1.32776741e-02  4.97402102e-02  2.90890448e-02
  4.17297110e-02 -2.75004632e-03 -9.90414992e-02  2.58814637e-03
 -7.80146709e-03  1.08432174e-02  1.78699847e-02 -2.65031378e-03
  5.18464968e-02 -1.13919482e-03  4.31321338e-02  2.13419832e-02
 -2.98875067e-02 -3.68685238e-02 -4.32142802e-02  1.04597732e-02
  4.17677723e-02  5.09024523e-02 -2.99510546e-02 -1.00401847e-33
  4.26296629e-02  6.60989285e-02  2.66282372e-02  1.83060877e-02
 -8.61408282e-03 -3.70664373e-02 -4.57646661e-02 -6.78859055e-02
 -2.44173780e-02 -1.96243413e-02 -9.70289949e-03  5.92138991e-02
 -9.20442585e-03  6.30539209e-02  4.91032377e-02 -3.54751758e-02
  4.38698232e-02 -7.76823610e-02  5.12122661e-02 -4.79629561e-02
  5.41156754e-02 -5.20879589e-03  4.38560285e-02 -4.32604440e-02
  5.10836057e-02 -5.37269749e-02  4.88919243e-02 -1.63852479e-02
 -1.12252049e-02  1.60522331e-02 -4.07561772e-02 -3.70243564e-02
 -2.23918241e-02 -6.21344335e-02 -1.51799852e-02 -3.16734761e-02
 -8.00569355e-03  5.44252582e-02 -4.56391908e-02  1.43929226e-02
 -2.23692134e-02  6.56934679e-02 -3.28495465e-02  2.47526303e-04
  3.20498943e-02  5.48069403e-02  1.55683607e-01  7.69396275e-02
 -9.56069306e-02  6.38167635e-02 -5.14079407e-02  1.48469219e-02
 -8.48505497e-02 -6.46820366e-02  1.40548702e-02 -8.70770589e-02
  3.19840275e-02 -7.86091834e-02 -9.91745666e-03  1.07868435e-02
  6.02688221e-03 -2.14267895e-02 -3.58173214e-02  1.50294527e-02
  5.23770861e-02  1.07692130e-01  5.80337346e-02  6.05014078e-02
 -3.64161693e-02 -4.93063144e-02  1.52845047e-02 -6.48155957e-02
 -3.91138233e-02  2.39037648e-02  7.45224953e-02  4.96313199e-02
  1.50307883e-02 -3.41733135e-02  9.10583418e-03  4.91504930e-02
 -3.48277241e-02  1.10802436e-02 -1.29938042e-02 -1.12185096e-02
  1.57656651e-02 -9.43223312e-02  1.93620268e-02 -4.51675393e-02
  7.83230513e-02 -4.82368544e-02 -3.95455062e-02 -7.34749958e-02
  6.65775239e-02  2.40946580e-02 -4.17598113e-02 -1.43099319e-33
  9.40368231e-03 -1.42337503e-02  4.44530398e-02 -2.20260900e-02
 -3.58959362e-02 -4.79949191e-02  3.27416845e-02 -3.12902257e-02
 -5.58033958e-02 -1.05456263e-01 -6.53826147e-02  5.58220483e-02
  1.17978826e-01  3.32367234e-02 -6.26045763e-02  2.44542677e-02
  5.10959961e-02  3.58343869e-03 -2.72700023e-02  4.61300500e-02
  4.27646525e-02 -1.11516193e-02 -7.10860565e-02  1.94963478e-02
  1.53751289e-02  1.32422239e-01 -3.75654697e-02 -5.59827760e-02
  1.52570810e-02 -3.91256157e-03 -9.23644975e-02  6.85498789e-02
 -1.94977131e-02 -3.86401340e-02 -5.24316803e-02 -2.81446744e-02
  3.11136036e-03  3.08268759e-02 -2.92504989e-02  2.68649589e-02
  2.69884374e-02 -8.12178552e-02 -1.67822689e-02 -9.40207951e-03
 -5.44622503e-02 -1.68320816e-02  5.46869338e-02  4.00395133e-02
 -3.59750888e-03 -4.85601313e-02  2.16268506e-02  9.96638536e-02
 -4.92850915e-02 -4.54806760e-02  4.28611301e-02  3.00326981e-02
 -6.00786647e-03  1.33189887e-01 -3.56973521e-02 -2.48495881e-02
 -4.19282541e-02  2.29426529e-02  4.38391902e-02  4.98377681e-02
  6.48290813e-02  1.61801428e-02  7.66742453e-02  1.70706809e-02
  2.84597147e-02 -2.30811574e-02 -2.32197046e-02 -5.14552444e-02
 -7.97577277e-02 -3.04624829e-02 -2.93442328e-02 -1.14902435e-02
  3.07361409e-02 -7.66006634e-02  3.58341970e-02  4.19367813e-02
 -1.48516558e-02 -3.16146091e-02 -4.24858704e-02 -7.48590976e-02
  1.00167707e-01 -3.88361290e-02  4.26300429e-02 -1.25498280e-01
  9.05604381e-03  2.30327174e-02 -6.93955123e-02 -3.24266776e-02
 -5.22801243e-02  6.38458207e-02  1.14176031e-02 -5.75172834e-08
  6.52750134e-02  4.64010574e-02  5.17439023e-02  1.47610968e-02
 -4.00119694e-03 -3.15062776e-02  3.03335097e-02  4.64080460e-02
  5.19240424e-02  5.89375123e-02  4.67315242e-02  5.04490584e-02
  1.16613105e-01  5.97990714e-02 -9.57753509e-03  2.16838773e-02
  2.81583834e-02  3.30199338e-02  2.34685908e-03  5.87011361e-03
 -7.48503953e-03 -2.70928051e-02 -4.27099466e-02 -5.00365272e-02
  2.75027845e-02 -6.27497137e-02  4.16721031e-02  2.03253627e-02
  2.19758265e-02 -3.76249216e-02 -1.91193819e-02 -5.19901291e-02
 -6.27053156e-02 -1.02526508e-03  5.17186522e-02 -6.78712651e-02
 -8.24498758e-02 -6.24824176e-03 -2.65885331e-02 -7.37178605e-03
 -1.82930231e-02  7.09709898e-02 -4.41675447e-02  7.71049485e-02
  9.56801418e-03 -5.96999004e-02 -3.33401151e-02  7.84417987e-02
 -3.72290117e-04  1.65231470e-02 -2.17231214e-02 -2.02015396e-02
 -3.21938023e-02 -4.79865773e-03  1.01616316e-01  2.90125906e-02
 -1.56436060e-02  6.96081966e-02 -9.19993520e-02  1.01742968e-01
  1.77141558e-02 -8.62782821e-02 -8.78794491e-02 -3.63241248e-02]",False,False
Island Nations At Risk RIGHT NOW Because of Climate Change,David Pakman,progressive,"we do uh from here on in. so I, I, I, when I, when I speak to to our, our Ministers of finance and and and planners in in in our small island governments, I, I tell them we, we have to recognize that and we're going to have to to to move vulnerable infrastructure and people uh away, more coastlines and and some areas will will no longer be viable settlements. what I'm trying to do is save our is save, is save the islands and that themselves, recognizing that we're already going to lose parts. that's, that's the unfortunate thing, and I and I've I've built a home myself, um on the coastline here in in Grenada, and I and I I wonder, um whether I'll be able to pass it on to my children when we think about who might be the best uh Partners worldwide in in terms of fighting the effects of climate change. particularly watching incoming Secretary of State Rex tillerson's confirmation hearing yesterday and hearing him say that you know this, the it's sort of in doubt the impact that that humans are having on the climate, my sense is that the Trump Administration in the US is not going to be one of the key players in curbing climate change and Emissions. who are the key players in your mind that are that are the real strategic Partners over the next 10 years is China one of them, is India, another. well,",0.996,"[ 3.09357308e-02 -1.15612829e-02  6.84158057e-02  3.69812436e-02
  7.02830255e-02  9.09482129e-03 -2.76324693e-02 -2.75726169e-02
 -1.42437108e-02  3.54939811e-02 -4.40349616e-02 -4.96173687e-02
  2.23751217e-02  2.65609771e-02  3.73956487e-02  6.35113195e-02
 -4.47171740e-02 -6.29742891e-02 -7.45506659e-02  3.14497575e-02
 -2.56505739e-02  3.72510664e-02 -4.14103493e-02  8.95072799e-03
 -1.59340370e-02  2.93267909e-02  3.29121202e-02  2.65629292e-02
 -8.26659724e-02  5.29243909e-02  3.41356136e-02 -6.00852557e-02
 -8.28865264e-03  5.95996913e-04  6.19906001e-02  1.32436633e-01
  2.99752187e-02 -7.77010340e-03  3.30776386e-02 -2.90629864e-02
 -2.62203291e-02 -5.82342856e-02  4.67511751e-02 -8.27082098e-02
 -5.17355278e-02  2.45071407e-02  2.00555865e-02 -3.35947871e-02
 -3.20445448e-02 -3.74590941e-02  2.95666680e-02  5.67515427e-03
 -2.22346224e-02 -1.56412162e-02 -3.82022150e-02  3.20564583e-02
  2.32809875e-03 -7.49152824e-02 -1.67505979e-03 -5.17166331e-02
 -1.24342577e-03 -1.35856364e-02 -5.37153333e-02  1.81406029e-02
  4.17013243e-02  1.48774013e-02  2.96276733e-02  8.25139061e-02
 -3.81871611e-02 -2.35217698e-02 -2.32577510e-02  5.94679266e-03
  2.28370931e-02 -5.43400180e-03  1.54394591e-02 -1.69013385e-02
  3.05702593e-02  2.66418811e-02  1.04009725e-01 -2.18522940e-02
  8.12318474e-02  2.46782713e-02 -1.98387690e-02 -7.46470392e-02
 -3.10718864e-02  3.05244420e-02  5.24467304e-02 -5.40383533e-03
  7.50367790e-02  9.36336757e-04 -5.10288067e-02 -2.32228711e-02
  1.90128192e-01  5.84030189e-02  1.53375659e-02  8.98694247e-02
 -4.04159948e-02 -2.96582710e-02 -1.01674147e-01  2.58666873e-02
  5.53980842e-02 -1.88881531e-02 -4.47284654e-02 -1.27697960e-02
 -3.47304121e-02 -1.03519605e-02 -6.16344176e-02 -8.99494588e-02
  2.32795868e-02 -1.30542452e-02 -6.66167736e-02  3.47631611e-02
 -5.56998216e-02  5.93765192e-02 -2.99231559e-02 -7.21547380e-02
  1.98360253e-03 -4.99367341e-02  1.56375561e-02 -1.05079293e-01
  8.83573294e-03  1.04140136e-02 -3.87572236e-02  2.19637230e-02
  8.52119103e-02 -9.73099191e-03 -4.96464968e-02 -2.48674765e-33
  1.19809955e-02  8.55205059e-02  9.66510642e-03  9.09856483e-02
  1.02464603e-02  4.35531996e-02 -3.01709641e-02 -5.49170636e-02
 -2.63166968e-02  4.29682154e-03  1.16589013e-02 -8.08226224e-03
 -1.73393097e-02  9.22476798e-02  5.21767652e-03 -1.86499357e-02
 -4.71317656e-02 -1.75069086e-02 -5.17353192e-02  1.27875134e-02
 -1.73095509e-03  1.47723136e-02  3.79997902e-02  1.12600354e-02
  9.21919197e-02 -9.97639075e-02  4.99779806e-02  7.87001383e-03
  4.03894996e-03  7.74925901e-03 -4.72687669e-02  4.23193686e-02
 -3.64510603e-02 -4.96038282e-03 -5.71032241e-02 -4.81025018e-02
 -2.98492815e-02 -4.30448763e-02 -3.65191288e-02  2.50477716e-02
 -6.44854307e-02  1.03837838e-02  2.26859674e-02  8.57950449e-02
  4.56464775e-02 -5.69812506e-02  1.15408726e-01  6.14655688e-02
 -1.19815081e-01  2.00981144e-02 -3.80479731e-02  4.06262837e-03
 -7.99185038e-02 -7.38417283e-02 -1.91335939e-02 -5.10653183e-02
  3.03611662e-02  1.78146176e-02 -1.65955182e-02 -1.20586284e-01
  8.97216238e-03 -1.13957345e-01  3.10633592e-02 -1.82998832e-02
  1.65979266e-02  4.65144515e-02  5.38976453e-02  9.94497538e-02
 -1.82306021e-02 -6.96889311e-02 -7.52368104e-03 -7.17919767e-02
 -3.54139917e-02  1.36771696e-02  1.42322965e-02 -2.29546037e-02
  3.27742845e-02  5.76625429e-02 -1.10041024e-02  1.35583673e-02
 -3.46810594e-02  2.55625192e-02  2.79209018e-02  1.87841821e-02
  5.82589619e-02 -1.10681042e-01  2.80943904e-02  2.29157112e-03
  5.43867685e-02  1.79731566e-02 -3.36589962e-02 -5.62390573e-02
  1.12570651e-01  4.73756669e-03 -5.14262132e-02 -1.45189826e-33
 -4.02754024e-02 -2.58167274e-02  6.40855283e-02 -2.13163123e-02
 -4.00921367e-02 -8.83027017e-02  4.31453250e-02 -7.45637491e-02
 -6.31191442e-03 -6.78274855e-02 -9.74252746e-02  6.04433864e-02
  7.04678372e-02 -6.29805177e-02 -5.00819013e-02 -4.32675220e-02
  1.36593571e-02 -8.88233557e-02  2.77672545e-04 -7.25013167e-02
  5.81428083e-03 -5.91458641e-02 -4.11459692e-02  7.15597644e-02
 -4.07156395e-03  2.75646374e-02  2.68738195e-02 -5.52535579e-02
  2.61588413e-02 -4.83441278e-02 -5.22647239e-02  6.66157901e-02
 -4.41525690e-02  3.05743963e-02 -3.46554443e-02  3.24933082e-02
 -3.34289409e-02 -6.11336306e-02 -8.21389556e-02  3.49124297e-02
  3.43737826e-02 -8.14765021e-02 -4.83588614e-02  4.48343065e-03
 -1.04797870e-01  1.87468342e-02  4.28176858e-02  2.86311116e-02
  1.15963006e-02  3.45028825e-02  3.79498750e-02  1.13359809e-01
 -1.10604137e-01 -3.68749686e-02  3.94059382e-02  1.19891716e-02
  7.77343437e-02 -5.98324370e-03  1.92164294e-02  1.51850106e-02
 -6.65106252e-02  4.73700352e-02  5.00992499e-02  2.21439842e-02
  9.40079615e-03  5.96787431e-04 -9.03737769e-02 -9.55662876e-03
  7.44251758e-02  7.81217590e-02  1.45740211e-02 -8.56908262e-02
 -5.73246479e-02 -1.29730374e-01  7.39795715e-02 -6.29295111e-02
 -2.03600526e-02 -6.36175722e-02 -2.80569084e-02  5.35113737e-02
  1.90086532e-02 -1.82339065e-02 -1.53065252e-03 -2.95102336e-02
  7.65760764e-02 -6.12334833e-02  2.57750954e-02 -7.07590356e-02
  2.87470296e-02  6.76522180e-02 -8.00411925e-02  1.70687735e-02
 -2.66868509e-02 -3.41583788e-02 -4.49032858e-02 -5.31063158e-08
  1.28738791e-01 -8.88900948e-04  3.91903380e-03  3.06322016e-02
 -2.16047801e-02 -7.37244859e-02 -5.02120405e-02  2.55167037e-02
 -1.14835035e-02  7.52846971e-02  3.13755423e-02  1.67701840e-02
  6.80303425e-02 -1.59966890e-02  7.34726375e-04 -2.00266205e-02
  7.95646384e-02 -1.31051205e-02 -7.45145977e-02 -4.36679809e-04
  1.76503807e-02  7.59783238e-02 -6.01225682e-02  2.75798216e-02
  4.83265966e-02 -1.99233051e-02  5.31934127e-02  6.07306771e-02
 -1.79729015e-02  4.24355157e-02 -1.85930394e-02 -2.38018744e-02
 -1.12668544e-01  3.65574062e-02 -6.93419902e-03 -5.60897253e-02
 -4.94706295e-02  7.46077523e-02  7.22049102e-02  2.14193836e-02
 -2.02130340e-02  6.58772141e-02 -1.83671750e-02  8.80814269e-02
 -3.09916772e-02 -4.88718487e-02 -5.28391972e-02  4.12848257e-02
  4.49283682e-02  6.22019731e-02 -6.76085651e-02 -7.60511160e-02
 -2.22332273e-02  3.83874141e-02  7.68562406e-02  1.79797169e-02
 -3.07484977e-02  4.21427786e-02  3.04338317e-02  6.39926344e-02
 -3.25155184e-02 -1.03832625e-01 -7.05086812e-02  9.35881864e-03]",False,False
Island Nations At Risk RIGHT NOW Because of Climate Change,David Pakman,progressive,"I think that the US and China are the two elephants in the room. I I think that without the US- China agreement pre to Paris, we would not have gotten the Paris agreement, and that was, that was a fundamental- that the US and China had agreed themselves on emissions trajectories that they were going to follow and that made the piracy agreement tenable. what will happen in the future if the US pulls up out of the pirat agreement is is is one of conjecture. um, I'm not prepared to go there yet, David, I'm. I'm going to remain an optimist and and, and, and, and and hope that, uh, Mr terson, if he is confirmed as the secretary of state, is probably going to be one of the most informed Secretary of States about climate change. as the, as the former head of Exxon Mobile, he had access to to, to data that actually most of us don't have, right, I mean data that Exon Mobile we now know covered up for 40 years about the impact of climate. not going there, I'm just saying that he has access to the data. not only that, but, but, but he knows the economic impacts of climate change, right, not only what it will cost it to to avert and the climate change and adapt to climate change, but also the impacts will have on existing industries that rely on on fossil fuels, so he's actually perfectly placed to",0.996,"[-7.37450793e-02  5.78900427e-02  9.99355912e-02 -1.67466160e-02
  2.20518280e-03  4.32551745e-03 -1.35553088e-02 -2.98277102e-02
 -4.98716831e-02  2.91154217e-02  1.63045023e-02  2.63206046e-02
  6.79263379e-03 -1.14935767e-02  5.32077486e-03  3.62473428e-02
 -3.00120320e-02 -4.98526730e-02 -1.18538402e-02  9.33970883e-03
 -7.16864737e-03  2.29713600e-03  7.79181253e-03 -2.27513332e-02
 -7.04988539e-02  1.01070115e-02 -3.10669355e-02  3.28553282e-02
 -2.09904872e-02  5.38682304e-02 -3.22458521e-02  1.99691392e-02
 -2.19831094e-02  7.09626153e-02  4.99418601e-02 -6.97945431e-02
  5.06634042e-02  7.71142892e-04  1.26528097e-02  4.16067149e-03
  7.53361061e-02 -7.24124759e-02  3.06943920e-03 -1.34671452e-02
 -2.80770939e-02  2.78569050e-02  5.29919863e-02 -1.79477055e-02
 -9.70501602e-02  1.47385313e-03  1.16425892e-02  7.49782845e-02
  1.99059583e-02 -3.43405418e-02 -1.03273718e-02  1.73619539e-02
  6.13201298e-02  2.09668223e-02 -3.02160364e-02  3.00126597e-02
 -5.47810197e-02 -5.45515493e-02 -8.85081291e-02  4.30269316e-02
  8.91256109e-02  3.09174974e-02 -6.21507352e-04  5.39808720e-02
 -3.09006199e-02 -3.84533405e-03  1.40277091e-02 -5.06468210e-03
 -4.91653569e-02 -5.30612879e-02  4.48584929e-02 -4.08651046e-02
 -6.47847401e-03  7.59422258e-02  5.19360416e-02 -7.62065426e-02
  8.51936415e-02  7.05715921e-03  3.01873237e-02 -7.13346601e-02
 -7.03312531e-02 -4.29778248e-02  1.24071790e-02  4.46382985e-02
 -1.94233417e-05 -5.05840555e-02 -7.62683377e-02 -8.38203952e-02
  8.62568915e-02  1.11330286e-01  1.66215692e-02  1.17004350e-01
  5.31929079e-03 -9.02913685e-04 -7.42111430e-02 -5.17629646e-02
  3.85465883e-02  6.75452352e-02 -1.04899116e-01 -8.18832070e-02
 -5.73444068e-02  6.62014703e-04  7.04962527e-03 -5.22236228e-02
  2.76669413e-02  5.35141453e-02 -6.45984411e-02 -3.25470828e-02
 -3.93455289e-02 -6.58566281e-02 -9.47951712e-03 -2.79696938e-02
 -9.88742337e-02 -1.66694447e-03 -4.45734002e-02 -1.00068793e-01
 -7.83572381e-04  2.43179295e-02 -9.31269117e-03  6.03270791e-02
  2.77534239e-02 -8.21442381e-02  1.19021779e-03 -7.00860497e-34
  4.86978777e-02  1.07415691e-01 -1.85965648e-04 -9.64972060e-05
 -2.48779953e-02  1.13268591e-01  1.03977984e-02 -3.65445204e-02
 -4.78343703e-02  4.50297222e-02 -1.86730959e-02  6.97973594e-02
 -3.79582681e-02  9.58874822e-02  8.62829760e-03 -1.88830122e-02
  1.94601379e-02  3.10222823e-02  1.94584839e-02 -5.29248305e-02
  7.25069344e-02  3.37815945e-05  5.72333895e-02  7.58014806e-03
  9.28852335e-02 -1.38371093e-02 -1.94511935e-02  4.28742170e-02
  4.92568910e-02  1.07800756e-02 -8.33195448e-02  1.16520345e-01
  1.11906556e-02  3.65187936e-02  1.56171969e-03 -3.04273935e-03
 -4.74069715e-02 -1.52687365e-02 -6.94367364e-02  4.73593660e-02
  8.13665763e-02  3.51769663e-02 -1.50523484e-02  2.27428265e-02
 -3.78743596e-02 -1.00000888e-01  9.62455571e-02 -1.33037930e-02
  4.48229723e-02 -1.20607773e-02 -2.00436488e-02  4.91280966e-02
 -4.63973396e-02 -8.09958503e-02 -1.13408519e-02 -4.65152226e-02
 -1.68532096e-02 -1.16230883e-01  4.89070117e-02 -2.90425569e-02
 -3.10626458e-02  7.73232384e-03  1.72108933e-02  6.69572428e-02
 -5.09417877e-02  7.38445669e-02 -4.05751392e-02  9.42654515e-05
 -7.17482492e-02  3.87534350e-02 -1.50891126e-03 -7.80679053e-03
  2.96814535e-02 -5.24981059e-02  1.26675214e-03  5.39418543e-03
 -3.64362188e-02  2.77043544e-02 -2.32820846e-02  1.80316865e-02
 -6.01109937e-02 -7.51615688e-02  7.27436617e-02  1.97519399e-02
 -7.17392340e-02  2.95390002e-03  7.20351636e-02  6.16426654e-02
  6.41824007e-02  4.11091708e-02 -7.75574520e-02 -3.66925076e-02
  2.31432132e-02  5.11945970e-02  1.09668290e-02 -2.82927348e-33
 -2.54186150e-02 -1.17014181e-02 -1.28109576e-02 -6.61585927e-02
 -2.62663532e-02 -5.32488339e-02  3.38751301e-02  3.26229818e-02
  3.01573193e-03 -2.84398254e-02 -2.62845252e-02  3.19522037e-03
  8.71033520e-02 -3.05811949e-02 -2.01099440e-02  2.84162667e-02
  6.00206517e-02 -6.68724552e-02 -2.42876206e-02 -1.32039888e-02
 -3.12258955e-02 -1.10818341e-01 -1.02187619e-01  7.32885450e-02
 -5.63905984e-02  1.89035758e-02  7.68141150e-02 -1.39707208e-01
  1.89956389e-02 -2.67589074e-02 -7.82133117e-02  1.16917761e-02
 -1.11663796e-01  7.00882226e-02 -1.53921517e-02  2.70717628e-02
  3.33118049e-04 -3.14130373e-02 -4.79879268e-02 -3.19915526e-02
  1.97158959e-02 -1.31754074e-02 -5.13152964e-02 -4.55149338e-02
  3.35676596e-02 -6.01185905e-03 -1.81930959e-02  4.51339297e-02
 -6.13010563e-02  5.92961647e-02  7.92013332e-02  9.67181846e-02
 -6.60826126e-03 -3.86779234e-02  1.27208838e-02  4.94372025e-02
 -3.14458720e-02  1.08357091e-02  5.07178456e-02 -3.45168300e-02
  3.13658193e-02  2.46766191e-02 -3.31674353e-04  5.73175848e-02
 -1.68978255e-02 -6.33715047e-03  3.15500572e-02 -5.70411794e-04
  7.99512565e-02  4.59019691e-02  4.55343947e-02 -4.26743589e-02
 -5.03200516e-02 -9.63226408e-02  1.18432298e-01  2.92358939e-02
 -9.68437642e-02 -2.22011958e-03 -6.71392605e-02  5.38943447e-02
  3.25670503e-02 -1.49131371e-02 -1.66601017e-02 -3.35281044e-02
  1.24487832e-01 -6.10114336e-02 -1.77233797e-02 -1.10641614e-01
  7.09059089e-02  8.94568209e-03 -9.59114060e-02 -5.33496626e-02
 -8.69690552e-02  1.31550534e-02  2.69127631e-04 -5.76381147e-08
  8.10578652e-03  2.57788831e-03  1.94161013e-02  5.52252717e-02
 -3.20176804e-03  9.03168041e-03 -1.36923129e-02  2.29365025e-02
  2.47570556e-02  3.36732082e-02  1.35848150e-01  1.27190286e-02
 -1.96919050e-02 -3.11363954e-03 -2.96477880e-02  4.35505025e-02
  2.70486921e-02 -3.72676887e-02  2.74119037e-03  2.87799016e-02
 -6.17458634e-02  4.62729521e-02 -4.11447175e-02 -4.78553511e-02
  4.41807993e-02  4.06695642e-02 -3.50586995e-02  6.21502548e-02
 -4.07300256e-02  6.79100379e-02 -1.89229765e-03 -1.06725238e-01
 -8.51176307e-02 -7.10811652e-03  2.21145048e-04 -6.29611313e-02
  4.45428118e-02  8.66260380e-03  4.08605635e-02  1.76454820e-02
  1.07872169e-02  1.00877412e-01 -2.11722199e-02  7.65001327e-02
  2.11451463e-02 -1.28291905e-01 -2.67210640e-02 -2.42371336e-02
  8.18088502e-02  2.41693389e-02 -5.56294769e-02 -3.15027982e-02
 -2.49685589e-02  1.40513452e-02  1.38291508e-01 -5.31950733e-03
 -4.13551182e-02 -3.99463437e-03 -5.30445315e-02  5.26236743e-02
 -2.06670407e-02 -9.30728614e-02 -3.74968946e-02  2.26272829e-02]",False,False
Island Nations At Risk RIGHT NOW Because of Climate Change,David Pakman,progressive,"help us make that transition. so I'm going to wait and see. mode I I can I con see you with with with a again optimism that the Paris agreement cannot be stopped. all the world has signed onto the Paris agreement, including the United States. if the if the United States wishes to withdraw- and that would be extremely unfortunate- then what that would mean was that the United States would go to the sidelines again, because it was on the sidelines for the Kyo protocol. if, if, if United States goes to the sidelines again, the game or push will continue well. last thing I want to touch on: anytime we talk about curbing emissions, limiting energy use, Etc. it's much easier to get agreement from people, sort of in the abstract, that other than the climate science deniers that this is something we need to address. but when the rubber meets the road and you say: here is how everybody's daytoday energy consumption would have to change for us to achieve what we need to achieve or what we're looking to achieve, it's much harder to get Buy in from people who are very comfortable based on the, the, the benefits and luxuries that fossil fuels bring to us. what's the best way to have that conversation with people to explain the urgency of this, that's. that's an excellent question and it's one I've struggled with here at St George's University. we are an American University here.",0.992,"[ 2.09395438e-02  4.31503840e-02  1.63791448e-01 -2.48784777e-02
  7.71550536e-02  3.39199411e-04  8.80702864e-04 -3.51900868e-02
 -4.40675989e-02  1.12137373e-03 -4.73045222e-02  5.28665911e-03
 -6.90528974e-02 -8.07331316e-03  1.33077446e-02  2.27499772e-02
 -1.93774085e-02 -1.04885977e-02 -4.23195027e-02  4.40315977e-02
  2.42722686e-02  4.33859415e-03  1.59064196e-02  5.73210604e-02
 -6.94922581e-02  5.33385724e-02 -3.04453149e-02  4.43481989e-02
 -5.35765337e-03  2.41118688e-02 -7.60923978e-03  1.61903705e-02
 -5.95211834e-02  1.38798086e-02  4.86008152e-02 -2.54953038e-02
  1.78138551e-03  1.89358033e-02 -6.32013800e-03  1.02974586e-02
  5.53408312e-03 -1.36169747e-01 -5.42747825e-02 -4.45646793e-02
 -6.21866733e-02  2.55805384e-02 -3.29075893e-03 -4.60161380e-02
 -2.56476756e-02 -3.28719579e-02  1.05525121e-01  2.46751346e-02
 -6.88315481e-02 -9.68706757e-02  2.21243426e-02  4.37809117e-02
  1.10700607e-01  8.69582891e-02  4.93901819e-02 -1.11015290e-02
 -4.90882210e-02 -5.87802529e-02 -3.00254840e-02  4.15029675e-02
  9.48001817e-02 -1.44137722e-02  2.20871121e-02  1.66888386e-02
 -5.02311811e-02  6.38512671e-02 -2.64189709e-02 -3.33749726e-02
  3.07387114e-03 -6.41437843e-02  4.98898178e-02  9.43255704e-03
  5.54617271e-02  7.60483444e-02  1.22854300e-01 -7.35842660e-02
  1.11080907e-01 -1.04130534e-02  7.38283396e-02 -6.94993064e-02
 -4.46995646e-02  6.01873361e-03 -1.83033373e-03  2.21174620e-02
  9.43288207e-02 -6.56428263e-02 -1.05014086e-01  6.97296299e-03
  7.37637058e-02  5.69998398e-02  5.72812892e-02  5.09090908e-02
 -1.35591384e-02 -8.85412935e-03 -8.04549549e-03 -2.29892153e-02
 -1.02646844e-02  1.42186031e-01 -3.83583717e-02 -1.16589092e-01
 -4.05500382e-02 -3.08601819e-02 -3.38651948e-02 -4.78955917e-02
  5.99204116e-02  4.17211130e-02 -4.50039282e-02  1.42215006e-02
  1.58176869e-02 -1.30011421e-03  7.47361965e-03 -5.08540757e-02
  3.01516801e-02 -4.13490944e-02  5.89752495e-02 -5.77394553e-02
 -3.82375084e-02  8.72485433e-03 -2.86192279e-02  3.98461744e-02
  6.09901268e-03  6.52971771e-03  3.79642397e-02  1.28138674e-33
 -6.52705655e-02  6.84057251e-02  1.29988408e-02 -1.26093067e-02
 -2.11852212e-02 -1.20801507e-02 -6.46545440e-02 -1.18986424e-02
 -7.62203410e-02 -1.75750982e-02  3.14300247e-02 -5.93348406e-03
  1.55308908e-02  1.15352213e-01  1.09036215e-01 -1.13673873e-01
  2.72221733e-02  4.31006700e-02  2.66201794e-02 -9.90640093e-03
  7.71242753e-02 -5.47505543e-02  6.40201420e-02  2.15634629e-02
  1.73016300e-03  3.69066978e-03 -2.36553233e-02  4.22553755e-02
 -4.80762310e-03 -2.64857635e-02 -6.36774525e-02  5.27246408e-02
 -1.75558012e-02  2.23779716e-02 -8.84556025e-02 -6.51005879e-02
 -1.18688622e-04 -5.73137635e-03 -3.54561098e-02  1.18441032e-02
 -6.17862120e-02  5.23285791e-02 -6.27001151e-02 -1.47788003e-02
  9.96110812e-02  1.18934214e-02  1.31740168e-01  2.18477659e-02
 -3.37708965e-02 -4.42829840e-02 -3.16354483e-02  4.21993472e-02
 -2.64078174e-02 -7.52187744e-02  2.49131490e-02 -6.23219609e-02
 -3.57925147e-02 -9.90800485e-02  1.16597703e-02 -9.98704135e-02
 -4.52847332e-02  9.56513919e-03 -2.87190694e-02  4.80011664e-02
  1.56384672e-03  6.79933578e-02 -6.23683780e-02 -2.06086002e-02
 -1.07572392e-01 -5.15958779e-02 -2.19112448e-02 -1.43026486e-02
  3.81009765e-02 -6.11233823e-02  5.61740361e-02  3.86304557e-02
  4.77251224e-02  3.09551787e-02  4.74726316e-03 -5.65089136e-02
 -3.15832756e-02 -1.06867272e-02  2.82867774e-02 -5.49730659e-02
  4.87175286e-02 -8.23135749e-02  2.91989297e-02 -9.24885739e-03
  3.13635468e-02  5.00496440e-02 -7.55328611e-02 -5.01079410e-02
  4.64049689e-02  1.23045951e-01  2.49382593e-02 -3.30534355e-33
  7.10843354e-02  5.53948432e-02  2.92567164e-03 -4.02242318e-02
  4.74198908e-02  8.73946492e-03  1.62117071e-02  5.88499475e-03
  2.20201313e-02 -4.68413420e-02 -2.84905895e-03 -3.45195197e-02
  3.81924622e-02 -2.85379477e-02 -7.16060102e-02 -3.85429934e-02
  3.16875614e-02 -2.22301334e-02  2.71546263e-02  2.86757089e-02
  4.37039435e-02 -2.00435743e-02 -1.22591905e-01  4.72694375e-02
 -5.48966937e-02  3.84509675e-02  2.27490403e-02 -2.79657487e-02
  5.42683229e-02 -2.31580809e-02 -4.91417274e-02  6.56838790e-02
 -3.79571207e-02  4.27561626e-02  5.34342080e-02  6.06666505e-02
 -4.62693647e-02  2.79440638e-02 -2.00930256e-02  3.86095494e-02
 -1.97165720e-02 -4.46448326e-02 -2.13296860e-02 -6.61168098e-02
  2.08421648e-02  3.92126180e-02  3.93479206e-02  3.13373730e-02
 -1.08106360e-01  8.54494050e-03  9.31790248e-02  7.56716803e-02
 -1.12132125e-01 -6.14998303e-02 -7.11610094e-02  1.99805312e-02
  2.87384279e-02 -1.98732670e-02 -5.57856523e-02  6.98807742e-03
  7.86723010e-03  3.53036150e-02  2.43957695e-02  3.12856212e-02
  2.20886115e-02 -1.60237364e-02 -2.32676268e-02  5.87788178e-03
  8.36157799e-02  5.58145791e-02 -3.71001661e-02 -3.62713560e-02
 -3.67062651e-02  1.10768788e-02  1.28611103e-01 -3.39367650e-02
 -3.05553228e-02 -9.17923003e-02 -3.27187846e-03  5.50205521e-02
 -2.97904573e-02  4.86130677e-02 -1.46015789e-02 -6.03389367e-02
  5.91170378e-02 -1.54474750e-02 -1.09087877e-01 -7.27678388e-02
  9.96624604e-02  2.43836399e-02 -5.50643653e-02 -9.91429985e-02
 -3.17128748e-02  3.09099555e-02 -1.37397321e-03 -5.91259806e-08
  5.98727874e-02 -4.37388048e-02  7.07184225e-02  2.20082924e-02
 -2.54568271e-02 -4.47295718e-02  2.03857981e-02  2.73063360e-03
  1.83497947e-02 -1.51461561e-03  9.61750522e-02  9.34500620e-02
  7.25416616e-02  1.54881459e-02 -6.04548715e-02  1.02041429e-02
 -3.15033272e-03  8.99388641e-03  9.48925503e-03  3.39684486e-02
 -2.20701247e-02 -2.12417450e-02 -6.78028762e-02 -6.31981194e-02
  4.09570634e-02 -1.74177531e-02  1.16421748e-02  7.03525990e-02
 -5.49519472e-02  3.39232087e-02 -1.33205801e-02 -6.26391098e-02
 -2.30451133e-02  2.90557761e-02 -3.07826661e-02 -8.02310854e-02
 -4.03569452e-02  4.27463949e-02  5.39904907e-02 -3.44389654e-03
  3.34085003e-02  6.22046813e-02 -2.36950647e-02  2.69099232e-02
 -7.96174631e-02 -6.74433336e-02 -2.33581159e-02  4.12045456e-02
  4.49421294e-02  5.98128922e-02 -5.94842508e-02 -7.01855868e-02
 -2.67399233e-02 -3.77356745e-02  3.83883938e-02 -1.19004247e-03
 -9.40491557e-02  3.41350064e-02 -2.68885959e-03 -1.64190978e-02
  4.69539751e-04 -6.84367642e-02 -4.43800725e-02  1.23180058e-02]",False,False
Island Nations At Risk RIGHT NOW Because of Climate Change,David Pakman,progressive,"in Grenada. I teach American students public health and, and one of the things I say to them- and I try to personalize this- is: I say: all of us have to reduce our carbon Footprints. uh, as a typical American, we're probably at around 20 tons of CO2 per year. we're going to have to drop that to less than, say, six. but does that mean that you're going to lose your SUV? does that mean that you're going to use your plasma TV? not necessarily that, the, the technology that we have in the world today, um, with renewable energy, with increased Energy Efficiency. I do not think that combating climate change means that we're going to lose or way of life, the, the, the, the typical American way of life, that's a myth, that that's, that's being perpetuated. we're going to have to do some Paradigm shifts in, in, in, in, yes, in the way that we produce energy. but we've already learned that we can decouple economic growth from increased energy emissions. the United States has actually proven that in the, in the in the last year. so, again, I, I remain optimistic that if we bring technology to Bear, if we have the, the, the, the political will to transform our energy Industries- and there will be some that lose. the coal industry will lose, the oil industry will lose, but they will be replaced and we will have all of the energy that we.",0.506,"[ 2.27399939e-03  5.16769476e-02  8.03736374e-02  3.51902470e-02
  6.57621995e-02  2.99163088e-02 -1.23664076e-02 -3.06380764e-02
  6.98190462e-03  4.27569076e-02 -2.09792312e-02  8.69886298e-03
  4.85846475e-02 -1.35114612e-02  1.48399631e-02 -9.00427904e-03
 -3.25485133e-02 -1.04174837e-02 -3.56135033e-02  4.36613336e-02
  4.79211621e-02  3.18473317e-02  1.94807351e-02  7.45741501e-02
  3.62558919e-03 -2.49671917e-02 -2.14372743e-02  3.05437762e-02
 -6.09975830e-02  7.25482181e-02  3.14936936e-02 -7.99050787e-04
 -5.71940057e-02 -1.15903770e-03  4.79974598e-02  3.99435759e-02
  6.50197044e-02 -8.59968178e-03 -1.09864436e-02  1.85163189e-02
 -7.98386410e-02 -1.22162931e-01 -8.62009171e-03 -7.69526213e-02
 -6.36174828e-02  4.31644171e-02 -2.23566703e-02 -1.60394830e-03
 -4.14878651e-02 -6.74120486e-02 -1.18738343e-03  5.63940033e-02
 -3.28350328e-02 -5.87031245e-02  3.80988270e-02 -5.46016023e-02
  6.90997392e-02  7.56409019e-04  2.45265886e-02 -7.86439888e-03
  5.39371520e-02 -1.39514342e-01  1.95275317e-03  5.13150133e-02
  3.37582678e-02 -3.79486419e-02  5.31622022e-02  2.72915419e-02
 -6.30929321e-02  4.25792374e-02 -3.57136689e-02 -3.20611056e-03
 -3.59020494e-02 -2.82791052e-02 -2.67408453e-02 -1.78554356e-02
  8.03918391e-02 -5.45921503e-03  8.82419050e-02  5.00753755e-03
  1.23166837e-01  5.07193953e-02 -2.67142821e-02 -7.06684664e-02
 -5.12365140e-02 -2.49867421e-03  2.46787444e-02 -3.81554812e-02
  2.29813010e-02 -7.28546549e-03 -9.49422941e-02 -4.48955968e-02
  1.06661402e-01  9.78015214e-02  6.70364965e-03  4.05593067e-02
  2.03915089e-02 -4.02265154e-02  3.15053053e-02  3.97938350e-03
  6.40518665e-02  2.00172365e-02 -2.13343780e-02 -8.75209421e-02
 -5.84593974e-02 -4.49453108e-02 -4.95774895e-02  1.87025266e-03
  4.36684601e-02  5.61300013e-03  6.34712446e-03  1.96979269e-02
 -7.64800534e-02  6.30176291e-02 -1.60899945e-02  2.52845101e-02
  1.22080967e-01 -7.27936104e-02 -4.15569451e-03  2.04605050e-04
 -4.41023856e-02  1.21102547e-02 -3.60684060e-02  3.61216217e-02
  7.66359121e-02 -3.81173417e-02  1.48176206e-02 -2.21879114e-33
  4.35194612e-04  4.68759909e-02  5.35892546e-02  2.14811862e-02
 -1.56886969e-02  4.15362716e-02 -1.15263186e-01  1.91104846e-05
  6.42498629e-03 -2.44445987e-02  2.88066044e-02  5.44730648e-02
  4.48867753e-02  1.71902388e-01  7.65091702e-02 -6.38562664e-02
 -7.30125308e-02  5.68285631e-03  1.22067789e-02 -8.94434601e-02
 -2.69314069e-02 -5.82353212e-02  7.26217628e-02  2.85692755e-02
  6.25047088e-02 -1.08456658e-02 -7.29008485e-03 -5.41326264e-03
 -2.33087614e-02 -3.07786502e-02  9.56700090e-03  6.28552660e-02
 -7.66157955e-02  1.73299350e-02  1.38672646e-02 -9.51769873e-02
 -1.98778864e-02  3.70311551e-02 -6.30703196e-02  4.34483737e-02
 -1.37136178e-02  6.68294951e-02 -8.69428217e-02  2.08340250e-02
  1.01356320e-01 -1.32451113e-02  1.29088312e-01  4.44175005e-02
 -1.46669671e-01 -3.34241726e-02 -3.90750952e-02  1.20309182e-01
 -9.92870145e-03 -1.37145191e-01 -3.58478189e-03 -2.31513046e-02
  1.94368567e-02 -9.13174003e-02  2.88497806e-02 -1.12798817e-01
 -7.47727156e-02  1.94821060e-02  3.10665444e-02  4.62749638e-02
 -3.53858471e-02  3.28184217e-02  1.55238817e-02  1.05058849e-02
 -1.58605017e-02  1.52795538e-02  3.87776941e-02 -4.22687717e-02
  1.29829701e-02  2.62021925e-02  7.63602778e-02  4.45716493e-02
  1.25050852e-02  2.64518298e-02 -7.19631687e-02 -3.16332728e-02
 -8.79484192e-02 -8.31949292e-04  6.55506104e-02 -5.22833057e-02
  4.86370586e-02 -7.39718750e-02  3.53428838e-03 -3.37978778e-03
  1.01681240e-01 -5.69158494e-02 -4.72820140e-02 -6.28292635e-02
  1.71457522e-03  1.80546325e-02 -2.78668683e-02 -1.91321146e-33
 -4.12796112e-03  3.50642763e-02 -8.57070740e-03 -3.93017717e-02
  3.00693209e-03 -8.03326964e-02 -1.89927481e-02  8.03606864e-03
 -3.87835279e-02 -1.02829039e-01  1.47186033e-02  3.19846570e-02
  5.16924728e-03  4.53122519e-03 -1.99209480e-03 -8.33148211e-02
  2.13385448e-02 -3.83051932e-02 -6.12085387e-02 -7.18424246e-02
 -5.75191993e-03 -5.37111983e-02 -5.36837764e-02 -1.21074328e-02
 -3.12095997e-03  4.96223709e-03 -1.91760790e-02 -2.20429134e-02
  1.13661818e-01 -6.14788458e-02 -4.35556509e-02  9.01062712e-02
 -4.69302535e-02  3.57334688e-02 -3.64880338e-02  5.01579307e-02
 -8.08725879e-03  3.29457014e-03 -4.77178320e-02 -6.61359052e-04
 -3.06121481e-04 -7.48193264e-02 -8.70943815e-02 -3.08327167e-03
 -2.08309628e-02 -6.71065152e-02  1.07161589e-02  6.38686726e-03
 -2.37591788e-02  1.43556502e-02  1.38329789e-01  2.11350620e-02
 -1.03721537e-01 -1.66215468e-02  4.01962884e-02  2.68626735e-02
  9.81163234e-02  1.08908834e-02 -6.24428615e-02 -1.24582816e-02
 -2.92353909e-02  1.87243223e-02  1.70087237e-02  3.18363048e-02
  1.06592663e-02 -4.78010885e-02 -1.45596759e-02 -2.59668678e-02
  7.22428411e-02  2.52520405e-02 -2.52310615e-02 -3.40864807e-02
 -7.91789591e-02 -1.05989024e-01  3.73567566e-02  7.55549734e-03
 -8.66038632e-03 -8.32912773e-02 -2.60493774e-02  1.81190334e-02
 -3.66679095e-02 -8.19266215e-02  3.95897962e-02 -2.07127035e-02
  4.43971120e-02 -3.43883969e-02 -8.36599469e-02 -6.36963248e-02
 -1.07093210e-05  1.42827749e-01 -1.06638111e-01 -3.74272615e-02
 -7.51021057e-02 -3.65564115e-02 -6.15423545e-02 -6.30160741e-08
  5.75895421e-02  5.81182092e-02  3.79452817e-02  4.45866212e-02
  1.25726275e-02  7.94899743e-03  5.74059896e-02  5.15081435e-02
 -7.43569434e-03  3.74368541e-02  5.29903844e-02  3.25198732e-02
  1.49580091e-01  4.20992896e-02 -1.37421833e-02  1.47637702e-03
  3.20024639e-02  1.36846574e-02 -2.20101289e-02 -4.64830361e-03
 -5.59762307e-03  2.91715376e-02 -6.28989339e-02  2.61071920e-02
  3.90053131e-02 -9.28392541e-03  6.00973330e-02  7.84408823e-02
 -9.01770033e-03 -3.48121487e-02 -3.09733227e-02 -2.31502000e-02
 -7.83759542e-03 -2.61884611e-02 -3.58523019e-02 -7.96025693e-02
 -4.53233067e-03  2.94217486e-02 -2.36402988e-03 -2.49082036e-02
 -1.87239032e-02  9.74769238e-03 -1.88148767e-02  3.50198820e-02
 -4.22398821e-02 -4.19036224e-02 -6.34136423e-02  3.58359441e-02
 -1.63889322e-02  9.12940130e-02 -7.97457155e-03 -6.20233417e-02
 -4.72969450e-02 -1.60168707e-02  5.29226847e-02  2.91043632e-02
 -5.04693203e-03 -3.04357260e-02 -2.53100507e-02  9.74678667e-04
 -2.11809506e-03 -8.77546370e-02 -3.50200459e-02  5.38123725e-03]",False,False
The ONE NUMBER That Connects Hurricanes to Climate Change,David Pakman,progressive,"been a tough weekend for many parts of Florida and the southeast of the US with hurricane Irma- and I am NOT a meteorologist, this is not the Weather Channel and there's plenty of coverage of the impact of that particular hurricane. but I want to keep building on our sort of conversation and understanding about the connection between climate change and individual weather events and, like I told you last week, whenever there's a hurricane, the anti-science crowd says it's not time to talk about climate change. that's politicizing a natural disaster. my view is, any opportunity to talk about climate change is a good one and there is a relationship between extreme weather events, and their frequency and severity, and climate change, but it's a complex relationship. again, I told you this last week. generally speaking, when you have a warmer ocean, that serves is more fuel for storms to build rather than dissipate. there's a very important number that tells us so much more about how and why climate change connects to more and more severe hurricanes, and it's called the clausius-clapeyron equation. I have no idea if I'm pronouncing that correctly, but that's roughly what it is. some people call it the clausius clapeyron relation and it's a physical law and it predates the modern politicization of climate change by several centuries, in fact, and quite simply, what that relation states is that every time air temperature goes up by one degree Celsius, that air can.",0.589,"[-2.35390291e-02 -1.46664493e-02  5.68808317e-02  8.54666606e-02
  3.22335400e-02  1.99396983e-02 -2.84079686e-02  1.24586290e-02
  6.13398068e-02 -5.66695146e-02 -9.44402963e-02 -2.38703694e-02
  1.56004895e-02  4.39939722e-02  6.25275373e-02  8.35843198e-03
 -1.08497694e-01  1.82633121e-02 -4.56465147e-02  6.10237047e-02
  1.62349008e-02  7.13848025e-02 -1.08478121e-01  8.63504596e-03
 -5.28326258e-02 -1.84429511e-02 -3.53390239e-02  8.00392479e-02
 -1.03515863e-01  1.06007285e-01 -6.61507025e-02  1.35219460e-02
 -4.94497735e-03  5.05378190e-03  1.53480386e-02  2.71579307e-02
 -1.00171529e-02  4.21974435e-02 -7.68399984e-02  5.87634295e-02
 -3.50482091e-02 -3.22378203e-02  6.44288510e-02 -1.40126254e-02
 -8.96344893e-03 -5.29489145e-02 -3.85977179e-02  7.75313079e-02
 -1.74569320e-02  3.80190206e-03 -4.48927879e-02  5.54766431e-02
 -7.37403259e-02 -1.85850430e-02  5.56072872e-03  5.59759811e-02
  3.25685591e-02 -2.07684636e-02 -3.23047750e-02 -2.87426021e-02
  4.21078503e-02  5.68347909e-02 -7.60330483e-02  2.12657750e-02
  7.82561488e-03  4.56831716e-02 -1.39442841e-02  1.25356466e-01
  4.27542143e-02  3.86824198e-02 -4.27478254e-02  5.95534593e-02
  8.81170854e-02  3.68347242e-02  3.59455980e-02 -4.48786430e-02
  5.52987158e-02  9.14071873e-02  7.23697692e-02  1.68116279e-02
  8.42236057e-02  1.06864218e-02  2.51949597e-02 -6.50677010e-02
  1.28578311e-02 -7.32549187e-03  5.35658794e-03  3.42769958e-02
  5.23056909e-02  2.35140417e-02 -4.56233248e-02 -7.50982687e-02
  1.12203889e-01  2.76083443e-02  3.74705978e-02  1.17991805e-01
 -2.48414241e-02 -9.83310491e-02  4.99161892e-03  4.73913178e-03
 -5.63584454e-03 -5.30501381e-02 -3.77221033e-02 -7.92543367e-02
  2.97705904e-02  5.79378847e-03 -1.22831762e-01 -1.03778802e-02
 -1.10031068e-01 -1.01698851e-02 -6.22702800e-02  3.34348865e-02
 -4.84167859e-02 -4.20203023e-02  6.25088289e-02  2.12454386e-02
 -2.70044357e-02 -2.07987390e-02  1.30211387e-03 -4.68428954e-02
 -4.78303879e-02 -2.46493947e-02 -2.94184852e-02  4.51076627e-02
  5.13746776e-02  2.38924995e-02  2.53598318e-02 -5.01914506e-34
  1.11395009e-01  4.98782136e-02  6.93511264e-03  6.60667047e-02
  5.67328222e-02  6.58357888e-02 -4.58623357e-02 -4.34903763e-02
 -1.36451796e-02 -1.44173969e-02  5.03837205e-02  5.63268550e-02
  2.23625358e-02 -9.04768240e-03  3.43879126e-02 -6.06200770e-02
 -7.62640536e-02 -1.56075219e-02 -5.45927435e-02 -3.27188037e-02
 -7.94245750e-02  6.52058199e-02 -6.00509625e-03 -1.67274624e-02
  4.39635292e-02 -4.14396003e-02  3.96911390e-02 -1.09124808e-02
 -4.54449318e-02  7.75818527e-03  3.00925714e-03  6.68687280e-03
 -1.84533950e-02 -6.87095374e-02  8.70648995e-02 -5.88272884e-02
 -2.85062045e-02 -2.61425488e-02  3.06343264e-03 -1.98420268e-02
 -4.68880869e-02  1.58172958e-02 -1.01350874e-01  7.99179003e-02
  9.65769961e-02  1.42688761e-02  1.09966420e-01  4.84720003e-05
 -8.67340714e-02 -7.34393075e-02 -5.16218655e-02  1.99562442e-02
  2.31521279e-02 -6.47816285e-02 -6.00973796e-03 -1.05469348e-02
  1.03975147e-01 -6.42430410e-03  2.84585916e-02 -1.16492264e-01
  2.28582416e-04 -9.29747615e-03  1.04020797e-01 -1.34392709e-01
  6.70702532e-02  6.12182468e-02 -3.00737936e-02  4.33697999e-02
 -2.99312128e-03 -4.52266373e-02  3.41481268e-02  4.62315802e-04
  3.63531113e-02 -3.00609856e-03  2.43870262e-02  3.95777114e-02
  2.84957644e-02  4.78658788e-02  2.01742388e-02  6.01047240e-02
 -7.11482167e-02  6.29572570e-03  7.63144493e-02  8.40416364e-03
 -3.72239463e-02 -1.69822499e-02  1.80018190e-02  5.64002246e-02
  5.14131039e-03  2.17809505e-03 -9.93925799e-03  3.36254835e-02
  8.99360180e-02 -1.13101089e-02 -1.29520325e-02 -1.58983242e-33
 -3.08718681e-02 -3.95555757e-02 -4.62676249e-02 -1.05381422e-02
 -3.32239233e-02 -7.60380626e-02 -3.19148637e-02 -2.46415213e-02
  5.12669794e-02 -9.33084562e-02 -6.52142987e-02  3.92337469e-03
  7.11798714e-03 -6.73962012e-02  4.35869815e-03 -3.77748273e-02
  2.81931570e-04  1.44432085e-02 -7.46854097e-02 -1.98593307e-02
  9.82933212e-03 -4.10092548e-02 -1.18305847e-01 -3.22696241e-03
 -4.48131151e-02 -3.19627784e-02  8.92946050e-02 -1.94817279e-02
 -1.07385300e-03 -5.18515110e-02 -6.93080500e-02  6.16760701e-02
 -1.89534277e-02  2.17114855e-02 -6.99346587e-02  8.03692192e-02
  6.80145472e-02 -1.31492585e-01 -2.34339871e-02 -7.14261755e-02
  3.99066992e-02 -6.25036210e-02  1.63379908e-02 -7.88578093e-02
  3.85529250e-02  2.64314446e-03  4.17508073e-02 -4.20986768e-03
  6.94930553e-04  6.87818080e-02 -1.40800579e-02 -5.75264879e-02
 -5.06068245e-02  2.15924233e-02  5.57814119e-03 -4.02403343e-03
  2.88119670e-02 -8.36953670e-02 -7.67029226e-02  4.04268205e-02
 -2.13048365e-02 -9.98017658e-03  3.88152176e-03 -7.91419484e-03
  1.81116238e-02 -6.15996048e-02 -2.35391203e-02 -5.40965386e-02
  7.03134984e-02  7.85708835e-04 -1.94044784e-03  2.49610581e-02
 -6.81396723e-02 -3.13773975e-02  4.45733182e-02 -2.35627107e-02
 -1.95939876e-02 -3.13598290e-02 -9.50541943e-02  9.00926143e-02
 -5.58347553e-02  2.12270357e-02 -4.23500501e-02  2.70502381e-02
 -5.22805797e-03  2.99619138e-02  6.31951094e-02 -3.01941317e-02
  1.56386439e-02  5.40933609e-02 -8.78059119e-02  1.48101673e-02
 -9.49824452e-02 -1.02950111e-02 -4.10991348e-03 -5.49931904e-08
  7.41004050e-02  6.99012429e-02  3.16535905e-02  3.06976326e-02
  4.96793576e-02 -5.14398701e-02 -3.28423642e-02 -2.89743412e-02
 -1.14670047e-03  3.15400329e-03  3.24464589e-02  6.49609491e-02
  4.81965579e-02 -1.32628791e-02  6.16470026e-03 -7.05550760e-02
  1.01392269e-01 -7.92903006e-02 -5.51496930e-02 -4.11932953e-02
  1.01851337e-01  3.34873721e-02 -6.49996400e-02  7.61363432e-02
  9.02608559e-02 -1.32669532e-03  3.49687636e-02  6.68697730e-02
 -3.09461467e-02 -5.18130027e-02 -6.43386096e-02 -2.66432595e-02
 -9.79078636e-02 -2.50987848e-03 -4.39286977e-03 -2.09635440e-02
  2.48972289e-02 -2.37124749e-02  2.88970470e-02  1.53638283e-02
  3.46784964e-02  1.85924005e-02 -2.35762261e-02  1.07441500e-01
  3.05475178e-03  9.58838314e-03 -3.98056917e-02  4.05836254e-02
 -1.62693504e-02  3.47107090e-02 -1.10399490e-03 -3.42278369e-02
 -3.59480083e-02  9.03226342e-03  7.64179453e-02  4.92498465e-02
 -3.18421423e-02  3.64958569e-02  4.39581349e-02  5.98182939e-02
 -3.40235941e-02  2.70338682e-03 -9.20666978e-02  4.90572304e-02]",True,False
The ONE NUMBER That Connects Hurricanes to Climate Change,David Pakman,progressive,"effectively hold seven percent more water. well, you might be saying: great, we don't have to worry, we use fahrenheit in the US, so the impact won't really be as bad. of course that that would be moronic, and the significance with hurricanes and extreme weather is pretty direct. here's a quote from Gabriel vecchia's, a professor of geosciences at Princeton University. he said: a warmer ocean makes a warmer atmosphere. a warmer atmosphere can hold more, so, all other things equal, the same storm in a warmer planet would give you more rainfall. now, this is not literally true, right that the saying the atmosphere can hold 7% more water. it's more accurate to say: there's more energy in the weather cycle, so it can move more water. it's- it's sort of a shorthand, right the? the atmosphere can hold 7% more water. and of course, climate change encompasses a lot more than just water. we've talked about pollution. we've talked about the oceans ability to carry life as a result of acidification of oceans. it's a long list. but as far as weather is concerned, this summer's hurricane season has been particularly warm. in the region of the Atlantic, where hurricanes forms, sea surface temperatures have been anywhere from half a degree to a degree Celsius above average. the higher temperatures mean that hurricanes will store more water, which they will eventually dump when they make landfall, which means bigger storm surges and more flooding. but let's talk.",0.701,"[-2.16511954e-02  2.55974997e-02  3.72476391e-02  3.93107049e-02
  3.91899906e-02  1.31847849e-02  2.59219818e-02 -7.70748826e-03
 -1.64535288e-02  1.58409812e-02 -1.15613483e-01 -6.13761656e-02
  4.95258868e-02  3.61250415e-02 -1.09915910e-02  4.08850908e-02
 -1.00866638e-01 -6.08639850e-04 -9.98472497e-02  4.27712388e-02
 -1.60915665e-02  3.91149595e-02 -2.47087404e-02  2.65066344e-02
 -1.01296222e-02 -8.11086595e-03 -4.01235521e-02  9.73339230e-02
 -1.80147663e-02  2.83485260e-02 -2.55434271e-02  5.01112007e-02
  8.37548524e-02 -8.55140164e-02 -3.59929837e-02  3.66711579e-02
  2.97071468e-02 -5.24765290e-02 -1.64344534e-02  2.58213654e-02
 -8.12210366e-02  4.69756592e-03  2.11104285e-02  8.18124041e-03
 -2.69439090e-02 -3.73756397e-03 -4.24543433e-02  5.98556437e-02
 -3.57064530e-02  6.32916316e-02  3.00894422e-03  1.99366044e-02
 -7.72313029e-02 -2.47161109e-02 -3.77859250e-02 -3.83868925e-02
  1.14323907e-02 -4.52319086e-02 -3.43700452e-03  1.42061908e-03
  1.35467295e-02  3.74572575e-02 -8.28516018e-03  3.88666242e-02
  2.13911682e-02 -8.60872418e-02 -6.04356714e-02  9.18461680e-02
 -9.69060808e-02  3.88002768e-02 -3.84869166e-02  8.28826427e-02
  2.04395968e-02 -5.22748753e-02 -2.01463997e-02 -8.76591504e-02
  1.36147859e-03  2.90240739e-02  6.33701235e-02  4.45978437e-03
  9.30304006e-02 -3.67208496e-02  8.84244666e-02 -3.02166063e-02
 -3.32224295e-02 -2.25153342e-02  1.70685519e-02 -3.88482176e-02
 -1.19950613e-02  6.63225679e-03 -1.91209987e-02 -7.05366880e-02
  4.24533784e-02 -6.19210023e-03 -2.12035943e-02  1.72937647e-01
 -5.94791630e-03 -8.59881565e-02  1.28131197e-03  4.03884007e-03
 -1.61503274e-02  3.10492562e-03  6.45325407e-02 -9.28977225e-03
  1.15565658e-01 -5.45286909e-02  2.43220106e-02  4.46845740e-02
 -7.26219965e-03 -6.49206489e-02 -5.62206767e-02  9.01324116e-03
 -2.99268235e-02  3.54629159e-02  7.15237036e-02 -4.37197722e-02
  8.05298705e-03  2.67400388e-02  2.20073212e-04 -2.46272851e-02
 -3.34499516e-02  1.64834503e-02 -2.59455144e-02  4.98597771e-02
  6.25047907e-02  3.83553579e-02 -1.03987241e-03  6.95422642e-34
  1.20132677e-01 -4.38460708e-02  2.12205332e-02  9.95226130e-02
  4.13901359e-02 -2.93222889e-02 -4.09529684e-03 -1.62883941e-02
 -6.45237509e-03 -5.68475015e-02 -7.10510388e-02 -6.99741766e-04
  6.12982400e-02  7.27889240e-02  1.75766926e-02 -4.40076701e-02
 -6.71532005e-02  1.31242806e-02 -1.32694859e-02 -1.38372378e-02
 -1.28891543e-02 -2.15451680e-02  1.86981093e-02 -3.47258300e-02
  8.10177028e-02 -6.38644546e-02  3.59191373e-02  5.51070720e-02
 -6.96778006e-04 -4.84226160e-02 -2.11622790e-02  7.03088045e-02
  3.48724350e-02  1.91956926e-02  6.38584867e-02 -7.27487803e-02
  4.23692390e-02 -5.26905991e-03  7.10400864e-02  7.85070881e-02
 -5.33367284e-02 -1.41240107e-02 -3.35831642e-02 -1.14075206e-02
  1.27780825e-01  3.81995514e-02  5.80145754e-02  1.36879450e-02
 -8.43306854e-02 -1.78530924e-02  3.27691361e-02  3.35978754e-02
 -5.84894232e-02  4.24780957e-02 -4.32146415e-02 -3.28027792e-02
  4.92174998e-02  1.16624041e-02  1.80709213e-02 -2.69630104e-02
 -6.72069564e-02 -1.72677040e-02  6.24376386e-02 -6.29591048e-02
  5.12472168e-02  8.04013759e-02  1.17687255e-01 -2.52546240e-02
  4.27652989e-03 -5.09301051e-02 -4.48560156e-02 -3.68386023e-02
  5.00202999e-02  3.02495919e-02  2.50159595e-02  2.70323660e-02
  5.93982376e-02 -6.53692558e-02 -2.90192198e-02  6.13668598e-02
 -4.73933518e-02  1.06510250e-02  9.77852717e-02  4.42559365e-03
 -1.17141688e-02 -6.27244934e-02  3.66046391e-02 -7.59588322e-03
  5.69668487e-02  4.92283218e-02  1.39938695e-02 -3.64068672e-02
  5.32632973e-03 -6.18828572e-02 -4.64539480e-04 -2.09665874e-33
 -1.33435037e-02 -4.70154136e-02 -7.45876133e-02  2.71814987e-02
 -4.39239517e-02 -5.26215173e-02  2.59864926e-02  3.94694088e-03
 -1.60762370e-02 -1.01823054e-01 -1.02506652e-02  1.38411105e-01
  5.53076118e-02 -5.19893169e-02 -5.84597439e-02 -6.52813464e-02
 -4.39794287e-02  6.99123666e-02 -2.84409150e-02 -7.68888220e-02
  4.25908230e-02 -9.20964703e-02  1.61310509e-02  7.67052844e-02
 -1.70461610e-02 -3.41872796e-02 -6.09135143e-02 -2.28248928e-02
  7.35847950e-02 -1.47470254e-02 -2.91525889e-02  1.47603275e-02
  2.03172909e-03  3.45796570e-02  1.78235564e-02  3.81744951e-02
  3.95499878e-02 -3.91083173e-02 -5.59731312e-02  4.24676724e-02
  2.29324903e-02 -1.15618445e-01  9.18447599e-02 -1.17871888e-01
  9.90334153e-02  4.46047932e-02  1.08660735e-01 -1.70464050e-02
  5.39971963e-02 -3.33748199e-02  5.16073741e-02 -1.01510569e-01
 -3.45628932e-02  1.18634462e-01  4.97390553e-02 -7.72101060e-02
  4.29631099e-02 -9.60392356e-02 -2.71392260e-02  6.41688555e-02
  3.48036364e-02  9.13143158e-03 -2.31963135e-02 -1.48036738e-03
 -1.49383601e-02 -5.51929884e-02 -4.56065312e-02  3.00804358e-02
 -1.13893300e-02  7.98893813e-03 -5.26728183e-02 -9.17302743e-02
  5.72827049e-02  1.34207699e-02  7.66441599e-02  1.35573503e-02
 -1.71238892e-02 -1.53183974e-02 -8.74353126e-02  1.34391457e-01
 -7.47583210e-02  1.55695984e-02 -8.52196217e-02 -2.42122598e-02
 -4.40053008e-02  2.30335332e-02  9.07372162e-02 -1.25257775e-01
  5.24677634e-02  5.36795370e-02 -7.25875273e-02  1.29389605e-02
 -1.00348435e-01 -3.19839381e-02 -1.18202344e-02 -5.56157111e-08
  1.27692567e-02 -2.14049686e-02  4.19757999e-02 -7.48604909e-02
  4.01500724e-02  3.74933444e-02  2.09033806e-02  3.34928483e-02
  2.19058115e-02  1.85615215e-02  3.83450724e-02  2.34200917e-02
  4.61964235e-02 -1.18726091e-02 -6.03243969e-02 -5.95084652e-02
  8.69452953e-02 -7.51472041e-02  2.64006257e-02 -1.70046128e-02
  7.68987238e-02 -3.23882550e-02 -6.25936836e-02  6.83213491e-03
  1.17301852e-01 -3.17387395e-02  2.83206720e-02  7.24038109e-02
 -4.13111746e-02 -8.88942704e-02  1.19640445e-02 -9.09741819e-02
 -1.70280468e-02 -2.59372089e-02  1.64525453e-02  7.53565505e-03
  2.70384047e-02 -2.61829440e-02  1.71906073e-02  1.11234495e-02
  2.37492714e-02  3.86494808e-02 -8.98579508e-03 -1.26967756e-02
  6.05547708e-03  1.35456780e-02 -5.36598712e-02  1.71562098e-02
  1.84118133e-02 -4.97919915e-04  2.57730987e-02 -7.27519533e-03
  1.77934151e-02  2.18426134e-03  1.48251059e-03  1.59648191e-02
 -7.59003684e-02  3.91667560e-02 -4.46987413e-02  4.14988101e-02
 -1.45297758e-02 -4.21853773e-02 -2.90861465e-02  6.29593804e-02]",False,False
The ONE NUMBER That Connects Hurricanes to Climate Change,David Pakman,progressive,"a little bit about the math, because very often the devil is in the details. the most important thing I can tell you about this equation is that for every degree of temperature increase, you add 7% to the holding capacity of the atmosphere, not 7 units. this means that it is an exponential increase. it's sort of like compound interest: if you put a hundred bucks in an account earning 5% interest, that first year you earn five dollars, but next year you earn 5% of the hundred and five dollars that you now have. meaning in year two you're adding five dollars and 25 cents. same thing with the air temperature. meaning that one degree increase adds 7%. the second degree increase adds another 7%, which is a growing amount of water that can be conceivably held. add that to the fact that damage caused by rainfall or flooding is also exponential. right, with snow, you can think about it: two inches of snow doesn't really cause much more chaos than an inch of snow. 1/3 inch of snow- it starts to get a little dicey. the third inch of snow causes a lot more chaos than the second inch, and so on, until eventually you've got enough snow that power lines become down, etc. same thing with rainfall, and that's why all of this Pat, the financial damage grows exponentially. it's all exponential equations and that's what a lot of people don't get when they say: well,",0.634,"[-3.70846912e-02 -4.08612099e-03  9.47977453e-02  1.09937042e-01
  5.15300184e-02 -5.55274487e-02  1.39005613e-02  1.52406972e-02
  5.96351773e-02  1.09257095e-01 -6.64136410e-02 -7.31977075e-02
  6.27885610e-02  3.04039828e-02  3.33094932e-02  8.23878776e-03
 -1.27881736e-01 -2.24400740e-02 -1.01404689e-01  1.06739637e-04
  6.73821568e-02 -4.96824160e-02 -4.11647111e-02  2.87506482e-05
  4.39164303e-02  1.76612334e-03 -4.91911955e-02  6.26454577e-02
 -1.84378941e-02  2.71012504e-02 -2.67843455e-02  4.88443263e-02
  7.24043027e-02 -2.60238685e-02 -4.76146191e-02  1.96801242e-03
  3.79375033e-02  7.25499839e-02 -8.64718035e-02  2.32128985e-02
 -5.01575992e-02 -4.43512425e-02  1.71163417e-02  3.07382364e-02
 -2.46440079e-02 -3.83371278e-03 -1.91029459e-02  1.01852365e-01
 -5.17397653e-03  2.27282811e-02 -4.56892513e-03  2.89036483e-02
 -8.47961530e-02  4.18720804e-02 -9.63898562e-03  1.69767495e-02
  4.10390347e-02 -8.90255067e-03 -7.85323977e-02  2.00362550e-03
  3.45926313e-03  5.61841615e-02 -5.10821603e-02 -4.88661742e-03
  1.05933741e-01 -5.85237816e-02 -5.37252128e-02  1.28557719e-02
 -1.04492381e-01  7.27598816e-02  7.60774035e-03  5.76450787e-02
  3.67536955e-02 -9.65175182e-02  5.66069707e-02 -1.00246653e-01
 -2.72583757e-02  4.76788655e-02  7.43602663e-02  3.87777388e-02
  9.06493664e-02 -2.68771639e-03  3.25163938e-02 -6.45435229e-02
 -5.80373295e-02 -4.37491424e-02  9.76817682e-02  1.41227487e-02
  6.89813867e-02 -1.11287076e-03  2.20636767e-03 -2.32089460e-02
 -1.92545988e-02  1.79308131e-02 -1.49588585e-02  1.35809913e-01
 -8.45864788e-03 -1.56065049e-02 -8.95350147e-03  9.68080293e-03
 -4.71428633e-02 -4.34828512e-02 -8.97252653e-03  2.33706851e-02
  1.36101440e-01 -4.73418459e-02 -7.79959885e-03  2.94772256e-02
 -8.44697375e-03  8.20573140e-03 -3.38237695e-02 -1.21050337e-02
 -1.09931445e-02  5.66749088e-02  6.47429451e-02 -1.99814886e-02
 -3.22480453e-04  1.39990682e-02 -2.03644577e-02  2.03138031e-02
  5.35939224e-02  6.68419376e-02 -2.34504752e-02  7.70334601e-02
  1.13830259e-02 -2.04633754e-02  1.45124150e-02  4.42814673e-33
  6.79387823e-02 -1.89379845e-02  4.63972315e-02  1.05497222e-02
  2.13743225e-02 -9.95144323e-02 -7.72573873e-02  1.37180584e-02
  3.95173915e-02  5.90300970e-02 -6.17273413e-02  7.87443668e-02
  6.76105171e-02  7.26953000e-02  8.94558802e-02 -3.65397036e-02
 -6.83284327e-02  1.25369076e-02  5.12437001e-02  1.53949568e-02
 -8.65151286e-02 -3.38437930e-02  1.57033093e-02  3.06823440e-02
  1.52130779e-02 -2.45077237e-02  2.24855002e-02  6.40919507e-02
  1.80357732e-02 -3.04677468e-02  7.28280619e-02  2.05456857e-02
 -5.86605668e-02 -7.61169866e-02 -5.68609405e-03 -4.25407141e-02
  6.52515367e-02 -1.39001785e-02  4.66469191e-02  5.30700646e-02
 -9.28881541e-02 -2.77356189e-02  5.68622872e-02 -2.96833217e-02
  2.65337024e-02  4.65663299e-02  1.92916114e-02 -3.29317935e-02
 -7.89298192e-02  2.23179138e-03 -1.38555784e-02  4.03155535e-02
 -7.26172188e-03  2.93089766e-02 -1.96424574e-02  5.01598716e-02
  3.67912762e-02  1.07356142e-02  2.24649180e-02  2.36667506e-03
 -7.74274245e-02 -4.60421816e-02  1.20079763e-01 -4.57849763e-02
 -3.74571905e-02 -3.44425091e-03  7.83994123e-02  4.38879915e-02
  2.70431340e-02  3.95487435e-02  5.41608734e-03 -2.50075106e-02
  3.43942344e-02  1.04201147e-02  2.15387978e-02 -2.33291965e-02
  3.71183865e-02 -8.89265314e-02 -1.06268907e-02  6.43131807e-02
 -1.27959147e-01 -3.61822993e-02  7.08102584e-02 -3.17915864e-02
 -6.55063987e-02 -7.81319961e-02  2.83818087e-03  3.11164074e-02
  1.65078379e-02 -1.59316864e-02 -3.27836834e-02 -1.70512460e-02
  6.40348122e-02 -3.21876928e-02  1.73263643e-02 -5.55608462e-33
 -1.77649576e-02  2.29888479e-04 -5.96154630e-02  1.20525677e-02
 -2.79359613e-02  9.83486138e-03  1.18321721e-02  1.83193628e-02
 -1.06150657e-02 -7.23682791e-02 -1.72686856e-02  1.15061998e-01
  4.69278209e-02 -3.19728479e-02  1.97001155e-02 -6.73100129e-02
 -2.62241513e-02 -1.33038554e-02 -4.52996977e-02 -7.27393031e-02
 -1.90478936e-03 -2.16389429e-02 -2.07789186e-02 -3.80630866e-02
  6.25740940e-05 -4.18500528e-02 -6.86918497e-02  1.07052894e-02
  2.65372694e-02  2.36241017e-02 -7.33855143e-02  3.20949405e-02
 -5.88300359e-03  4.21523396e-03 -3.53615806e-02  5.30954264e-02
  2.99588572e-02 -6.17364831e-02 -3.93046439e-02 -5.96417636e-02
  5.49261458e-02 -9.58238393e-02  1.12758614e-01 -9.16635096e-02
  1.39405727e-01 -4.36349325e-02  1.05535135e-01  7.05526397e-02
  1.29237205e-01  1.38999401e-02  8.65706876e-02 -3.24380659e-02
 -8.07050094e-02  6.44342229e-02 -7.44768931e-03 -3.86356600e-02
  1.19744437e-02 -7.76930079e-02 -7.39645883e-02  2.11314093e-02
 -4.77015693e-03 -4.11138013e-02  1.69680957e-02  3.47618982e-02
 -8.89443234e-02 -4.36330773e-02 -8.91623572e-02 -4.47385944e-02
  4.69254330e-02 -1.94792114e-02 -3.31315920e-02 -2.32930165e-02
  6.27840636e-03 -4.97912914e-02 -1.21474527e-02  8.49214615e-04
  3.51589099e-02  1.08852023e-02 -4.60519977e-02  1.08714569e-02
 -8.97864401e-02  8.76387507e-02 -3.13164317e-03 -1.51145924e-02
 -8.10821652e-02 -8.01017508e-02  8.50102007e-02 -8.73462111e-02
 -1.65088512e-02  5.91411255e-02 -9.05584246e-02  1.93764009e-02
 -1.17017411e-01 -7.59302452e-02 -5.32914028e-02 -6.59040182e-08
 -1.67392828e-02  2.03754939e-02 -6.22113643e-04 -4.29194933e-03
  7.49234855e-02  6.87136594e-03  5.55884764e-02 -1.20748125e-03
  7.17091421e-03 -1.08384239e-02  3.14872973e-02  8.46234187e-02
  6.59294426e-02  6.46868944e-02 -6.19001240e-02 -2.37941220e-02
  3.08451336e-02 -6.16379501e-03 -1.27242813e-02 -7.33623803e-02
  2.48438139e-02 -1.16873858e-02 -4.36186828e-02 -2.30045873e-03
  6.82646185e-02  3.47548500e-02 -3.71920061e-03  3.17104533e-02
 -8.63058213e-03 -1.21784592e-02 -2.45877616e-02 -5.89442439e-02
  2.96104904e-02  1.12818629e-02  6.35728538e-02 -1.30269164e-02
 -2.49549607e-03  3.84027660e-02  1.09557183e-02 -5.18603176e-02
  3.60164754e-02  4.86754021e-03  3.41736786e-02 -1.93570573e-02
  1.09481029e-02 -2.59617940e-02 -7.95830861e-02  2.09281966e-02
  4.40063477e-02  6.76851580e-03  3.15616429e-02  2.99439970e-02
 -3.63467038e-02  2.89024226e-03  2.50925496e-02 -3.32870036e-02
 -1.17921278e-01 -1.98732670e-02 -7.33863637e-02  4.70821038e-02
 -2.99863406e-02 -7.30237514e-02 -7.45179132e-02 -1.76374763e-02]",False,False
"If We Don&#39;t Solve Climate Change, Does Anything Even Matter?",David Pakman,progressive,"of my program or programs in general, which is, if you really want a big picture, it we're all dead. the Sun is eventually going to expand and engulf the earth and if Homo sapiens has not found some other place to live, Homo sapiens will die out. I mean, I'm taking it to them, taking the fatalism to a saw extreme-right vitaliy, but there's a point to this. so then we come back to any one activist or any one show. I mean, yeah, you're right, there are in modern American and sort of global society a few major meta issues. you've identified one, which is climate change in the destruction of the planet. in order to make change happen in a serious way, we need to change the way that politics is financed and controlled by the rich and by corporations. that's another meta issue. we need to change how it is that we select our leaders. you know there's these sort of three or four meta issues that exist and if we don't deal with them, then we're kind of doomed. but but I think that that's what we're trying to do. I mean, we talk about these issues on our show and your how. you're obviously right that if those issues aren't dealt with we're in trouble, but I don't know that that gets us to a point of why even bother? I don't. it doesn't get me to. why even bother? no, I, I'm what.",0.663,"[ 5.32238558e-02 -8.63063429e-03  5.25545329e-02 -5.90159893e-02
  1.14665270e-01  5.26811741e-02 -4.24141847e-02  3.49967484e-03
 -4.85257134e-02  1.81087982e-02 -1.03901684e-01 -4.08994500e-03
 -7.58870691e-02  1.79670360e-02  2.56941337e-02 -5.23287989e-03
 -3.98583002e-02 -2.63083447e-02 -6.12738281e-02  9.85671058e-02
 -2.90644057e-02  6.96276501e-02  6.13921974e-03  8.66051391e-02
 -1.26045167e-01 -1.48635041e-02 -1.43912490e-02 -1.99739821e-02
 -6.82747960e-02  4.40247394e-02  7.20629469e-02  3.68512832e-02
 -1.40529396e-02 -2.49176677e-02  2.86280885e-02  1.34612948e-01
  4.53432687e-02 -1.44186215e-02 -2.17227079e-02 -4.34930101e-02
  2.72538271e-02 -6.58816919e-02 -4.81307954e-02 -8.18257630e-02
 -1.12318574e-02 -2.96266284e-02 -2.36476343e-02 -1.74613744e-02
 -2.88556833e-02 -5.11764921e-02 -4.49157394e-02 -8.44118465e-03
 -5.70745347e-03  3.05782654e-03  4.86050099e-02 -4.59599942e-02
  2.66860295e-02 -3.06016654e-02  2.48270351e-02 -1.08240411e-01
  8.91399686e-04 -5.50767072e-02 -3.76143754e-02  4.37465049e-02
  5.49700521e-02  1.56952143e-02  6.27420004e-03  5.36527187e-02
  3.11972760e-02  3.79053294e-03 -6.60567284e-02  4.50035743e-02
  5.44664590e-03  1.67130232e-02 -2.89140083e-02  3.18311192e-02
 -6.84605120e-03 -1.71469022e-02  9.71349925e-02 -3.10116522e-02
  1.99749053e-01 -1.34868629e-03 -1.13651715e-02  2.45810281e-02
  1.81519538e-02 -5.57701364e-02 -4.47083041e-02 -8.33687652e-03
  6.59555420e-02  9.45245754e-03 -1.45657688e-01  1.88864209e-02
  1.03417292e-01  7.56711513e-02  3.45155373e-02  9.33322981e-02
 -7.70455226e-03 -5.75756580e-02  6.09731069e-03  1.09462827e-01
 -2.19702851e-02 -4.55244593e-02  2.07394119e-02 -1.13818355e-01
 -4.15007658e-02 -5.22843748e-02 -3.65223810e-02  1.96979917e-03
 -2.63787005e-02  2.66147275e-02 -2.06028596e-02 -1.08828200e-02
 -3.58343199e-02  9.38502781e-04  1.00710645e-01 -3.40738595e-02
  5.91925606e-02  1.01215169e-02  9.56619903e-03 -3.84010226e-02
 -2.55684610e-02  1.54825822e-02 -3.17056887e-02  3.56581137e-02
  1.10084869e-01  1.23080211e-02 -2.18794402e-02 -3.12827406e-33
 -3.04907784e-02  1.12446696e-02  3.58561538e-02  7.69183114e-02
 -7.91332964e-03  6.82895333e-02 -6.41257688e-03 -1.12700509e-02
 -9.31085786e-04 -2.64153332e-02  1.10185035e-01  4.05444838e-02
  4.59674262e-02  7.94547945e-02  3.07245050e-02 -8.83948505e-02
 -4.49003950e-02 -4.93360087e-02 -1.67785790e-02 -7.01332465e-02
  1.44373756e-02 -3.85350771e-02  1.54054770e-02 -8.58864933e-03
  3.19819823e-02  6.85399398e-03  1.99584737e-02 -9.94814211e-04
  7.48046488e-03 -6.03509136e-03 -2.73497663e-02  4.72933613e-02
 -1.91231014e-03  1.49820037e-02  2.43160799e-02 -4.62550223e-02
 -2.13575326e-02 -2.00530384e-02  2.62300689e-02 -1.89353973e-02
 -2.78774686e-02  8.06734934e-02 -5.62258177e-02  4.47736774e-03
  1.07375532e-01  1.24440324e-02  1.39500022e-01  2.62257215e-02
 -1.01645507e-01  3.13702151e-02 -1.21472599e-02  1.90641843e-02
 -5.28768497e-03 -8.02474320e-02 -5.48947137e-03 -6.59700036e-02
 -2.74970699e-02 -6.28667474e-02 -6.07304089e-02 -1.00096807e-01
  3.28674316e-02 -3.89174595e-02 -2.67905113e-03  5.71298115e-02
  1.75314192e-02  3.95792499e-02 -2.57302336e-02 -1.04303509e-02
 -3.90659086e-02  1.36162154e-02 -2.00681724e-02 -2.62637045e-02
 -7.75531074e-03 -3.43947709e-02 -4.29489687e-02  3.92034352e-02
  8.54954571e-02 -1.88233275e-02 -3.66701148e-02  1.66282263e-02
 -2.04226654e-02 -1.94525272e-02  4.06956952e-03 -2.09469795e-02
  4.51553352e-02 -7.55127370e-02  9.80079472e-02  4.73368876e-02
  7.16156512e-02 -3.21883373e-02 -4.58291732e-02 -5.75375594e-02
  4.57770489e-02  4.27467264e-02 -4.07684110e-02 -9.16901206e-34
 -1.80268623e-02 -1.58023916e-03  2.43513323e-02 -4.30435501e-02
  3.90981100e-02  2.72308439e-02 -2.88041588e-02 -8.82307217e-02
 -7.70041347e-03 -3.38787697e-02 -8.96985363e-03 -1.36109488e-02
  3.58265415e-02  1.61255784e-02  6.48325367e-04 -7.11401105e-02
  4.67546172e-02 -4.98602167e-02 -2.56327186e-02  3.69227789e-02
  1.59900319e-02  7.25590661e-02 -1.59006864e-01  5.67896850e-02
  9.58541688e-03  3.46842818e-02  5.30699641e-02 -1.64530817e-02
  3.84260565e-02  3.54776643e-02 -1.32774441e-02  2.88855173e-02
 -7.47371167e-02 -7.52161304e-03  2.63345614e-03  1.04039453e-01
  4.72306237e-02 -9.93488953e-02 -2.95324847e-02 -1.31386751e-02
  2.71695163e-02 -7.81075805e-02 -9.03377607e-02 -3.82520482e-02
 -6.52452335e-02  1.07820788e-02 -2.79050209e-02  1.09439783e-01
 -7.82237425e-02 -1.71257481e-02 -2.76886597e-02 -1.78079214e-02
 -5.52599989e-02 -1.08478822e-01  3.45891453e-02 -1.41454143e-02
  2.43011247e-02 -3.05876583e-02 -5.01026362e-02  2.70221457e-02
 -4.87855896e-02  3.29515169e-04 -1.10015254e-02 -8.21474493e-02
 -2.89371181e-02 -6.29440695e-02 -1.33473484e-03 -7.88150355e-02
 -1.31954788e-03  7.48571754e-02  1.80763826e-02  1.28939026e-03
 -1.12673156e-01 -9.62803364e-02  1.07316785e-02  1.00573175e-01
 -2.30179001e-02 -2.48477003e-03 -2.36860663e-02  4.42671403e-02
  8.02517831e-02 -2.17563994e-02  8.37407783e-02 -6.80384710e-02
  6.26332238e-02  1.76203027e-02 -1.00078255e-01  1.15850084e-01
 -2.73692254e-02  4.21537161e-02 -7.25003853e-02 -5.88255338e-02
 -9.40242503e-03  2.96236295e-02 -2.08494235e-02 -6.45412683e-08
  3.95698361e-02  2.14734375e-02  4.94461693e-02  2.41880566e-02
 -2.31236406e-02  3.72172184e-02 -3.76525298e-02 -5.82293943e-02
  2.29821559e-02  3.74341719e-02  7.21679814e-03  9.58711281e-03
  5.95836900e-02  9.07598510e-02  1.22628938e-02 -1.98704489e-02
 -5.30068576e-02 -3.33356974e-03 -6.68393373e-02  2.77099982e-02
 -5.11464849e-02  2.84656435e-02  1.51008973e-02 -2.03932952e-02
  5.42397760e-02 -4.01547514e-02  2.09264476e-02  1.01312473e-02
 -6.59538805e-03 -1.60577870e-03 -2.18948890e-02 -9.52830166e-03
 -2.07304135e-02  5.25547899e-02  2.16339845e-02 -1.16562583e-01
 -4.69893068e-02  6.56385943e-02  1.17602441e-02 -6.06916519e-03
  1.23268887e-02  8.57623667e-02  4.22028601e-02  1.46894837e-02
 -4.15340587e-02 -1.58662405e-02 -2.06986237e-02  9.10539851e-02
  3.26677621e-03  2.28149034e-02 -5.24226837e-02 -3.76652591e-02
 -4.53502238e-02  8.05812422e-03  9.78486836e-02  2.86801960e-02
 -3.26115079e-02  8.34830105e-02 -3.09341028e-02  1.89017355e-02
  2.66131423e-02 -5.34284674e-02 -1.10236205e-01 -4.76148538e-03]",False,False
"If We Don&#39;t Solve Climate Change, Does Anything Even Matter?",David Pakman,progressive,"I'm saying is that why even bother, you know, creating democracy if that doesn't give us enough time to actually secure a future for the coming generation, this proper, you know, the next generation, not eventually, not when the Sun burns out, not, not that. I'm talking about the kids that are being born today. they will not basically live to die. that that's pretty much a guarantee for almost every one of them, because you know, you see what's happening with hurricanes, you see what's happening with extreme heat waves, you see what's happening with the food supply, with the immigration, with, you know, quite a lot of stuff, and that's all because we burn fossil fuels. and what I'm saying you're, I believe you're taking it wrong, like you're. you see, there's fatalistic or something I'm trying to say that any ambition that does not take into account the bigger picture is basically pointless. okay, well, listen, that's your point then. I agree with you. I agree that the bigger picture has to be taken into account. this is why I talk all the time about the unsustainability of the idea of infinite and indefinite growth as it is considered economically. I mean in. in that, as you're laying it out, vitaly, I agree with you. ok, I hope I'll be writing to you on Twitter and while proposing probably some public dialog, in that I would be sort of your friendly rival if you wanted that ok.",0.972,"[-1.80618614e-02  6.53663278e-02  1.14629753e-02 -3.52160782e-02
  9.21284035e-02 -1.81040559e-02 -3.07102874e-02 -1.57925133e-02
  2.36509498e-02  5.88394217e-02  7.06538511e-03 -5.00226058e-02
  3.38985994e-02  7.74417305e-03 -1.78912561e-02  6.61250874e-02
 -1.93966888e-02 -6.99310452e-02 -5.77133000e-02  5.65847494e-02
 -6.87955925e-03  5.23219593e-02  5.27643152e-02  6.67645857e-02
 -3.86083089e-02  7.22918510e-02  2.27363352e-02 -1.21392151e-02
 -4.12688628e-02  3.05311885e-02  6.94959760e-02 -2.73460988e-03
 -4.10852395e-02  4.05175537e-02  5.26792035e-02  2.93186195e-02
  5.52239716e-02 -3.51269692e-02  2.55445465e-02 -6.70415759e-02
  2.70326380e-02 -2.70825718e-02 -4.37503904e-02  3.44453081e-02
 -2.65327878e-02 -3.13460045e-02 -5.41418642e-02 -4.61415686e-02
  1.36862211e-02 -1.03033811e-01 -9.94725712e-03 -1.31575614e-02
 -2.79788617e-02 -5.91146201e-02  6.37378171e-02 -2.15933472e-02
  7.77453766e-04 -2.43400782e-02  1.33496225e-02 -1.01665586e-01
  5.46009727e-02 -5.58373344e-04 -4.82149795e-02  1.46307824e-02
 -2.51429416e-02  3.14897820e-02  6.70882314e-02  1.67813059e-02
 -9.87896025e-02  7.44802877e-02 -6.32568449e-02  5.63189872e-02
  4.16588560e-02  1.19059598e-02 -2.22043972e-02 -2.58909725e-02
  2.10397653e-02  4.54720967e-02  3.70633118e-02 -1.95474438e-02
  1.27879500e-01  5.55571094e-02 -1.53834429e-02 -2.38864194e-03
  1.31953387e-02 -2.51090918e-02 -1.81076732e-02 -6.67251647e-02
  1.14257634e-01  5.93462354e-03 -1.63977429e-01 -3.01038870e-03
  9.07171741e-02  7.09571019e-02  6.26651049e-02  4.28947732e-02
  2.15148367e-03  1.83368213e-02 -2.80890539e-02 -4.84466255e-02
 -1.87799390e-02 -2.37460863e-02 -3.47325616e-02 -4.31842841e-02
 -1.21882716e-02 -5.81895523e-02 -7.42044970e-02 -2.04610955e-02
 -2.61073038e-02  1.02486955e-02 -2.27275211e-02 -4.80912961e-02
 -1.28523260e-02  7.54662603e-02  5.29031977e-02 -6.10282905e-02
  2.57414952e-03 -3.15921307e-02  2.68516093e-02  6.39438629e-03
 -5.21217240e-03 -2.64724512e-02 -8.66717324e-02  7.36181363e-02
  3.68761458e-02 -5.43969423e-02  2.03660522e-02 -7.13869730e-34
 -1.09482137e-02  4.19299193e-02 -2.72246846e-03  7.28364885e-02
 -5.76202199e-02  6.15735585e-03 -3.62234898e-02  1.65380612e-02
 -4.35759947e-02  3.45081165e-02  1.68869663e-02 -1.42439352e-02
  4.62811105e-02  1.28379092e-01  7.25369081e-02 -7.44345114e-02
 -3.47729400e-02  1.04598338e-02  9.13012028e-03 -2.21806765e-02
 -3.86827178e-02 -8.74539401e-05  3.74569371e-02 -8.90858248e-02
  8.32735822e-02 -3.60047407e-02  2.06758715e-02  2.29537785e-02
 -3.62596437e-02 -2.06931424e-03 -2.91208085e-02 -1.22921187e-02
 -2.63933167e-02 -3.72618623e-02 -2.66381372e-02 -8.09066743e-02
 -1.46229693e-03  5.61531931e-02 -4.65193763e-02  1.41075914e-04
 -4.53596562e-02  5.86582348e-02 -8.34116265e-02  5.82706928e-02
  9.25039873e-02  3.28889675e-02  1.17629215e-01  5.28072417e-02
 -1.13328971e-01 -2.15638820e-02  1.77775752e-02  3.01500503e-02
  6.17083348e-03 -4.84791957e-02 -3.54905683e-03 -7.83690065e-02
 -5.38423695e-02 -1.85365230e-02 -6.25445023e-02 -1.32640168e-01
 -6.17305562e-02 -8.34556445e-02 -3.57726775e-02  3.92793417e-02
  2.87516285e-02  3.60932574e-02 -4.62971069e-02  6.37417734e-02
  7.39528686e-02 -1.64055713e-02  7.51501769e-02 -6.40334189e-02
 -5.92290051e-02 -1.92806944e-02 -1.97604224e-02  4.62027118e-02
  1.41541183e-01 -1.58159528e-02 -5.19094206e-02  5.11822626e-02
  7.34380037e-02  2.95688808e-02  5.25426082e-02 -7.13280886e-02
  8.10692832e-02 -1.36529669e-01  6.89565912e-02  3.85072120e-02
  5.33696115e-02 -1.67166144e-02 -9.44830999e-02  2.01413804e-03
  8.96658003e-03 -1.70250528e-03 -9.94733870e-02 -6.84203191e-34
  6.78345561e-02 -1.09854005e-02  5.49790449e-02 -4.17969041e-02
 -2.82111410e-02  2.30955984e-03 -3.74943502e-02 -7.65703171e-02
 -2.47522686e-02 -8.08009654e-02  3.36040370e-02  2.51312796e-02
  6.52428297e-03 -3.72744016e-02 -2.03319229e-02 -5.45761585e-02
 -1.87311079e-02 -3.76706347e-02 -2.86673997e-02 -3.90264988e-02
  3.13621871e-02  4.39792909e-02 -1.48554981e-01  3.21891718e-02
 -4.20163721e-02  5.80702461e-02 -7.40327612e-02 -4.35321033e-02
  1.93156116e-02 -8.76381807e-03  1.84684750e-02  1.11866482e-02
  4.62731859e-03 -4.26136777e-02  2.03870852e-02  4.77813110e-02
  2.66667083e-02  1.10643925e-02 -7.73095991e-03  4.83955443e-03
 -4.14486229e-02 -6.62429184e-02 -1.21387243e-01 -6.30401447e-02
 -7.78922960e-02 -3.33378501e-02  1.08497545e-01  4.32588868e-02
  1.59792136e-02  9.29891840e-02  5.52884527e-02  9.59144207e-04
 -4.71501462e-02  3.95983979e-02  1.54324668e-02 -3.22979577e-02
  7.85649195e-02 -6.99371623e-04  1.23015411e-01 -2.82894596e-02
 -1.84351504e-02  2.26051342e-02 -2.04918301e-03 -3.29103954e-02
 -8.88464600e-03 -4.21985146e-03 -1.24329859e-02  5.44615230e-03
  1.28352791e-01  7.23717362e-02 -1.70599651e-02 -6.34144992e-02
 -1.40928105e-01 -5.52371033e-02  1.89209394e-02  9.28526837e-03
  4.58535030e-02  6.90215901e-02 -9.85101145e-03  3.05952467e-02
  1.97919644e-02 -3.96132991e-02  5.90272248e-02 -2.72129290e-02
  1.70405023e-02 -2.86451969e-02 -1.72616262e-02 -7.15664029e-02
  3.83986570e-02  7.12857991e-02 -6.09208271e-02 -3.65498774e-02
 -8.74015838e-02  7.06612319e-02 -2.70553809e-02 -6.61098483e-08
  8.39874893e-02  3.80382128e-02  2.02329494e-02  2.53599323e-02
  2.82729957e-02 -6.81091696e-02 -1.94197260e-02 -1.79572850e-02
  2.88107134e-02 -6.77112257e-03  1.09791771e-01  4.94447118e-03
  5.51657453e-02  3.43636125e-02  8.50403029e-03  4.90749367e-02
 -3.10788807e-02 -4.44828421e-02 -2.83242315e-02 -1.03266584e-03
 -7.02063029e-04  3.11732516e-02 -4.11254503e-02 -5.65963723e-02
  2.05827374e-02 -8.80386773e-03 -3.45117114e-02 -9.74003971e-03
 -3.97844166e-02  1.19293695e-02 -7.08740670e-03 -2.34154649e-02
 -4.19519022e-02 -2.99013946e-02  4.90187816e-02 -7.74857178e-02
  1.11055849e-02  3.95033993e-02  6.19647605e-03  7.82984588e-03
  1.93273351e-02  1.01354852e-01  4.67560813e-02  5.36186472e-02
 -2.30934881e-02 -6.22128136e-02 -1.92113537e-02  5.36355153e-02
  4.20231745e-03  8.02236199e-02 -2.39358563e-02 -6.04458191e-02
 -1.06883626e-02  1.29158814e-02  4.59092855e-02 -2.41767615e-02
  2.81009637e-03  1.08846940e-01  6.77818898e-03  9.88188982e-02
  3.84381302e-02  2.92753824e-03 -3.95367630e-02  1.34313107e-02]",False,False
Which Policies Would Actually Curb Climate Change?,David Pakman,progressive,"hey, David, what policies actually make the most sense to deal with climate change? this is a really good question, particularly in the context of the g20 summit and the United States being the only of 20 countries that didn't sign on to the sort of climate change agreement or intent to work on the issue of climate change. I think the answer the question properly. you really need to divide it up into short term versus long term action on climate change. we need some short-term ideas on climate change to serve as like a bridge or a funnel to the long term solution that we ultimately want. so, number one: we need to understand what causes emissions. emissions are a big part of what we're trying to ameliorate. energy causes huge emissions. transportation causes huge emissions. animal agriculture- significant contributor to emissions. manufacturing of stuff- a massive contributor to world emissions. so let's address some of those with our ideas. number one: in the short term: carbon taxes. ok, carbon taxes make sense in the short term. there is some disagreement among the left as to whether we want revenue-neutral carbon taxes or carbon taxes that will raise revenue, which can then be used for whatever right insert here. in either case, study after study has demonstrated that carbon taxes will incentivize cleaner manufacturing and cleaner transportation. period number two: we should have targets for X percent renewables by Y date in the future. sometimes the targets are.",0.956,"[-1.76609717e-02  8.26249272e-02  1.47636294e-01 -1.28313275e-02
  8.04931298e-02  5.95203340e-02 -7.53842003e-04  8.81312694e-03
 -4.11855578e-02  6.99107572e-02 -3.03659942e-02 -5.63348047e-02
 -7.02321604e-02  5.03637679e-02  3.92411575e-02  2.93714795e-02
 -6.55565113e-02  4.11481522e-02 -2.17409451e-02 -1.16108228e-02
  4.71950062e-02  2.24099252e-02 -1.29968673e-02  1.95597485e-02
 -9.35065672e-02 -4.96373177e-02 -5.59428111e-02  1.48939304e-02
 -4.52079289e-02  4.85004969e-02  3.15329321e-02  4.71684039e-02
 -3.89749557e-02  6.44791350e-02  9.10574757e-03  1.31555721e-02
 -3.02874092e-02 -1.62412096e-02 -7.87783694e-03 -1.03029301e-02
 -4.94748279e-02 -1.04424976e-01 -3.97947319e-02 -4.34604175e-02
 -1.15587320e-02 -4.01690714e-02  8.80271569e-02 -4.31157313e-02
 -5.19859493e-02 -5.67934811e-02  3.93860266e-02 -1.17330169e-02
 -8.85903835e-02 -2.94438470e-02  2.92738248e-02 -5.78537770e-02
 -2.45348308e-02 -3.42431217e-02  7.11547583e-03 -4.41556536e-02
 -1.87030304e-02 -1.55556500e-01 -5.76128885e-02 -6.75052926e-02
  2.23895647e-02 -1.12997098e-02 -2.58791377e-04  3.78497764e-02
 -7.31681511e-02  6.77718297e-02 -2.14291029e-02 -1.18759917e-02
 -3.84384021e-02 -5.53820431e-02 -6.42155707e-02 -5.27696759e-02
  4.32375446e-02  8.49494711e-02  9.59905908e-02 -7.15579093e-02
  1.22816458e-01  6.66136593e-02  4.24486846e-02 -5.79327382e-02
  1.43854991e-02 -1.29599068e-02 -4.54088151e-02 -3.95153202e-02
  1.28415283e-02 -1.14373229e-02 -9.77270603e-02 -7.98828602e-02
  1.37173027e-01  4.91689555e-02  4.32076901e-02  8.82940367e-02
  8.88245106e-02 -2.84405500e-02  6.02405071e-02 -3.46697532e-02
  3.55719440e-02  2.37522628e-02 -6.79685920e-02 -9.41941589e-02
 -2.46983618e-02  2.16230750e-02 -4.35177460e-02 -2.44991165e-02
  3.43457535e-02 -1.53026422e-02 -3.85949090e-02  7.81758428e-02
 -3.80714014e-02  9.11063794e-03  3.92509028e-02  1.24317091e-02
  7.15996027e-02 -1.93395559e-02  4.72594090e-02  1.37161892e-02
 -8.59122053e-02 -3.37785222e-02 -1.71377591e-03  2.80563999e-02
  1.80703532e-02  6.16663182e-03  3.73361073e-02  3.46539371e-33
 -4.77162972e-02  3.99167053e-02  1.91444182e-03 -2.57441727e-03
  2.68033221e-02  8.06965232e-02 -2.75347177e-02  1.47421341e-02
 -1.51221165e-02  3.58999446e-02  2.70871613e-02  5.37668020e-02
  2.12225877e-02  1.11704521e-01  1.26492828e-01 -9.50938389e-02
 -6.80449829e-02 -5.92650473e-03 -3.11189480e-02 -2.35287417e-02
 -3.83375958e-02 -2.50376109e-02  8.02489966e-02  1.28007367e-01
  3.34681496e-02 -4.23536822e-02  2.87668724e-02 -3.16813216e-02
 -1.66346170e-02 -2.19079852e-03  1.51159624e-02  4.33302708e-02
 -3.56508493e-02  1.00791026e-02 -7.61796087e-02 -9.64951366e-02
 -1.22108301e-02  7.77483918e-03 -4.64661196e-02 -1.49620399e-02
 -2.64322534e-02  3.89978476e-02 -2.16059070e-02 -4.55672219e-02
  1.29127409e-02  1.87725611e-02  1.04055718e-01  3.23040374e-02
 -9.79121868e-03  4.54407148e-02 -5.81216477e-02  7.88461193e-02
  8.27685744e-03 -9.21174884e-02  2.26220693e-02 -5.43195009e-03
  9.24537424e-03 -1.18894912e-01 -6.06307574e-02 -5.63752837e-02
 -2.46456172e-02 -1.44494508e-04  5.09735644e-02  2.25849058e-02
  1.83104631e-02  8.74045044e-02 -6.30313857e-03  8.87997076e-03
  1.41381444e-02 -7.83867538e-02 -3.84334242e-04 -3.16865742e-02
 -2.38387659e-03 -3.03824502e-03  2.21527945e-02  4.31878753e-02
 -1.41824214e-02  3.79481167e-02 -1.23259388e-01 -4.83395671e-03
 -6.40790686e-02  2.49788072e-02  1.31160691e-02 -6.08170219e-02
 -7.35223386e-03 -7.66714215e-02  1.43315662e-02 -7.04701338e-03
  1.10162280e-01 -8.18080083e-03 -8.91211405e-02 -1.75489709e-02
  6.05870150e-02  3.54940370e-02  1.66171463e-03 -5.48930038e-33
  1.18370861e-01  4.26978208e-02  3.64207439e-02 -2.86254119e-02
  5.83681220e-04 -6.33273870e-02 -1.44223133e-02 -7.53357634e-02
  4.95125651e-02 -9.94299166e-03 -5.67355789e-02  1.12179957e-01
 -1.38041722e-02  1.00112390e-02 -5.81274852e-02 -7.98014775e-02
 -3.93773206e-02 -5.30068539e-02 -2.39929613e-02 -5.78064732e-02
  6.60747364e-02 -8.71547905e-04 -5.85694313e-02  4.89764959e-02
 -4.45745811e-02  5.18505499e-02 -4.30891886e-02 -4.78735566e-02
  8.91185477e-02 -1.07764313e-02 -1.09359562e-01  1.36649966e-01
  2.41624359e-02 -3.46119255e-02 -6.40708860e-03 -1.42698484e-02
 -1.01627503e-02 -2.27460358e-02  3.33932936e-02  1.13367103e-02
  3.82386632e-02 -9.88196135e-02  6.09575724e-03 -2.65253615e-02
 -1.90677727e-03 -3.49873453e-02 -6.54118583e-02  7.58971348e-02
 -2.45829411e-02  3.14523242e-02  7.95965940e-02  3.48675326e-02
 -7.73059353e-02 -2.58363411e-02  2.03814395e-02  4.04186398e-02
  5.68888411e-02 -1.23836352e-02 -4.07750867e-02  4.08725347e-04
  5.59536787e-03  4.91126999e-02  3.70181352e-02  5.68620209e-03
 -8.34680907e-03 -1.59364939e-02 -1.21385343e-02 -6.23816215e-02
  9.13398117e-02  2.08448255e-04 -8.50125179e-02 -8.06441065e-03
 -3.34109217e-02 -4.19658236e-02 -2.60751788e-02 -1.39294425e-03
 -2.09395066e-02 -6.25099167e-02  3.44410315e-02  1.60169154e-02
  3.53710353e-02  7.03808293e-03 -1.65739618e-02  3.14962007e-02
 -6.64511323e-03 -1.81343593e-02 -5.18335290e-02 -4.03489880e-02
  4.95445877e-02  8.63861069e-02 -8.09040964e-02 -4.90130819e-02
  1.51049672e-02  2.79326155e-03  5.67675941e-03 -5.56823885e-08
  1.57093648e-02  1.79605267e-03  2.97938529e-02  3.57752331e-02
  2.01844405e-02  1.45705650e-02 -5.48046231e-02  3.22543047e-02
  2.76241656e-02  5.54980412e-02  5.39744161e-02  1.05144262e-01
  5.57150580e-02  7.42813721e-02 -8.10813084e-02 -2.67688408e-02
 -4.60154302e-02  5.28272055e-03 -2.80302167e-02  4.90826666e-02
 -1.91762261e-02  5.95236905e-02 -8.39643627e-02  8.32445081e-03
  5.26774600e-02 -7.31506348e-02  8.67592916e-02  8.83721411e-02
 -1.50512317e-02  8.86778347e-03  1.32725304e-02  1.27391890e-02
 -9.30524897e-03  2.94826552e-02 -4.46230434e-02 -1.04624204e-01
 -3.20871882e-02 -1.37149282e-02  7.34127685e-02  6.01044204e-03
  4.88658957e-02  9.87102985e-02 -2.16702800e-02  2.81778863e-03
 -7.57385865e-02 -8.04686323e-02 -4.72383648e-02  8.86388880e-04
 -2.63714828e-02  5.03835492e-02 -3.72774862e-02 -9.48583987e-03
 -5.53462701e-03 -7.50331848e-04  1.10028544e-03  4.11183275e-02
 -5.46225645e-02  3.85005632e-03  4.55969088e-02  2.65366677e-02
  2.24408656e-02 -4.08374257e-02 -5.92327900e-02 -1.65516194e-02]",False,False
Which Policies Would Actually Curb Climate Change?,David Pakman,progressive,"unrealistic. it'd be great to have realistic but aggressive targets. in either case, we need to be setting goal posts and trying to reach those goals. number three: we should reduce the amount of meat that we eat. there's really no way around that at this point. moving to lab-grown meat is definitely a possibility that might be more palatable to people who eat a lot of meat. I am down to eating red meat probably five times a year and eating poultry, I don't know- maybe once every ten days, and beyond that I am tasket Aryan for most of the time. we know that this is a good thing, and until lab-grown meat becomes a full reality, we should be doing that. and then we've got to incentivize renewable energy. like yesterday, I mean right away. right now, we are subsidizing a lot of the wrong forms of energy: fossil fuels, oil. Trump talks about clean coal, trying to revitalize an industry that the free market has clearly shown should be dying. coal should be going away completely. we do want to incentivize the generation of renewable energy. stop incentivizing the continued harvesting of fossil fuels and- and this is a controversial part- I've gone back and forth on this over the last many years- I'm open to open to using nuclear as a bridge to get off of fossil fuels and to renewables. but number one takes a long time to get new renewable on board. I",0.994,"[-2.35401429e-02  5.79682998e-02  1.75946169e-02  2.18400732e-02
  3.40011902e-02  2.77475044e-02 -4.13641408e-02 -6.65902998e-03
 -1.04515195e-01 -2.95996061e-03  2.90025622e-02 -4.03265357e-02
 -4.04023752e-02  5.00546843e-02  1.34316096e-02  8.55946913e-03
  6.87999129e-02 -3.84852551e-02 -6.41896203e-02  9.87864807e-02
 -5.31172827e-02 -1.24781644e-02  7.78804198e-02  3.00415675e-03
  1.59176579e-03  7.27011962e-03 -1.65042107e-03 -6.82595819e-02
 -1.07815929e-01  2.91528441e-02  5.51477224e-02 -3.25324126e-02
 -2.61304863e-02  4.02952991e-02  5.09229526e-02  2.13164520e-02
  2.69475095e-02 -2.70852111e-02  3.89402807e-02  3.88157554e-02
 -4.92046075e-03 -1.57191232e-01 -5.91807477e-02 -4.08427119e-02
 -2.79881358e-02  9.78664961e-03 -5.23639331e-03 -5.04124463e-02
 -1.37291737e-02 -9.73336622e-02 -1.61243845e-02 -3.11767887e-02
  8.01397394e-03 -6.09139502e-02  2.14542095e-02 -8.21985155e-02
  3.08262911e-02 -1.29570784e-02  4.24850024e-02  8.89288075e-03
  1.44607304e-02 -5.68176955e-02 -2.98850425e-03 -9.12569184e-03
  3.60134542e-02 -4.92659174e-02  4.28905673e-02  3.65300924e-02
 -4.31487150e-02  3.52548659e-02  3.56008746e-02 -1.75846815e-02
 -1.42763359e-02 -3.03564798e-02  1.19300722e-03  2.32370589e-02
  5.74906580e-02  3.13283652e-02  1.54625058e-01 -9.74616259e-02
  4.43260968e-02  8.45265388e-03 -6.96632371e-04 -5.57633266e-02
 -3.51225436e-02  5.89330941e-02 -7.33861029e-02 -2.33524367e-02
  7.56582245e-02 -3.02894022e-02 -1.02601700e-01 -5.82878776e-02
  3.29134203e-02  4.79727983e-02  4.29325514e-02  4.24674787e-02
 -1.18180094e-02 -3.53145897e-02 -2.98756137e-02 -1.72303175e-03
  2.05864273e-02  3.06709092e-02 -3.77243012e-02 -9.82023329e-02
 -2.45568100e-02 -8.19150954e-02 -8.33334401e-02  7.95414448e-02
  7.60455355e-02 -4.04101703e-03  5.48810512e-03  7.30141848e-02
 -9.92033258e-03  2.03680955e-02  1.95673741e-02  7.38840550e-02
  1.12188213e-01 -9.99104306e-02  1.05038723e-02  2.39793733e-02
 -2.71530269e-04  1.17087541e-02 -1.38665726e-02  5.99392168e-02
 -2.98813742e-04 -2.50995648e-03 -1.76854320e-02  2.18905554e-33
 -5.01551293e-02  2.67627602e-03  7.18800724e-02  8.01095273e-03
  2.59598810e-02  2.83839647e-02 -7.63400123e-02 -2.48844773e-02
 -6.69866987e-03 -1.82079840e-02 -1.90250054e-02  4.16722856e-02
  7.18887523e-02  1.18707538e-01  7.71287829e-02 -1.62805617e-01
  3.75435911e-02  1.11901062e-02  4.51450385e-02 -5.25626764e-02
 -4.31543868e-03 -2.21377034e-02  6.24412969e-02  1.82233416e-02
  4.87246811e-02 -3.01275142e-02  6.50293529e-02 -8.44978243e-02
 -3.73694412e-02  7.77340308e-03 -5.28836390e-04 -2.10219286e-02
 -9.70041156e-02 -3.46978195e-02 -3.09787784e-02 -3.40213701e-02
 -1.12468563e-02  4.48014177e-02 -4.79277261e-02  2.83720288e-02
  4.11903337e-02  8.73521715e-02  2.23097820e-02 -2.66594198e-02
  7.47652352e-02  6.28791898e-02  9.54330117e-02  3.76823060e-02
 -1.21560827e-01 -2.97891200e-02  7.92814139e-03  6.84497133e-02
  6.90192059e-02 -1.65958591e-02 -3.95342249e-05 -4.15007882e-02
 -8.18478502e-03 -8.30358341e-02 -1.78520754e-02 -5.65506928e-02
  1.69954449e-03  4.76837344e-02 -6.20594583e-02  6.13634102e-02
 -1.87723543e-02 -2.76563689e-02 -2.65197977e-02  1.89119615e-02
 -2.46877111e-02  7.75487274e-02  5.59286028e-02 -1.09134302e-01
 -6.93392977e-02 -7.49249160e-02 -2.17308532e-02  3.45152766e-02
 -5.29540442e-02  2.84196772e-02 -6.04181811e-02 -3.03720329e-02
 -2.96789897e-03  1.11191392e-01  3.21258754e-02 -7.38877505e-02
 -2.57772915e-02 -3.39905918e-02 -1.30627919e-02 -4.45472002e-02
  4.85448986e-02 -1.78193245e-02 -1.04859406e-02  2.99684685e-02
  5.54629415e-03  5.01656868e-02 -1.80757716e-02 -3.26583849e-33
  3.41051929e-02  5.77937700e-02  7.53107667e-03 -2.59640813e-02
  2.80874986e-02 -2.66618989e-02  3.24295200e-02 -4.69021536e-02
  2.43367557e-03 -1.46717569e-02 -2.08215527e-02 -1.62927725e-03
  2.87963469e-02  6.23938255e-02 -1.72638334e-02 -4.68675746e-03
  4.44249064e-03 -3.86364409e-04 -2.73185764e-02 -3.03977393e-02
 -4.84906584e-02  3.47154662e-02 -9.41408500e-02  8.61625820e-02
 -3.29997353e-02  7.95435607e-02 -4.58125807e-02  2.79045887e-02
  3.78743820e-02 -9.04331058e-02 -6.52746558e-02  3.67262959e-02
  9.30113159e-03 -8.82438049e-02  5.15473485e-02  8.28310177e-02
  7.27204308e-02  2.58422215e-02 -1.39576895e-02  1.58593878e-02
  4.87291329e-02 -2.19232347e-02 -1.11975439e-01  5.64907193e-02
 -2.16325689e-02  2.40028575e-02  7.96598382e-03 -3.31309028e-02
 -8.94147381e-02  7.62035698e-02  4.59049046e-02 -2.04375833e-02
 -6.01266995e-02 -9.32925195e-02 -3.04671135e-02 -2.69878395e-02
  1.66199971e-02  2.43571140e-02 -7.74678886e-02  1.33153414e-02
 -1.61209572e-02  7.80137256e-02  4.98541854e-02 -3.47768702e-02
  1.18744569e-02  1.57494079e-02  5.43078706e-02 -5.02634309e-02
  4.86794226e-02 -9.28963870e-02 -3.60747240e-02  5.25031378e-03
 -6.92118481e-02  1.17591554e-02 -3.31272893e-02 -4.19350490e-02
  4.25613262e-02 -5.26284159e-04  9.61657520e-03 -1.70481894e-02
  2.48668976e-02 -1.09633394e-01  4.87666316e-02 -5.86991273e-02
  3.83557230e-02 -2.80082468e-02 -2.20566392e-02  7.56795146e-03
  8.77279695e-03  7.68969133e-02 -9.75513458e-02 -1.27498314e-01
 -1.25874979e-02  3.41141410e-02  3.62895615e-02 -5.64706610e-08
  6.70561567e-02 -1.04075000e-02  2.48419996e-02  5.03555760e-02
  9.06524435e-03  3.44705433e-02 -5.16565740e-02 -2.72539798e-02
  6.92595318e-02  5.93718439e-02  1.44485477e-02  9.17846188e-02
  8.59463587e-02  6.35832474e-02 -9.86383781e-02  3.80528830e-02
  8.85478687e-03 -6.81340578e-04 -3.20635773e-02  8.22572112e-02
  2.60244831e-02  7.92461410e-02 -9.18801054e-02 -1.43073555e-02
  4.20611985e-02 -7.46343508e-02 -4.44883034e-02  3.54102515e-02
  6.32053539e-02  3.70907038e-02 -1.49279227e-02  1.11457463e-02
 -9.51861031e-03  5.14360704e-02 -1.46266492e-02 -6.72112927e-02
 -4.39187586e-02  5.83887566e-03  2.49675047e-02  3.88762308e-03
 -4.98567149e-02  7.49761537e-02 -1.60971563e-03  1.85009018e-02
 -6.53354451e-02 -8.98235887e-02 -9.56403390e-02  1.12213176e-02
  3.15725096e-02  8.61656573e-03 -4.02952880e-02  4.79962258e-03
  5.24293184e-02  4.13690135e-03  1.36757828e-02  4.54114377e-02
 -6.17760643e-02 -1.38859851e-02 -4.81428020e-02  2.15684157e-02
  1.13140114e-01 -6.29745498e-02 -8.60419199e-02  2.99467593e-02]",False,False
Which Policies Would Actually Curb Climate Change?,David Pakman,progressive,"actually don't know that at this point the timing even makes sense, like I'm conceptually open to nuclear as a bridge, but given how long it takes to actually start producing new nuclear power, I don't even know that the timeline makes sense for us geopolitically. this is all really important stuff. if we reduce our demand for fossil fuels, this weakens the leverage that country's hostile to a half a Venezuela, Russia. I'm not saying we should never try to have good relationships with these countries. I'm merely saying that deleveraging them when it comes to manipulation and control over the oil markets would be a very good thing geopolitically and a very good thing in terms of national security. yes, there may be short-term pains in terms of gas taxes or other costs. that would be part of a long term solution- but I think that if we think through it carefully, the government can ensure the that those who would be most hurt by a slight uptick in the cost of gas or other fuel energy sources. we can mitigate those impacts, and I think that we should. if I'm missing something here, send me your thoughts. I want to hear from you.",0.664,"[-5.24860471e-02 -1.20716151e-02  5.86921312e-02  5.25651090e-02
  4.40108255e-02 -5.20029152e-03 -5.81598654e-02  4.72840294e-03
 -4.48253490e-02 -6.64741993e-02 -3.59992236e-02  1.01257034e-01
 -3.89785022e-02  3.51975076e-02  3.01902904e-03  1.17296437e-02
 -2.33417824e-02 -1.28946891e-02  3.50962542e-02  7.97518641e-02
  4.91838641e-02 -3.32575217e-02  7.14205578e-02 -4.27361252e-03
 -4.45870720e-02 -6.18346827e-03  3.34539413e-02 -4.81153131e-02
 -1.29373660e-02  3.70369926e-02  5.34803905e-02 -3.79512869e-02
 -1.65073182e-02  1.47806220e-02  3.97759974e-02  4.15422879e-02
  2.18849257e-02  2.22409386e-02  3.97275761e-02 -4.82235365e-02
  1.69738792e-02 -1.14297934e-01 -6.59936592e-02  3.17475423e-02
 -1.05524398e-01 -1.99510343e-02  5.70799559e-02 -5.97785152e-02
 -7.89029822e-02 -6.61746040e-02  1.97799988e-02 -2.59193722e-02
 -6.46676049e-02 -9.60751399e-02  7.39749670e-02 -1.12935556e-02
  3.96923423e-02 -5.49712218e-02  6.09895959e-02  7.96111077e-02
 -3.51129770e-02 -3.55103090e-02 -2.84622479e-02  2.40067835e-04
  6.40915558e-02 -4.31017503e-02  9.88717824e-02  6.18529022e-02
 -4.33771648e-02  5.76958545e-02  4.60583307e-02  3.95237580e-02
 -1.70789398e-02 -1.39793102e-02 -7.26821199e-02  1.51233040e-02
  1.01699367e-01  1.27839250e-02  1.49063664e-02 -1.46547789e-02
  1.07228778e-01  3.50494795e-02  5.21709025e-02 -1.13780610e-01
 -1.65938772e-02  2.03026813e-02 -2.51810383e-02 -2.68683471e-02
  3.28351483e-02 -2.43505035e-02 -6.08455054e-02  3.00339963e-02
  7.18430430e-02  7.91461021e-02  1.06995933e-01  8.57003704e-02
  5.08504137e-02 -2.17290837e-02 -9.08657536e-03 -3.46194440e-03
  6.02117740e-02  6.60170317e-02 -6.69858903e-02 -6.72849044e-02
 -4.31526899e-02  2.30162255e-02 -7.91349262e-02 -9.73951444e-03
 -4.95581590e-02  2.30410881e-02  6.38449239e-03 -2.84594912e-02
 -1.71804372e-02 -3.71639915e-02 -6.93097040e-02 -3.53383720e-02
  4.40983288e-02 -7.45965913e-02  8.60348791e-02  2.11795559e-03
 -1.16665568e-02  1.15034068e-02 -2.56794933e-02  1.20427227e-02
  2.37813219e-02 -1.44575704e-02 -1.57158393e-02  1.86827029e-33
 -9.95231122e-02  7.25440904e-02 -7.60332309e-03 -4.40744944e-02
 -1.21771485e-01  7.57397488e-02 -4.66166548e-02 -7.90988728e-02
 -8.55664015e-02  6.74634129e-02 -4.81294747e-03  2.50515714e-02
  2.66659837e-02  1.92837305e-02 -1.62019022e-02 -9.95262787e-02
  2.05969866e-02  5.86940832e-02  5.97784333e-02 -1.83671769e-02
 -1.26253441e-02 -1.02559783e-01  4.76046093e-02  1.28973890e-02
  5.88536374e-02 -2.51477119e-02  9.45694279e-03 -5.88047914e-02
  1.77602712e-02 -4.09109518e-02 -5.17473668e-02  6.42640814e-02
 -9.36796144e-02  5.65674007e-02 -3.85912992e-02 -5.81127554e-02
  3.73322740e-02  1.58774275e-02 -8.23370963e-02  2.91644540e-02
 -1.19763501e-02  3.41712460e-02 -9.11777392e-02  2.75825951e-02
  9.70222354e-02  8.00705981e-03  6.26352876e-02  3.58595103e-02
 -8.99967179e-02 -5.38979284e-02 -1.62006784e-02  1.02031089e-01
 -5.88673055e-02 -1.68495160e-02 -2.44207662e-02 -5.80387786e-02
 -1.44609530e-02 -6.09382130e-02  3.23486403e-02 -8.58699977e-02
 -4.65000700e-03 -1.75354593e-02  7.84059335e-03 -6.63691107e-03
  5.65640777e-02  7.68325552e-02 -3.61565724e-02  2.81373113e-02
  4.55913320e-02 -2.12280103e-03 -2.32499260e-02 -6.11413643e-02
  1.54959196e-02  3.23871821e-02  4.70230952e-02  3.01602446e-02
  4.87641655e-02  5.97793646e-02 -1.33040370e-02  4.16212380e-02
 -1.31621596e-03  4.86899214e-03  7.97028840e-02 -1.01724360e-03
  2.40709130e-02 -3.63214910e-02 -1.97281484e-02 -3.36864889e-02
 -2.38246396e-02 -1.94016062e-02 -8.49032253e-02 -1.68051776e-02
  7.98764005e-02  7.69235492e-02  2.81617492e-02 -2.72014315e-33
  7.49653727e-02  6.37502968e-02  1.65707767e-02 -4.00267839e-02
  2.10636389e-02 -6.23655878e-02 -6.10009693e-02  7.99156073e-03
 -3.85847837e-02 -4.32562968e-03 -2.89185680e-02 -2.75474284e-02
 -4.94534150e-04 -2.83612907e-02 -2.38126796e-02  2.46364269e-02
  6.11698478e-02 -8.17446783e-02 -4.26135361e-02 -2.60506608e-02
  2.71828938e-02  3.05241290e-02 -1.24723040e-01  9.79409292e-02
 -1.26842204e-02  3.80830690e-02  5.60832731e-02 -8.75538960e-02
  3.67999300e-02  4.24460657e-02 -2.98211034e-02  5.87737896e-02
 -1.59321155e-03 -2.75602229e-02  2.75158938e-02  1.32388741e-01
  2.11866945e-02 -2.06128620e-02  7.61976326e-03  5.33419363e-02
  4.84457053e-02  3.67526524e-02 -6.08518161e-02 -7.92189166e-02
 -5.63487932e-02 -3.02446540e-03  9.35013443e-02  3.78964059e-02
 -1.84839293e-02  8.15048907e-03  4.97899130e-02  5.06751835e-02
 -7.39355236e-02 -9.90155786e-02 -2.24301666e-02 -8.07827190e-02
  1.24958241e-02 -9.37441364e-03 -2.80222315e-02 -9.98934731e-03
  1.10537745e-02  9.76145361e-03  4.14513983e-02 -6.59841672e-02
 -3.44172530e-02  2.27726381e-02  4.33333665e-02 -6.68707713e-02
  1.46048054e-01  3.66009921e-02 -5.19587621e-02  3.89334820e-02
 -1.06072605e-01  2.85710637e-02  7.65303820e-02  5.32961898e-02
  3.46812196e-02 -6.72702789e-02 -1.53990707e-03  6.17771802e-05
  2.62249820e-02 -1.67738032e-02 -1.21667273e-02 -9.00172070e-02
  3.89996991e-02  1.21446773e-02 -2.07133070e-02 -4.92928661e-02
  6.09186813e-02  2.25703188e-04 -1.00031711e-01 -4.85505685e-02
 -5.02067544e-02  3.38464044e-02 -3.33822183e-02 -5.58608164e-08
  7.53887147e-02  2.71593072e-02  1.53308567e-02  3.93524505e-02
 -4.39468166e-03  2.07215478e-03  1.02162333e-02  9.79041401e-03
  2.70459391e-02 -1.99326966e-02  9.85702425e-02  5.35032675e-02
  1.28152251e-01 -2.15791762e-02 -4.26577218e-02  3.99671420e-02
 -3.51131498e-03  5.38078621e-02 -1.21743940e-02 -1.89676844e-02
  8.61752480e-02  2.53951177e-02 -7.11909905e-02  3.00914850e-02
  2.91464967e-03 -3.12238429e-02  2.36478876e-02  1.38335349e-02
  1.08384609e-03  1.72348879e-02  1.29375421e-02 -1.18515063e-02
 -1.36868712e-02  4.74633137e-03  6.72296286e-02 -3.36816497e-02
  3.61868809e-03 -2.57719625e-02 -8.07084981e-03 -4.72529791e-03
 -2.06731055e-02  1.11479118e-01 -8.44843592e-03  2.03339979e-02
 -1.38067082e-01 -7.90506378e-02 -5.62490523e-02  1.92372426e-02
  1.38628017e-02  3.06024551e-02 -4.72318605e-02  1.96659137e-02
 -2.29049344e-02  2.84352899e-02  3.26073319e-02  3.97690907e-02
 -2.86354381e-03  6.45706207e-02 -7.14548677e-02 -5.61813489e-02
 -4.98987176e-02 -9.73467231e-02 -2.61785798e-02 -3.21936272e-02]",False,False
Fact &amp; Fiction: The Impact of Climate Change,David Pakman,progressive,"Michael man is distinguished professor and director of the earth system science center at Penn State University and also author of two books, including dire predictions: understanding climate change and the hockey stick and the climate Wars- it's so great to have you on and uh the. the book really uh presents in sort of ordinary, uh straightforward language the important findings of what is currently happening with the the climate crisis on Earth. I would love to start at the broadest Point possible with regard to what predictions we can make and predictions people may have heard about the future of the climate crisis. uh, people sometimes hear: oh, the entire East Coast will be underwater or all of the ice will be melted in the polar ice caps, Etc. and sometimes it sounds a little bit hyperbolic. so let's break it down. what are the real concerns with regard to what we can predict will happen as a result of continued climate change? uh, thanks, it's good to be uh on the show with you. um, so if we continue with business as usual- uh, burning of fossil fuels. uh, if we don't take precautionary actions to deal with our uh increased, uh ongoing emissions of carbon into the atmosphere, we will likely see uh between 7 and 9 degrees Fahrenheit warming of the globe by the end of the century. uh, now, that won't. uh, you know, that doesn't mean that the, the entire us, will be.",0.998,"[-9.64251459e-02  1.20181199e-02  9.39945355e-02  4.01754119e-02
  7.84358159e-02  3.09670903e-02 -5.51849194e-02  4.35041636e-02
 -2.38945391e-02  5.73647916e-02 -1.19123816e-01  1.78853218e-02
 -3.87785099e-02 -1.45891588e-02 -1.65996868e-02  2.61759479e-02
 -8.79173875e-02 -3.47490013e-02 -3.72223258e-02 -4.35495796e-03
  2.34657582e-02  5.91252297e-02 -3.02493889e-02  4.11149599e-02
 -5.10099381e-02  4.74066334e-03 -4.97953082e-03  6.64318949e-02
 -1.32793143e-01  7.55292922e-02  1.13902977e-02 -1.73926670e-02
 -2.41383631e-02 -1.32867880e-02  1.07479645e-02  4.56330515e-02
  1.83267670e-03  6.90367306e-03  3.96492407e-02  1.31888064e-02
  2.38375831e-02 -6.46395236e-02 -4.62797582e-02  2.95483377e-02
 -2.44317241e-02  3.36306728e-02  2.92187519e-02 -8.00050944e-02
 -8.85380581e-02 -5.83021808e-03 -3.68202291e-02 -6.55640662e-02
  3.50942602e-03 -5.50086945e-02 -8.37665400e-04 -4.71859947e-02
 -1.66340005e-02 -2.35984419e-02  2.19104216e-02 -5.98786213e-02
  3.05945594e-02 -1.15709148e-01 -7.49641135e-02  2.05400940e-02
  3.31988633e-02  2.67280973e-02  1.72097236e-02  2.16931440e-02
 -4.26247269e-02 -4.20696847e-03 -1.34175057e-02  6.23536892e-02
 -3.14755514e-02 -6.64961487e-02  2.72258222e-02 -1.01156691e-02
 -7.72309164e-03  5.78782633e-02  7.14600012e-02 -7.13005150e-03
  1.18486911e-01  8.54049064e-03  5.51833659e-02 -1.03566855e-01
 -9.79051664e-02  2.16426905e-02  5.53046204e-02 -4.42569563e-03
  3.77182513e-02  2.77279373e-02 -7.85331875e-02 -9.84408259e-02
  1.59386471e-01  5.45194447e-02  6.53685723e-03  2.02514231e-01
  2.49584038e-02 -5.60911372e-02  4.36741151e-02 -2.45137978e-02
  1.78619474e-02  2.85922140e-02 -2.08004732e-02 -1.05969578e-01
  3.27836089e-02 -4.71986383e-02 -7.33880028e-02 -8.56924802e-02
 -2.60052830e-02 -5.09143248e-02 -1.73503999e-02  4.85422947e-02
 -7.03782961e-02 -1.38295663e-03  4.39695306e-02  2.55067237e-02
  4.64862846e-02 -8.73361621e-03 -3.46292034e-02 -1.40563967e-02
 -4.65070419e-02  3.79729234e-02  4.22131382e-02  6.64887279e-02
  2.44794264e-02 -4.45771497e-03 -1.28528867e-02  1.99892300e-33
  4.92722820e-03  3.00423745e-02 -5.41428700e-02  5.71583994e-02
  2.48107035e-03  3.01297586e-02 -1.57241039e-02 -4.19624634e-02
  2.42486987e-02  1.32685306e-03  2.78778505e-02  5.23009561e-02
 -7.84833822e-03  9.85625014e-02 -4.37297225e-02 -1.42751550e-02
  1.74079407e-02  7.44758314e-03 -3.78024764e-02 -1.50333373e-02
 -7.57503929e-03  2.57673170e-02  1.86487846e-02  1.55335972e-02
  1.52572268e-03  1.41166318e-02  5.72141744e-02 -9.21066292e-03
  3.94895338e-02 -1.97944064e-02 -3.51449475e-02  5.04176430e-02
 -7.84058422e-02 -1.47596570e-02  8.90377443e-03 -5.83413197e-03
 -6.61719888e-02  9.65187978e-03 -1.71767138e-02  2.28849873e-02
 -1.20578455e-02  1.40227880e-02 -8.22347477e-02 -3.67828496e-02
  7.10612535e-02 -1.07666885e-03  9.49970186e-02  4.64808643e-02
 -6.59855977e-02 -4.52762656e-02 -5.43017723e-02  3.02009806e-02
 -4.39984500e-02  1.29092683e-03  1.09182466e-02 -4.86855656e-02
  6.23953380e-02 -1.30693749e-01 -6.22731121e-03 -9.99988541e-02
  2.61741504e-02  4.12963360e-04  1.88767165e-02 -2.00617295e-02
 -1.93395093e-02  9.61263105e-02 -7.99574889e-03 -9.56648588e-03
 -4.04495820e-02 -6.03061020e-02  2.72556227e-02 -4.78249304e-02
  2.71434970e-02 -3.38279493e-02 -2.94745970e-03  5.02623096e-02
 -8.91674682e-03  4.31649275e-02 -6.48595244e-02  5.76021038e-02
 -9.39749181e-04 -1.26323802e-02  3.10194194e-02 -3.52196582e-02
 -7.64743388e-02 -3.41334157e-02  4.26646397e-02  2.38640737e-02
  1.48193156e-02 -1.19134104e-02 -5.33248931e-02 -5.13970591e-02
  7.56645948e-02  1.12009197e-01 -2.15522256e-02 -5.23047379e-33
  1.82191860e-02  5.64402994e-03 -2.45889742e-02 -3.61627825e-02
 -5.43327071e-02 -7.82867149e-02 -1.03154778e-02  1.21411504e-02
 -1.34069910e-02 -1.53729111e-01 -4.09723930e-02  4.02420238e-02
  2.46447287e-02  4.81635295e-02 -9.14141238e-02 -8.55568349e-02
  2.35159229e-02 -5.50061325e-03 -2.40046903e-02 -3.87871861e-02
  3.25169675e-02 -8.87978896e-02 -8.17138925e-02  2.67570447e-02
 -3.17145661e-02  2.98935529e-02  9.94924679e-02 -3.94569300e-02
 -2.36281529e-02 -3.93434864e-04 -4.25722040e-02  7.43007734e-02
  1.09167127e-02  2.15179864e-02 -1.61677506e-02  8.95585865e-02
  3.65969762e-02 -6.64536655e-02  4.91235824e-03 -2.01310124e-02
  7.98690990e-02 -5.04517145e-02 -1.74163748e-02 -7.35601485e-02
  3.90599519e-02 -6.11403361e-02  1.19691193e-02  6.83737099e-02
  1.65675068e-03  7.89566934e-02  6.52870834e-02  6.05535842e-02
 -9.61643904e-02 -6.11110814e-02  3.12756263e-02  3.24327908e-02
  2.18576733e-02 -7.79008344e-02 -4.88452464e-02  1.53128300e-02
 -4.30178121e-02  4.10940982e-02  5.01110591e-02  1.22845070e-02
 -3.16939503e-02 -3.99913490e-02 -1.07775711e-01 -6.51082993e-02
  1.30412564e-01  4.83086631e-02  2.96121550e-04 -6.84808427e-03
 -5.39406314e-02 -6.16309009e-02  3.69325913e-02 -1.44762006e-02
  1.75374188e-02 -5.61693460e-02  2.46942323e-02  9.63959843e-02
 -5.49556725e-02  1.49810873e-02  1.52538987e-02 -6.96354080e-03
  3.50630619e-02 -8.51422269e-03  1.77196264e-02 -3.47410403e-02
  1.64591633e-02  4.42157313e-03 -9.55566168e-02 -9.19753802e-04
 -3.60049680e-02  4.27563004e-02 -1.24588993e-03 -5.78455293e-08
  6.92301942e-03  5.80120943e-02  5.77120930e-02  2.65807845e-02
  3.82154584e-02  1.04230754e-02  5.00237709e-03 -4.25616093e-02
  4.04754933e-03  5.23356609e-02  6.52787685e-02  6.19509742e-02
  9.53073576e-02  6.15924112e-02  2.63067405e-03  3.61326672e-02
  8.84213299e-02 -1.89269967e-02 -3.05766873e-02 -4.13309503e-03
  4.36975211e-02 -2.70663928e-02 -1.68369897e-02  1.70937516e-02
  1.01286367e-01 -2.19373852e-02  1.10507337e-02  9.68953520e-02
 -3.87062319e-02  3.42865437e-02 -4.87585552e-02 -2.36749556e-02
 -2.66101304e-03 -3.39362435e-02  1.03410510e-02 -6.03551902e-02
  2.41747014e-02  1.16489036e-02  6.08355068e-02  3.77835222e-02
 -4.00512898e-03  6.00614138e-02 -3.07090729e-02  9.50684249e-02
 -3.17174792e-02 -1.01710245e-01  1.55054703e-02  2.06051245e-02
 -3.07581890e-02  6.08146042e-02 -3.87616679e-02  7.15193339e-03
 -4.40921076e-03  3.69245075e-02  7.49377534e-02  4.68186997e-02
 -6.75289035e-02  5.99723533e-02 -4.31973971e-02 -8.24489258e-03
  1.95324654e-04 -1.04729638e-01 -1.40148386e-01  4.00055870e-02]",False,False
Fact &amp; Fiction: The Impact of Climate Change,David Pakman,progressive,"submerged uh below the ocean. um, uh, it means that uh, there will likely be enough sea level rise to uh Force us essentially to retreat from many of the uh major coastal cities of the US and elsewhere around the world. uh, it will mean that uh, many of the problems we are already seeing uh damaging impacts of climate change related increases in extreme weather, um wildfires, droughts, uh flooding- all those things that we have seen already- um uh worsened weather, uh events because of the impact of climate change, will get that much worse. uh, if we again continue with business as usual, burning of fossil fuels. uh, by the end of the century, we warm the planet by 7 to9 degrees Fahrenheit. uh, arguably, the rates of change that we will see in our climate will exceed our ability to adapt to those changes. on the other hand, I'm curious, Michael, as far as the temperature change you know we you talked about the sea level rise that we would see what the if, if our oceans were warmer. also, would that not have a significant impact on ocean life and thus the entire animal ecosystem? yeah, that's right. uh, in fact, right now we have a major El Nino event going on and it sort of gives us a glimpse of the future, because during El ninos, often uh sea surface temperatures around uh the the world are much warmer than they would normally.",0.999,"[-4.97745723e-02  2.74516586e-02  1.29698202e-01  2.64253337e-02
  8.14126879e-02  1.11721558e-02 -1.17782712e-01  4.95835533e-03
 -1.82129927e-02  1.75449364e-02 -3.06376759e-02 -8.36797729e-02
  1.88878942e-02  3.23032551e-02  6.35984913e-02  5.81394210e-02
 -5.92391677e-02  1.00048725e-03 -1.19733624e-01  8.01179186e-02
  1.14443880e-02  1.15340985e-01 -5.62942587e-02  6.88757654e-03
 -8.83865729e-02 -6.65567517e-02 -1.74152460e-02  8.67763013e-02
 -9.89314169e-02  1.08298637e-01 -7.58599564e-02  3.30709666e-02
  4.01607603e-02  6.16771588e-03  3.40240635e-02  1.95135586e-02
 -2.15178449e-02 -1.20101785e-02 -4.78004329e-02  4.96117473e-02
 -4.55329604e-02 -6.06687963e-02 -1.14474623e-02  4.14918214e-02
 -1.50196236e-02 -3.76454853e-02 -6.51610568e-02  9.67471488e-03
 -1.16714999e-01  1.87728461e-02  1.14600509e-02  1.41570140e-02
 -4.32166643e-02 -3.43676731e-02 -8.23883638e-02 -3.97941656e-03
 -2.77071465e-02 -2.51581576e-02  7.92665407e-03 -3.96845862e-02
  5.23889996e-02 -1.98581871e-02 -1.87456869e-02  3.85734774e-02
  5.68373241e-02 -1.49835479e-02 -2.84363376e-03  2.92816367e-02
 -3.29847969e-02 -5.06979879e-03 -6.96300119e-02  2.25437675e-02
  2.16866396e-02 -7.51466528e-02  1.93588398e-02 -1.28690928e-01
 -3.49199539e-03  4.64663543e-02  1.17904820e-01 -7.36094788e-02
  1.09075353e-01 -2.03916226e-02  6.10967632e-03 -5.90453222e-02
 -3.48830782e-02 -1.35181146e-02  8.53739157e-02 -2.80420878e-03
  9.90641676e-03  3.85216810e-02 -4.95192669e-02 -1.69262409e-01
  3.72697376e-02  6.07972443e-02  2.89590389e-04  1.20429456e-01
 -5.69138117e-02 -3.96094434e-02  3.24045233e-02 -3.73008996e-02
  4.08695219e-03 -4.08924185e-03 -6.20811060e-02 -6.36517853e-02
  7.15275332e-02 -1.91590246e-02  7.37386756e-03  1.83129478e-02
 -3.62857655e-02 -3.31182443e-02 -6.06444255e-02  2.05295663e-02
 -5.75236417e-02  1.20034683e-02  3.06710433e-02 -2.49440577e-02
  2.87243836e-02 -3.41252461e-02 -5.04475720e-02 -7.43571371e-02
  1.40017725e-03  2.90171728e-02  1.34193851e-02  6.61330968e-02
 -2.40284298e-03  4.99722138e-02 -5.48703223e-03  2.83066093e-33
  1.33058131e-01 -3.43103372e-02 -2.37034298e-02  2.08950791e-04
  8.40308964e-02 -5.52129261e-02 -3.15190256e-02 -2.13731322e-02
 -4.92360331e-02 -4.64117602e-02 -2.24302001e-02  7.52589405e-02
  1.78549923e-02  8.90562162e-02 -4.25004959e-03 -1.09576306e-03
  2.07662005e-02  4.09667706e-03  1.28535619e-02 -3.48473266e-02
 -1.52506381e-02 -1.31776538e-02  4.97418754e-02 -4.75706793e-02
  9.87882912e-03 -7.90324658e-02  4.39363206e-03 -1.45616233e-02
 -4.18013781e-02 -3.04345251e-03 -9.35509503e-02 -4.27986383e-02
 -8.16434845e-02 -4.67113294e-02  4.67337184e-02  5.97423594e-03
  4.59556542e-02 -2.06823722e-02  1.34262294e-02  2.45023891e-02
 -1.15790647e-02  8.30036530e-04 -3.94812087e-03 -2.77547073e-02
  1.23176806e-01 -1.01370737e-02  6.20421320e-02  8.11481699e-02
 -5.52429259e-02 -1.73737537e-02  1.06695353e-03  1.29954778e-02
 -2.13121139e-02 -2.47172099e-02 -2.78143268e-02  5.65187447e-03
  5.15621342e-02 -5.38029075e-02 -2.14578286e-02 -5.88939525e-04
 -5.10861985e-02 -3.26737538e-02  3.94745357e-02 -1.78323835e-02
  1.80093739e-02  1.14858314e-01  4.82942164e-02 -1.15501294e-02
 -3.26508209e-02 -8.94730387e-04 -5.07158488e-02 -6.64737017e-04
  6.39796034e-02  3.79691459e-02 -7.11151399e-03  8.58887285e-02
  7.94200897e-02  9.60736419e-04 -2.81560831e-02  5.81795648e-02
 -3.59024219e-02  6.18723817e-02  4.06522229e-02 -1.82339884e-02
  3.46611347e-03 -4.07017656e-02  6.11099340e-02  4.11531366e-02
  7.20376521e-02  1.39518995e-02 -1.34198815e-02 -7.07104504e-02
  4.45672609e-02 -3.00119463e-02  5.39262779e-04 -4.70391550e-33
 -1.47811323e-02  8.31724517e-03 -9.93035082e-03  1.36367315e-02
 -1.14023596e-01 -1.16741151e-01  4.87046391e-02  4.24983986e-02
  1.47719895e-02 -1.12378828e-01 -4.00801301e-02  3.17269564e-02
  5.37319891e-02 -5.82116805e-02 -5.35358004e-02 -2.03402583e-02
 -4.50217873e-02 -2.78210416e-02 -3.92810889e-02 -3.83078344e-02
 -7.75085669e-03 -7.42368028e-02 -2.69289222e-02  7.40150884e-02
 -7.66442940e-02  1.34647032e-02  3.63753475e-02 -2.35183518e-02
 -1.96073614e-02 -6.07821681e-02 -6.18471764e-02  7.40981102e-02
  3.43866181e-03  8.18675477e-03 -2.36751717e-02  1.00912385e-01
  5.74521609e-02 -9.62062180e-02 -1.73011702e-02 -1.72784179e-02
  6.19841833e-03 -7.53277317e-02 -1.18100494e-02 -9.23907831e-02
  5.84918112e-02  4.52344343e-02  5.69532206e-03  5.13088442e-02
  2.28253398e-02  2.76812222e-02  3.50841582e-02 -8.82575847e-03
 -3.28028128e-02  3.06319725e-02 -2.51714531e-02  1.48365302e-02
 -2.58404203e-03 -3.38628478e-02 -1.78527106e-02  7.10771827e-04
  3.08575872e-02 -3.24345678e-02 -3.90284113e-03 -1.81294035e-03
  3.23868211e-04 -4.05053571e-02 -3.21503952e-02 -3.41188093e-03
  6.51643947e-02  6.26176894e-02  3.62717845e-02 -3.63664366e-02
 -5.63206747e-02 -8.98528323e-02  4.89539616e-02 -3.53292339e-02
 -2.49550398e-02  1.50982186e-03 -1.60255823e-02  1.35802105e-01
 -2.86857430e-02  1.48893408e-02 -3.66427302e-02 -3.24586518e-02
  3.82996760e-02 -5.92754707e-02  1.97374392e-02 -1.68632381e-02
  6.99471310e-02  3.82803194e-03 -1.20472401e-01 -1.90090220e-02
 -1.31499335e-01 -2.19608583e-02 -3.89326476e-02 -5.78585961e-08
  6.52657524e-02  2.66658850e-02  4.68297638e-02  5.12986109e-02
  5.86892292e-02 -6.65730657e-03  5.88759826e-03  2.04410069e-02
  2.37053586e-03 -2.09683273e-02  8.29300582e-02  5.94329163e-02
  1.18884340e-01  2.77185137e-03  1.52404513e-02  6.64534094e-03
  9.54125449e-02 -6.40060008e-02 -3.11190728e-03 -2.22909986e-03
  4.83539291e-02  7.86093548e-02 -3.67005877e-02  5.33934459e-02
  7.55077973e-02 -9.07305721e-03 -1.35681301e-03  1.10954963e-01
 -6.64524436e-02 -5.09836860e-02  2.26447489e-02 -7.36380517e-02
 -2.08835583e-02  1.24066966e-02  5.78960143e-02 -2.79523060e-02
 -3.46062668e-02  4.68664691e-02 -2.25106324e-03  7.96582848e-02
 -5.11565246e-03  2.89897118e-02 -1.11561837e-02  8.26218426e-02
  9.78667568e-03 -4.91253994e-02  1.04088346e-02  8.98630172e-02
 -2.61692684e-02  6.65287161e-03 -4.67956886e-02  3.61577161e-02
 -1.69087630e-02  4.15402232e-03  2.57481914e-02  4.10161577e-02
 -3.35772149e-02  2.74724439e-02 -6.94431588e-02  8.65127146e-02
  8.78597796e-03 -4.96820509e-02 -1.04409277e-01  9.21080634e-03]",False,False
Fact &amp; Fiction: The Impact of Climate Change,David Pakman,progressive,"B and with those large El Nino events like the one we're seeing right now, we often see massive die off of corals. we see, uh, uh, an event called Coral bleaching, where corals they lose their color because the symbiotic organisms that give them that color um literally, literally flee, but the the corals can't move, they're stuck and, uh, if that goes on long enough, that kills off the corals. uh, that is combined with the effects of ocean acidification: as we increase Co two in the atmosphere, the oceans become more acidic. so all of these things are impacting uh ocean biota, coral reefs. uh, this is part of the reason that climate change represents a major threat to uh ocean biodiversity, uh to fish populations and our ability to continue to feed ourselves uh through um fishing. I would love to hear a little bit from you about, uh how our audience can uh tackle, when they are on the receiving end of what to me sounds like a tired old talking point from so-called climate Skeptics, or or non non-science believers, as I like to call them that. Hey, listen, humans on Earth, we only have observations about temperature from a very tiny slice of the history of our planet and there's really no way at all to say that the. the changes in temperature we're seeing today are any more than just cyclical temperature changes. we've had ice ages and it logically follows we.",0.995,"[ 1.13463318e-02  2.76722740e-02  1.04919136e-01  2.86349170e-02
  1.21208742e-01  2.61794291e-02  1.61129888e-02 -2.34552436e-02
  7.41648674e-03 -1.77922919e-02 -4.85895574e-02 -9.26618874e-02
 -2.52938103e-02  1.52713982e-02  1.69114280e-03  1.38879791e-01
 -4.09968197e-02 -2.27085724e-02 -1.06043145e-01  8.92718956e-02
  3.71841975e-02  6.53948560e-02 -1.02577016e-01  7.04183504e-02
 -1.48456320e-01 -5.02357744e-02 -5.56020625e-02 -4.35844297e-03
 -6.15695864e-02  2.20708456e-02 -2.94033084e-02  5.86352050e-02
  9.87160280e-02 -4.32126597e-02 -1.03554490e-03  2.89499145e-02
 -3.09191030e-02 -3.62839759e-03 -2.88420427e-03  6.62830174e-02
 -8.71758349e-03 -4.08342108e-02  2.75845965e-03  3.08037107e-03
 -3.53577286e-02 -7.39415884e-02  2.37266943e-02 -3.14795226e-02
 -1.11472562e-01 -5.03946580e-02 -4.71699312e-02 -6.00257330e-02
 -7.00115561e-02 -5.04372828e-02 -8.86191800e-02 -3.57580259e-02
 -2.68153697e-02 -2.83372719e-02  7.46302679e-02 -5.84407598e-02
  5.57067879e-02 -3.88403982e-02  2.02130098e-02  4.38061804e-02
  4.09641154e-02  2.21976135e-02  4.99091744e-02  1.26927188e-02
 -8.88223015e-03  7.56411953e-03 -4.91483137e-02  1.29924212e-02
  2.35106889e-02  2.15519313e-02  4.50871773e-02  4.59367633e-02
 -1.19346566e-02 -1.63976178e-02  1.69806741e-02 -6.98844865e-02
  9.01796743e-02 -6.34856448e-02 -2.14775521e-02 -6.69000894e-02
  6.92337304e-02  1.02119492e-02 -9.83898714e-03 -2.37489119e-02
 -7.56622702e-02  2.27336623e-02 -3.25574875e-02 -8.13321248e-02
  3.71448286e-02  5.44320382e-02 -2.51057949e-02  1.03782177e-01
 -3.98305394e-02 -1.15031376e-01  5.74273355e-02 -1.06343348e-02
  2.21212469e-02  8.86051171e-03 -1.90864429e-02 -8.30586702e-02
 -1.37071609e-02 -3.39479297e-02 -4.60574329e-02  9.36345290e-03
 -4.91939448e-02  3.98350470e-02 -5.99003434e-02  4.91098203e-02
 -2.32167915e-02 -1.69984587e-02  3.26487757e-02  8.29752013e-02
  1.04394620e-02 -7.63761392e-03  9.54541937e-03 -1.62538796e-04
  3.47050056e-02 -5.40516600e-02 -6.33968413e-02  4.59500104e-02
  6.58489242e-02  1.31722447e-02 -4.57406417e-02  5.25487705e-33
  1.27769262e-01 -1.55445263e-02 -5.03476039e-02  1.89621616e-02
  1.01858959e-01 -2.93606929e-02 -7.76934922e-02 -6.69932216e-02
 -5.31556010e-02 -3.57137099e-02  2.26751100e-02  3.86170559e-02
  6.41398430e-02  6.52546585e-02 -4.26203907e-02  9.49533191e-03
 -8.56267884e-02 -5.01294248e-02 -3.39946374e-02  9.26960818e-03
 -1.05313770e-02  1.84867959e-02 -1.37709398e-02  1.05750738e-02
 -8.27172864e-03 -4.81389798e-02  3.05545796e-02  1.51992720e-02
  2.35558189e-02 -6.15970045e-03  1.36062568e-02 -2.90109050e-02
 -5.57441339e-02  4.17657942e-02  4.04648148e-02 -7.69023821e-02
  6.69900477e-02 -1.67669319e-02 -1.50282457e-02  2.69090142e-02
 -3.41554731e-02  9.20821577e-02 -6.18560128e-02  4.45606411e-02
  1.16563722e-01 -5.96731976e-02  1.04938135e-01  9.57553834e-02
 -3.04818563e-02  4.89437431e-02 -2.04191171e-02 -2.70834118e-02
  2.47665867e-02 -3.07068340e-02  2.37666983e-02 -4.13834751e-02
  7.17384368e-03 -4.54086326e-02 -8.54478851e-02 -4.74331379e-02
  2.26293821e-02  2.44439896e-02  2.00850125e-02 -1.71378236e-02
  8.70168675e-03  7.21308663e-02  3.56939360e-02 -2.53584497e-02
 -2.01182924e-02 -1.49779066e-01 -3.69020700e-02 -2.24248953e-02
  2.96742115e-02 -5.84899709e-02 -4.70105112e-02 -5.36492094e-02
  3.67654897e-02 -1.53315132e-02  2.95136403e-02  9.43940580e-02
 -1.45048890e-02  1.09797111e-02  4.50276323e-02 -2.51669697e-02
 -1.04289085e-01 -1.82086881e-02  3.40669826e-02 -2.44998210e-03
  1.02989256e-01 -1.35733141e-02  1.25645231e-02 -4.14974988e-02
  3.14977346e-03 -2.41211373e-02 -8.82122386e-03 -6.18098880e-33
 -1.81721859e-02  5.56514692e-03 -2.41257623e-02  4.29770909e-02
 -4.40272503e-02 -7.90425688e-02  2.09930427e-02  6.11137114e-02
  9.59714036e-03 -1.30655959e-01 -5.16387597e-02  3.27710398e-02
 -9.86096798e-04 -1.71433371e-02 -2.78201438e-02 -6.93034530e-02
  3.31204571e-02  3.95900495e-02 -8.21463987e-02 -2.04373263e-02
 -1.76781807e-02  5.60827134e-03 -3.12139168e-02  6.56480193e-02
 -2.03658547e-02  8.38044286e-02  1.47970421e-02  2.69541238e-02
  1.35391094e-02 -1.33414976e-02 -2.48929840e-02  8.76035392e-02
 -5.28331287e-02 -2.18277518e-03 -2.12662145e-02  8.20005760e-02
 -1.92205273e-02 -1.79610178e-02 -4.71168831e-02 -8.61866458e-04
  4.78135869e-02 -4.12876979e-02 -6.40477613e-03 -5.84300943e-02
 -7.88733736e-03  1.93655211e-02  1.02607831e-02  8.91815722e-02
  5.04979072e-03  3.97034315e-03 -8.96910112e-03 -7.03763217e-03
 -5.73571958e-02 -6.82184380e-03  6.01216704e-02  1.85239185e-02
  3.73169482e-02  2.33106222e-02 -2.73541901e-02  2.31938828e-02
 -3.73914745e-03  3.04020848e-02 -2.86990162e-02 -4.33511427e-03
  5.84781915e-02  1.10058254e-02 -1.33660911e-02 -3.96748818e-02
  8.93206894e-02  6.93566129e-02  4.55505587e-02  7.96470568e-02
 -1.03878409e-01 -7.15167597e-02  9.08532180e-03 -2.62145139e-03
 -1.10976823e-01 -1.23525724e-01 -6.44058585e-02  8.67693797e-02
 -3.03695463e-02 -1.09969862e-02  4.52639349e-02 -4.06356938e-02
 -1.88512988e-02  6.98089693e-03 -7.44259357e-02 -9.33384616e-03
  8.96298140e-03 -2.58134566e-02 -3.45719582e-03 -7.36095160e-02
 -8.16903636e-02  2.81415805e-02 -1.34115303e-02 -5.89483449e-08
  1.43070787e-01  1.40115265e-02  2.54224557e-02  4.80094738e-02
  4.75779995e-02 -5.79168871e-02  4.29992713e-02  1.19849760e-02
  3.28801572e-02  4.55190726e-02  5.05551435e-02  6.28290251e-02
  9.79573801e-02  3.82046439e-02  7.44986311e-02  2.31756568e-02
  7.10712522e-02 -3.77716608e-02 -6.48566857e-02 -5.20346612e-02
 -7.17257336e-03  9.73164476e-03 -6.15307763e-02 -1.18622389e-02
  5.14688306e-02 -1.33504602e-03 -1.25319976e-02  1.11177363e-01
  4.95290086e-02 -3.34891267e-02  1.96774025e-02 -9.04706642e-02
 -5.73675567e-03  1.34980297e-02  4.68302742e-02  4.53772675e-03
 -6.85047880e-02  1.07882470e-02  9.37580189e-04  3.58523950e-02
 -5.10242069e-04  5.45305386e-02 -8.35326537e-02  7.93279335e-02
  4.46165204e-02 -3.79849561e-02 -7.32848570e-02  6.28271699e-02
  6.15750579e-03  3.88900898e-02  2.89156139e-02 -9.73045304e-02
 -4.36691269e-02  3.96053307e-02  4.42678016e-03  2.08179522e-02
 -3.04099591e-03  5.62682338e-02 -2.16903370e-02  8.08979422e-02
  2.24361219e-03 -3.56764197e-02 -5.64472713e-02  2.27463990e-02]",False,False
Fact &amp; Fiction: The Impact of Climate Change,David Pakman,progressive,"also have warmer periods. we, we only have a little bit of data. that's a very common talking point we hear from climate Skeptics. what can our audience have sort of in their Arsenal to refute that? sure, so I will respond to that particular talking point. but, uh, it's often very useful to draw upon resources that exist out there. um, there is a site called skeptical sciencecom and if you go to that website, they have a list of the hundred or so leading climate change denier talking points and the scientific resp responses to each of those talking points at the introductory, intermediate and advanced level. fantastic, uh. and even better than that, you can download the whole thing onto your smartphone and have it at your fingertips. so you know, at that Thanksgiving dinner, where that can torous uncle that you have, who always comes armed with, uh, you know, you, you've got that at your disposal and you can respond to him in real time. uh, but, uh, with that particular talking point, um, it's actually combining a number of myths. uh, first of all, it wouldn't even matter, um, if the current warmth that we've seen, whether or not it's unprecedented, um, the reason for past periods of warmth is understood, the reason that, uh, you know, the temperatures were so warm during the early Cretaceous Period, when dinosaurs roamed the planet, that was because of very high CO2 levels, a very high Greenhouse.",0.512,"[-3.92297283e-02 -2.51101959e-03  7.48050138e-02  9.32473913e-02
  1.32864773e-01 -4.26805541e-02 -1.02596525e-02 -4.68369536e-02
  9.59579945e-02  6.51968922e-03 -4.40339148e-02 -4.99118790e-02
  3.03323641e-02  4.27664490e-03  6.41337857e-02 -4.75423820e-02
 -4.01293561e-02 -6.00163452e-03 -1.91024728e-02  3.45561355e-02
  2.72358414e-02  4.10702340e-02 -5.09518245e-03  3.36020850e-02
  2.91116741e-02 -8.06178898e-02 -4.85288389e-02  3.32941078e-02
 -7.57196099e-02  5.09176925e-02 -2.30487138e-02  6.17394820e-02
 -5.69160841e-02 -3.49663906e-02 -2.26116329e-02  7.31601268e-02
  4.13835086e-02  3.43617536e-02 -3.50565580e-03  4.44198325e-02
  1.74214225e-02 -3.95128503e-02  5.87608553e-02 -3.96909714e-02
 -6.17617071e-02  3.72210629e-02 -5.23754470e-02  8.56907747e-04
 -6.55323789e-02 -9.24871024e-03 -6.65769204e-02  7.01214522e-02
 -5.83217107e-03  9.16480087e-04 -1.47739677e-02 -6.21021306e-03
  3.11966129e-02 -2.98291706e-02  3.39794904e-03 -4.40081172e-02
  2.12422181e-02 -4.00185622e-02 -7.97061995e-02  6.14891462e-02
  2.06452366e-02 -5.90040768e-03  5.47329197e-03  1.09560944e-01
  1.95568930e-02 -1.03962724e-03 -3.60868685e-02  1.01906538e-01
  1.31359538e-02 -1.45175506e-03  5.09163812e-02 -2.42567109e-03
  3.26753929e-02 -1.30430833e-02  6.10282049e-02 -6.05662726e-02
  1.00780606e-01  3.05643827e-02  6.86965361e-02 -1.54727362e-02
 -2.32806876e-02 -6.66619986e-02  3.58355865e-02  4.21546213e-02
 -2.15337984e-02  1.51320789e-02 -2.61482913e-02 -1.05979227e-01
 -3.15813869e-02  3.17130089e-02  3.71643230e-02  1.10209219e-01
 -7.79912900e-03 -4.27590199e-02 -2.04548240e-03  7.12375017e-03
  1.85505189e-02 -2.17230385e-03 -7.73791522e-02 -4.55537029e-02
  1.82483457e-02 -5.93515523e-02 -1.20718613e-01 -5.59165403e-02
 -1.78187899e-02  2.73654740e-02 -7.12952018e-02  1.84728336e-02
 -6.77302107e-02 -2.60779131e-02  4.71586064e-02 -3.69292572e-02
  4.37706057e-03  9.53263137e-03 -3.38553898e-02 -3.74138877e-02
  1.01336243e-03  6.45888001e-02  3.48115526e-02  5.90567105e-02
  9.26586315e-02 -2.12665033e-02 -3.07297613e-03  1.06515593e-33
  1.10290162e-01  4.02081683e-02  5.49857840e-02  5.67077249e-02
  5.85908853e-02 -1.81990117e-02 -1.20611608e-01  2.02512406e-02
  3.00539620e-02 -1.12481592e-02  5.19942446e-03  1.20471157e-01
 -3.42531204e-02  6.93758354e-02  2.20127236e-02  1.18657975e-02
 -1.04105487e-01  1.88984647e-02 -4.32231347e-04  1.04717433e-03
 -1.61489565e-02 -3.23561579e-02  5.27822897e-02 -2.06767712e-02
  3.40094008e-02 -2.38384902e-02  5.64764030e-02  7.62468204e-02
 -1.32301934e-02 -6.97927026e-04 -3.22232433e-02 -5.09053692e-02
 -4.58402187e-02 -2.40513198e-02  5.63265011e-02 -1.91975143e-02
  2.22212244e-02 -7.36691430e-02  6.41133636e-02 -3.86402826e-03
  4.47738059e-02  1.61945224e-02 -1.00376429e-02  4.85546701e-03
  7.34163895e-02  3.05155292e-02  3.37800495e-02  1.75931863e-02
 -1.45498276e-01  2.16744607e-03 -9.25576687e-03  5.82308695e-02
  5.90608642e-02 -7.06978738e-02 -2.88309902e-02 -2.59774979e-02
  1.41231874e-02 -7.84661248e-02  2.08385363e-02 -7.84341916e-02
 -1.21374074e-02 -1.55833038e-02 -1.70770213e-02 -8.53391588e-02
 -1.97229628e-02  8.01623762e-02 -5.32347411e-02 -5.44596231e-04
 -6.35703057e-02  1.84464846e-02  1.26735587e-02 -4.02338356e-02
 -6.03547925e-03 -5.88939637e-02 -3.45412046e-02  5.43673895e-02
 -1.15891155e-02  8.97567254e-04 -6.57234993e-03  3.00957561e-02
  1.20973273e-03 -8.56614411e-02  9.62017477e-03 -3.11197601e-02
 -4.39662151e-02 -1.01356231e-01  5.53491861e-02 -1.20329196e-02
  4.62659523e-02 -3.21005918e-02 -1.82447378e-02 -2.73537952e-02
  4.71566506e-02 -3.57286492e-03 -9.90017653e-02 -2.56553130e-33
 -1.44334650e-02 -7.91525990e-02  3.29513513e-02  6.40284345e-02
 -4.31809463e-02 -9.22824815e-02 -2.29527634e-02 -5.97687997e-03
 -5.48036257e-03 -5.21421321e-02  9.95140150e-03  1.87788196e-02
 -3.05735227e-03 -7.25032687e-02  3.33784968e-02 -4.89593074e-02
  1.22326687e-02  6.16177097e-02 -4.84385639e-02  2.83704400e-02
  1.44147109e-02  1.17482468e-02 -7.34518319e-02 -8.56627617e-03
 -3.38783674e-02  4.63921716e-03  8.04167241e-03 -2.01649927e-02
 -6.83427928e-03 -5.28490953e-02 -4.04182039e-02 -2.50671748e-02
 -3.29650603e-02 -4.21669781e-02 -1.57327466e-02  6.36254996e-02
  4.33355756e-02 -2.24660914e-02 -4.39810604e-02  2.36075232e-03
  5.77658154e-02 -5.79628255e-03 -3.55265513e-02 -6.83640018e-02
 -8.22973903e-03  3.33636301e-04 -2.19414104e-02  1.01482436e-01
  5.55847655e-04  5.81102110e-02  1.25405118e-01 -5.21772541e-02
 -6.47803992e-02 -2.99016684e-02 -8.25475156e-03 -3.16552818e-02
 -3.26594934e-02  1.86150937e-04 -9.06420965e-03  4.47065234e-02
 -4.45937775e-02  3.98202799e-03 -5.61650358e-02  3.51702864e-03
  1.65436845e-02 -5.67933694e-02 -6.54237792e-02  2.35483199e-02
  1.49918208e-02  7.91799128e-02  5.88430511e-03 -1.84143633e-02
 -5.17238043e-02 -5.85044995e-02  5.85907549e-02  9.98722911e-02
 -6.20139763e-03 -1.03656352e-01  2.22545043e-02  3.15375514e-02
 -4.14576158e-02 -4.24820594e-02  5.52715324e-02 -3.43226525e-03
  8.84564295e-02  1.36092240e-02 -4.35386784e-02  1.12711089e-02
 -2.79497411e-02  3.03109530e-02 -1.23218849e-01 -6.19242154e-02
  6.46262337e-03  5.45115024e-02 -3.28063630e-02 -5.63557130e-08
  7.69912377e-02  5.12537919e-02  1.13387249e-01  3.79534587e-02
  9.98108909e-02 -4.66159061e-02  4.99722511e-02 -1.82626825e-02
 -2.04281826e-02  7.51548186e-02  9.46106389e-03  7.32747838e-02
  7.30637163e-02  6.67906031e-02  7.15744942e-02  4.10278440e-02
  7.21621290e-02 -5.89228310e-02 -6.12555668e-02 -8.90301764e-02
  1.09500475e-01  9.19493884e-02 -3.38311195e-02 -1.46803558e-02
  1.11911103e-01  3.44637260e-02 -3.25613539e-03  7.89084211e-02
  7.27673844e-02 -4.34041675e-03 -5.03994524e-02 -6.64601773e-02
 -1.06556825e-01 -5.33756427e-02  5.08570559e-02  2.84075439e-02
 -6.79141954e-02  6.16703816e-02  6.65045232e-02 -3.47703211e-02
  2.59503834e-02  5.13058854e-03  1.30144483e-03  7.25883767e-02
 -1.90025922e-02 -5.53023927e-02 -9.85582769e-02 -1.28525300e-02
 -9.73377973e-02  1.12560503e-01 -3.20734791e-02 -3.30832563e-02
  1.02103511e-02 -8.78527295e-03 -6.05853498e-02 -5.23415692e-02
 -6.61634579e-02  4.11399640e-02 -3.38770486e-02  2.45429184e-02
  5.96175417e-02 -4.90050539e-02 -9.26595181e-02  4.66258898e-02]",True,True
Fact &amp; Fiction: The Impact of Climate Change,David Pakman,progressive,"Effect and that happened naturally over tens of millions of years due to Natural variations in in the concentrations of these greenhouse gases that have to do with things like plate tectonics. so those changes happen over a time scale of- you know, it's a 100 million years if you go back to the early Cretaceous Period. what we are doing by burning fossil fuels is literally taking all the carbon that got buried in the ground after that period, over a hundred million years, and we're putting it back up into the atmosphere, but over a time scale of a hundred years, a million times faster. so it's the rate at which we are modifying the atmosphere and warming the planet that is caused for concern, not whether or not there might have been past periods, uh periods in the distant past there that were as warm. one other thing: we do know that the recent warming spike is unprecedented- uh, going back into the last ice age and probably back more than a 100,000 years. there are various lines of uh paleoclimate evidence that we can use to piece together the puzzle of how the climate changed in the past, and those data tell us that the recent warming Spike um is likely unprecedented in tens of thousands of years, maybe more than a 100 thousand years. so it is unusual, and the CO2 concentrations that we've reached already are higher than they've been in millions of years.",0.73,"[-2.69101560e-02  8.49883631e-02  1.15868509e-01  3.96049209e-02
  1.02847502e-01  3.22497785e-02 -7.45017454e-02  1.48091791e-02
 -1.03343080e-03  6.60546347e-02 -6.79719672e-02 -2.86448486e-02
  1.65305734e-02 -1.64660309e-02  3.80553417e-02  5.07975705e-02
 -7.61126652e-02 -3.57433222e-02  5.74475946e-03  1.86648760e-02
  9.11062025e-03  5.60914539e-02  2.37843413e-02  3.37734260e-02
 -1.56888310e-02 -4.98304106e-02 -7.53441304e-02  6.50093555e-02
 -1.81017276e-02  1.28761485e-01 -2.43329946e-02  6.60624132e-02
  3.22170891e-02  3.07957865e-02 -4.38610651e-02  1.74845848e-02
  9.85791557e-04  1.40217729e-02 -6.06590658e-02  3.93267795e-02
 -1.97357293e-02 -5.20274937e-02  7.80751975e-03 -4.00855988e-02
 -8.99574310e-02  5.40480465e-02  2.34682281e-02  1.92205813e-02
 -1.03490256e-01 -7.15279905e-03  6.73232675e-02  2.08954029e-02
 -5.22187166e-02 -8.31700265e-02 -2.03813985e-02 -5.25030829e-02
  8.87058303e-03 -1.30453994e-02  5.47463633e-03 -1.26566321e-01
  4.23001917e-03 -6.03080317e-02 -6.65986016e-02 -2.51516271e-02
 -3.54412943e-02  1.62576307e-02  6.65088296e-02 -2.26133280e-02
  6.23787940e-02  6.48272876e-03 -1.99125707e-03  6.88164309e-02
 -1.33252554e-02 -1.15430996e-01 -7.43801445e-02 -1.47057623e-02
  4.84362654e-02  7.99748451e-02  6.02425821e-02 -1.35210797e-01
  1.30323753e-01  1.22529734e-02  8.00709613e-03 -9.24973488e-02
 -8.69609714e-02  1.13886250e-02  3.54745723e-02  1.79780908e-02
 -1.46905668e-02  4.57074493e-02  4.16988600e-03 -3.09208054e-02
  6.92157745e-02  2.84768622e-02  3.72412950e-02  5.02589196e-02
  7.49103650e-02  8.91401321e-02  1.03032492e-01 -5.16177118e-02
  5.55333099e-04  2.62095723e-02 -1.33992657e-01 -1.73407458e-02
  2.14162655e-02  3.05760466e-02 -3.24113062e-03  5.94261615e-03
 -1.46161830e-02  6.40017586e-03 -5.04277833e-02  3.32722813e-02
 -1.95771325e-02 -2.86007579e-02  4.68208231e-02 -6.36994019e-02
  2.05466617e-02  7.83246569e-03 -4.86656241e-02  1.93709917e-02
 -7.83745646e-02  4.72251549e-02 -2.72847563e-02  3.86770256e-02
  2.32466171e-03 -3.43906544e-02 -1.50820781e-02  4.72560153e-33
  1.14881285e-01  1.02558225e-01 -4.89158668e-02 -4.68834341e-02
  4.02088128e-02  8.29841197e-03 -4.28888425e-02 -8.97672493e-03
 -3.72740887e-02  5.79359755e-03 -1.27667189e-02  2.19159923e-03
  2.30594520e-02  6.16155341e-02 -5.09252213e-02 -1.98513251e-02
 -7.96770751e-02  6.56036437e-02  2.06787549e-02 -5.05321585e-02
 -1.28052801e-01 -4.32730839e-02  2.87789144e-02  1.69346929e-02
 -2.17661448e-02  6.11980073e-03  3.95546332e-02  5.93091510e-02
  3.33965849e-03 -6.10046014e-02  5.08165471e-02 -5.14846966e-02
 -1.27055436e-01 -4.98585366e-02  3.89448740e-02 -6.66510835e-02
  8.62476006e-02 -2.30680965e-02  1.44930687e-02  3.46214883e-02
  3.87689658e-02  1.05586182e-03 -2.68530045e-02 -6.81136698e-02
  5.18267974e-02  3.13517544e-03  6.33599833e-02  3.85210402e-02
 -2.36366112e-02  3.47229317e-02 -1.57120116e-02  3.54739502e-02
 -1.81694310e-02  1.10156825e-02 -5.11600301e-02 -1.86092984e-02
  6.17905334e-02 -8.58187228e-02 -1.89178735e-02 -1.51326908e-02
  4.82691750e-02 -1.89810675e-02  3.19365561e-02 -3.71933281e-02
  5.69830881e-03  1.15118019e-01  9.56871174e-03 -1.87129527e-02
 -3.66478302e-02 -6.90617962e-05  3.68622951e-02 -7.07896352e-02
 -9.51605849e-03 -3.27716209e-02 -4.32884553e-03 -8.47286638e-03
  6.81447983e-02  2.87873819e-02 -1.84606332e-02  5.22117168e-02
  3.31966532e-03 -5.69338351e-02 -1.24883996e-02 -8.51301476e-02
 -4.41130213e-02 -7.75080249e-02  3.51608582e-02 -1.87790440e-03
  8.44087154e-02  5.79224341e-02 -4.18733864e-04 -8.96680504e-02
  3.57708335e-02  2.11068261e-02 -2.27434244e-02 -5.64450273e-33
  8.19418579e-02  3.92538086e-02  2.62754899e-03  7.78442156e-03
 -4.66407500e-02 -9.78717357e-02 -1.89469960e-02  9.04857963e-02
 -1.36527028e-02 -1.47574887e-01  4.10392210e-02  3.48108821e-02
  8.85730386e-02 -6.71173483e-02 -4.50022630e-02 -3.77720520e-02
  8.61778855e-03 -1.65829230e-02 -4.28153351e-02 -2.60716043e-02
  1.63902633e-03 -8.72197971e-02 -4.21765819e-02 -7.19856843e-03
 -8.96105617e-02  5.75488666e-03  3.23772337e-03 -1.61970058e-03
  4.93556149e-02  2.38023531e-02 -7.84376115e-02  8.94988477e-02
 -1.39903072e-02  3.26233741e-04 -1.43189840e-02  6.59110248e-02
  4.92953062e-02  3.20938304e-02 -3.07655558e-02 -3.11323758e-02
  4.15087566e-02  1.08964341e-02 -1.92805585e-02 -9.36726481e-02
  7.31116459e-02 -2.17054822e-02 -2.87114643e-02  9.76590589e-02
  8.07936117e-02  7.32407495e-02  6.74120039e-02  5.39720664e-03
 -6.17235042e-02 -1.40971756e-02 -1.05268881e-03 -8.20495933e-03
 -9.35349055e-03 -4.30666134e-02 -6.26589507e-02 -6.30212501e-02
 -1.24840345e-02 -1.76269598e-02 -4.08597738e-02 -2.41462868e-02
  5.51935881e-02 -3.22222300e-02 -2.76011787e-02 -4.91903089e-02
  9.06391442e-03  6.39121681e-02 -3.59959528e-02 -1.16862757e-02
 -6.19391650e-02 -3.83936204e-02 -1.50563307e-02 -5.39350463e-03
 -1.63199939e-02 -6.32354692e-02  2.44934428e-02  8.74744952e-02
 -4.99807335e-02 -2.37963721e-02  5.16748391e-02  2.00152374e-03
 -1.09756617e-02  4.91990596e-02 -1.52880710e-03 -2.99265627e-02
 -6.00903062e-04 -2.25335881e-02 -8.78099278e-02 -4.19688299e-02
 -3.16147059e-02  5.41894250e-02  4.62655444e-03 -5.97050303e-08
  5.26636913e-02  3.26982476e-02  4.36915271e-02  4.61165868e-02
  7.58055449e-02 -3.99217010e-02  5.61073516e-03  1.10782040e-02
 -3.33576277e-02 -9.34531987e-02  1.10921964e-01  8.07686821e-02
  1.33281037e-01 -3.02059799e-02  7.24903047e-02 -2.29559075e-02
  2.37108301e-02 -6.53540865e-02  2.01825388e-02 -4.13871780e-02
  3.44293602e-02  2.52060667e-02 -5.41224377e-03  8.79339315e-03
  5.08691743e-02  2.72825472e-02  1.08462572e-01  1.13171794e-01
 -2.74118334e-02 -3.12555768e-02  8.14624317e-03 -6.01365380e-02
  2.49018129e-02 -7.47657418e-02  2.02388056e-02 -1.99225843e-02
 -4.05356362e-02  8.81829485e-02  7.42709357e-03 -1.84841286e-02
  4.54252250e-02  4.43193242e-02 -4.13427725e-02  4.35725860e-02
 -2.61761528e-02 -2.70906463e-02 -4.31618504e-02  3.25634815e-02
 -4.33266945e-02  2.10573357e-02  4.87124994e-02  4.16201204e-02
 -3.07095144e-02 -2.56338380e-02 -1.45780314e-02 -1.91979576e-02
 -7.70544112e-02  1.46355564e-02 -1.22804819e-02  4.58619893e-02
  5.04573844e-02 -5.78170680e-02 -5.91076538e-02 -4.26322035e-02]",True,False
Fact &amp; Fiction: The Impact of Climate Change,David Pakman,progressive,"we know that as well. and, Michael, how drastic do human activities on earth have to change to really make a dent in the impact that we're having? you know, sometimes I'll read about a new Initiative, for example, uh, we could move 30 % of New York State's electricity consumption to renewable and and green alternative energies. uh, on a per capita basis- and I'm thinking per capita- our population continues to increase. we're talking only about 30%. it seems like 10 years from now, any benefit that we get from doing that is already going to be undone by our population growth. is my sort of a, a pessimism, or feeling overwhelmed by the, the magnitude of what we have on our hands here, Justified, or can we really make a dent in this? yeah, I think it's a little overly pessimistic. um, population in the US isn't climbing, uh, uh, it's population uh, in developing nations. um, that uh continues to climb. but when demographers look at sort of the large scale Trends, uh, right now, uh, with global population, they estimate that will probably plateau uh by the middle of this Century at about 9 billion people. so, yes, will be more people. right now there are about 7even billion people, but that's not going to continue on an uh exponential trajectory, like it has in the past, it appears to be plateauing out uh now can we provide uh energy for those people without the",0.891,"[-5.70937665e-03 -4.27677250e-03  9.40251350e-02  3.42726521e-02
  7.33725727e-02  6.75393443e-04 -9.90843251e-02  2.57868990e-02
 -4.39617783e-02  3.76687832e-02 -9.14105028e-03  1.72492536e-03
 -2.62484755e-02  1.41048022e-02  4.22429778e-02  1.83862746e-02
 -3.42544690e-02 -1.13094822e-02 -3.76829952e-02  8.55140761e-02
 -2.91805677e-02  2.24258080e-02  2.02416647e-02  5.31632602e-02
 -1.99921429e-02  1.56367775e-02 -1.44039849e-02 -2.62536923e-03
 -4.98652682e-02  1.75785776e-02  2.55638082e-02  7.47071281e-02
  8.12642872e-02 -3.25527810e-03  1.23396767e-02  8.87633339e-02
  4.82141562e-02  1.86086111e-02  2.20652260e-02 -1.60838086e-02
  1.90713815e-02 -1.04199350e-01 -5.75790554e-02 -1.26593292e-03
 -1.53494971e-02  7.11293845e-03  2.10770965e-03 -4.37228307e-02
 -7.38621503e-02 -1.97890233e-02  3.46956477e-02  1.96234267e-02
  2.17696615e-02 -2.73919832e-02  2.00063195e-02 -3.85113768e-02
  8.64711776e-02 -7.68626295e-03  4.86844331e-02  4.72817943e-03
  3.99207138e-02 -3.88199091e-02  1.57832839e-02 -1.56890729e-03
  4.80913855e-02 -1.62297972e-02  3.67630385e-02  5.76913590e-03
 -3.80735509e-02  5.58228679e-02  4.83773882e-03 -1.32947392e-03
  9.75198019e-03 -4.65567708e-02 -1.16372842e-03 -7.91064426e-02
  1.93305723e-02  5.75571619e-02  9.73189324e-02 -9.25961416e-03
  1.18692808e-01  1.32027082e-03 -1.40513917e-02 -5.55141829e-02
 -5.93241639e-02  2.82423683e-02 -1.44242132e-02 -6.88382797e-03
  4.74851653e-02 -3.69877294e-02 -8.76658484e-02 -1.48478905e-02
  3.83549854e-02  1.01890214e-01 -8.71678116e-04  1.17149025e-01
 -1.46477580e-01 -6.38027191e-02  2.46090442e-02  2.09235419e-02
 -8.85828398e-03  8.69529843e-02  3.03277317e-02 -8.87540877e-02
  4.93240962e-03 -6.56078756e-02 -8.08549598e-02  1.20146582e-02
 -1.32583324e-02 -3.18771368e-03  1.63099859e-02 -9.34575219e-03
 -5.39300591e-02  6.69005513e-02 -1.08518486e-03 -1.06994040e-01
  1.11792319e-01 -1.55420732e-02 -1.76137928e-02  3.48913223e-02
  6.55589476e-02 -2.29301751e-02 -6.88672513e-02  8.73295814e-02
  2.38994602e-02  4.71014939e-02 -1.91495437e-02  2.09294267e-34
 -2.11419202e-02  2.83821542e-02  7.85816982e-02  5.18249795e-02
 -6.29720762e-02 -2.89659686e-02 -4.16377671e-02  1.79481991e-02
  3.27352458e-03 -2.62219775e-02  4.32338901e-02  7.04550222e-02
  7.12844357e-02  1.28620476e-01  4.68685739e-02 -1.17219821e-01
 -3.78520302e-02 -1.09129120e-02  6.08833283e-02 -6.52112300e-03
  1.92225608e-03 -6.78865537e-02  1.53440982e-03  1.14473875e-03
  9.14893951e-03 -4.91028763e-02  2.88635828e-02 -1.63364690e-02
 -7.66468933e-03 -5.52912392e-02  1.75228287e-02  2.53779683e-02
 -7.75582567e-02 -4.61220704e-02 -3.66118066e-02 -1.36560006e-02
  3.62174382e-04  2.33905315e-02 -1.51670780e-02  1.44770844e-02
 -7.14174733e-02  7.17097744e-02 -2.79172249e-02 -1.18937464e-02
  8.25945511e-02  4.78060655e-02  1.17663957e-01  1.70662738e-02
 -1.50294423e-01  3.87653382e-03 -1.60453673e-02  5.17567992e-02
 -7.90812727e-03 -4.01414335e-02 -4.01833057e-02 -6.69566914e-02
 -2.49232724e-03 -3.66981290e-02  6.08741865e-03 -4.31422405e-02
 -9.20845754e-03 -4.57612611e-02 -2.79594772e-03  2.44104359e-02
  6.75306395e-02  2.78344825e-02  2.34629326e-02  3.54046002e-02
 -9.64501202e-02  3.98687534e-02  1.38522452e-02 -5.41403368e-02
 -8.90788436e-02  1.67676285e-02  2.39461195e-02  7.36834668e-03
  6.13352843e-02  1.43112363e-02 -3.62091437e-02 -8.40060704e-04
 -2.68833581e-02  2.29652622e-03  2.27390341e-02 -6.81165084e-02
  1.11932956e-01 -6.90110922e-02  3.87299135e-02  1.24965291e-02
  7.20696822e-02 -2.19183676e-02  2.29934752e-02 -6.68170974e-02
 -3.64664302e-04  7.59802610e-02 -7.76044950e-02 -2.32525144e-33
 -3.70711610e-02  2.47339159e-02 -1.57596432e-02 -8.14032159e-04
 -2.99466234e-02 -6.21530898e-02  3.12759802e-02  6.90832315e-03
 -6.47180304e-02 -1.13723941e-01 -1.92255042e-02  6.31571114e-02
  7.12216347e-02  1.08671207e-02 -6.92147389e-02 -5.27052954e-02
 -3.22029367e-02  3.91671993e-02 -4.26705480e-02 -2.42535416e-02
 -1.47562865e-02 -3.01950108e-02 -4.83973250e-02  3.25184837e-02
 -2.16761399e-02  4.63774167e-02 -2.13100556e-02 -1.95107870e-02
  2.37878282e-02 -4.99024428e-02 -6.49585724e-02  2.69162543e-02
 -4.72790152e-02 -2.77519785e-02  4.32495540e-03  9.22930241e-02
  2.88806707e-02 -2.50620134e-02 -3.79156950e-03 -2.60334723e-02
 -1.52381519e-02  3.94187570e-02 -5.02283648e-02 -3.22263800e-02
 -1.29807545e-02 -1.77859534e-02  1.89920701e-02  7.73485005e-02
 -7.48902932e-02  3.21763195e-02  1.23407856e-01  8.07611495e-02
 -7.62215629e-02 -4.04313654e-02  7.80599099e-03 -2.45247909e-04
  4.26970385e-02 -7.38062337e-02 -4.17497046e-02 -2.83702537e-02
 -8.55947286e-02  5.51124923e-02 -4.44668569e-02 -3.06507386e-02
 -2.38297079e-02 -5.22235446e-02  6.65355101e-02 -7.18948618e-02
  3.10576544e-03 -5.87372854e-03  7.36983865e-03 -1.83729343e-02
 -6.88053593e-02 -9.08812881e-02  3.40045430e-02 -2.55231257e-03
  7.36605301e-02 -1.89496335e-02  1.26605015e-02  2.42955997e-04
  2.64411476e-02 -5.44562228e-02  6.77444935e-02 -1.26449957e-01
 -3.88318188e-02 -5.40255057e-03 -3.16447951e-02 -3.24680470e-02
 -2.98466478e-02  6.62774965e-02 -1.52931467e-01 -6.63204715e-02
 -1.44134507e-01 -3.20620276e-02  7.89644849e-03 -5.62374858e-08
  5.01405336e-02  9.57916528e-02 -4.69084317e-03 -1.37698255e-03
  9.22470987e-02 -1.04464646e-02 -5.61995897e-03  4.39105406e-02
  1.95079576e-02 -1.10791912e-02  5.48437089e-02  6.88462928e-02
  1.68005362e-01  5.73046170e-02 -2.64711138e-02  6.11227155e-02
  2.85765119e-02  1.74721200e-02 -3.11051812e-02  4.69142236e-02
  1.41934138e-02  7.09867477e-02 -2.49355976e-02 -4.52382350e-03
  3.67867984e-02 -4.76653203e-02 -3.05543654e-02  5.88165969e-02
 -7.35049173e-02 -4.78904136e-02  3.29250805e-02 -6.50112107e-02
  1.00164553e-02  4.99230847e-02  5.21347038e-02 -6.55161068e-02
 -6.91219196e-02  2.41720043e-02  4.06555124e-02  1.48255273e-03
  1.77408885e-02  1.57421473e-02  1.43037718e-02  7.66017064e-02
 -5.74475229e-02 -1.12281784e-01 -4.33682501e-02  7.21324086e-02
 -7.30630942e-04 -6.93724770e-03 -3.43884248e-03 -3.50843370e-02
 -1.17024127e-02 -1.05587607e-02  3.06352526e-02  1.14666643e-02
 -4.14295793e-02  1.18285092e-02 -7.87008405e-02  4.30437811e-02
  3.06987464e-02 -1.06374681e-01 -8.52064639e-02  1.47752920e-02]",True,False
Fact &amp; Fiction: The Impact of Climate Change,David Pakman,progressive,"continued burning of fossil fuels. that's the real Challenge. and you know you mentioned, uh, you know the- the possibility of New York generating 30% of its electricity from Renewables. well, Germany's already doing it. Germany is doing that, the. if you look around the globe, if you tally the the total uh Global electricity use, we are now up to about 22% of our electricity generation globally coming from Renewables. so there has been a dramatic uh turning of the corner just over the past few years, um, in, you know, moving away from burning of fossil fuels, moving towards renewable energy to generate electricity. we've got a lot farther to go, but last year, for the first time ever, or the first time in many decades, we saw global economic growth without any growth in carbon emissions. right, we reported on that that extensively, and that that seems to be a really important indicator of where things could go with the right decisions made, is it not a absolutely it suggests that we're turning the corner. now we're not yet turning the corner fast enough to stabilize those greenhouse gas concentrations below dangerous levels, so it's going to take a lot more work, but, uh, there's reason for cautious optimism. we are already beginning to turn the corner. well, any conversation about climate change where my view is unnecessarily pessimistic for me is a win. you know, I mean, that's uh, that's good news. for sure I'll remind.",0.929,"[-1.95715744e-02  3.32510360e-02  8.40232894e-02  4.81268018e-02
  8.49484131e-02  3.98907475e-02 -8.50694552e-02  1.82336255e-03
 -1.33228982e-02 -2.27954821e-04 -6.77844360e-02 -6.28693448e-03
 -9.31527466e-02  3.66061963e-02  1.51467056e-03  5.80178723e-02
 -8.11944678e-02 -6.32086545e-02 -1.62882302e-02  1.86957680e-02
 -1.38761215e-02  1.77139025e-02  5.32446727e-02 -4.09755260e-02
 -7.23373285e-03  4.13177982e-02 -4.35155034e-02 -1.36310132e-02
 -5.03999442e-02  1.25341509e-02  4.29206565e-02  7.72948489e-02
 -8.74261633e-02  5.06704999e-03  9.57070440e-02  3.87273729e-02
  2.65519302e-02  1.68805644e-02  9.11531299e-02  4.04124036e-02
 -1.94968190e-02 -1.32383376e-01 -1.81904435e-02 -1.14725512e-02
 -8.64138752e-02  2.78171301e-02  5.41035086e-02  6.91926049e-04
 -6.69476539e-02 -3.68526615e-02  3.80779207e-02 -3.10311280e-02
 -2.37166584e-02 -6.48756549e-02  7.43754134e-02 -4.00568843e-02
  8.10307413e-02 -8.81342334e-04  4.39663492e-02 -3.87673825e-02
  2.26577055e-02 -1.42413795e-01 -3.52400653e-02 -1.46394642e-02
 -2.59649251e-02 -3.74260098e-02  3.25377956e-02 -6.09643897e-03
 -7.25085661e-02  4.60068248e-02  3.77067663e-02 -3.58498096e-02
 -4.46418040e-02 -5.68446144e-02  1.53969545e-02 -1.00473203e-01
  4.24156748e-02  7.79454857e-02  1.34052351e-01 -6.74650371e-02
  8.56034532e-02  9.03914496e-03 -5.99337323e-03 -1.69107169e-02
 -1.13233682e-02  4.98628765e-02 -1.05471378e-02 -2.17266232e-02
  8.50983858e-02 -1.76577605e-02 -8.05973932e-02 -3.93246487e-02
  4.69775759e-02  8.65291581e-02  5.43047972e-02  8.36891457e-02
  9.01554897e-02 -3.75996064e-03 -5.90486825e-03 -2.06479505e-02
  4.88600619e-02  4.01151218e-02  1.30487625e-02 -1.04412027e-01
 -1.85370333e-02 -4.27772552e-02  7.58062815e-03  5.64101785e-02
  3.50866420e-03 -5.06483875e-02  4.40776441e-03  3.28488648e-02
 -1.00697726e-02  5.57564723e-04  4.58370429e-03 -3.94657850e-02
  8.87058526e-02 -6.01623170e-02 -1.35746668e-03  2.83673704e-02
  2.10590241e-03  6.65552691e-02 -4.64659445e-02  8.70416686e-02
 -4.01011519e-02  4.62109260e-02  1.12253884e-02  1.49875034e-33
 -3.29438038e-02  3.64522859e-02  4.92245704e-02  1.93199608e-02
 -5.15752062e-02  4.73139696e-02 -5.37696220e-02  1.21699618e-02
 -7.72293061e-02 -1.21724289e-02 -2.19933093e-02 -1.07099665e-02
  2.81298757e-02  7.03321323e-02  4.30373996e-02 -1.41990185e-01
 -1.10404463e-02 -3.27825546e-02  1.49383734e-03 -5.95715269e-02
  4.21932116e-02 -1.98705066e-02  7.64633119e-02  1.82068180e-02
  3.65837244e-03 -1.19357137e-02  1.04882762e-01 -1.75981261e-02
 -1.86270345e-02 -6.82287803e-03  2.60629170e-02  5.81432171e-02
 -8.85973051e-02 -4.33183387e-02 -4.96866293e-02 -3.56415808e-02
  2.59717740e-02  3.54574397e-02 -4.74236794e-02  6.64307224e-03
 -4.09107283e-02  9.51369554e-02 -1.10171594e-01 -3.42370793e-02
  7.97516033e-02  6.45864829e-02  8.07434097e-02 -6.48577837e-03
 -5.27940094e-02 -5.08234743e-03 -3.02951653e-02  7.21736699e-02
 -7.49700367e-02 -9.01868381e-03 -1.62513403e-03  6.37339354e-02
  3.76239680e-02 -5.21270372e-02  3.35669843e-03 -2.39910111e-02
 -2.95655262e-02  5.52143902e-02 -6.07579686e-02 -1.27659086e-02
 -6.35751290e-03  6.76351339e-02  2.32723504e-02  1.16102174e-02
 -6.52022064e-02  3.07344683e-02 -8.81505385e-03 -5.71918786e-02
 -5.65909827e-03 -1.43172070e-02  7.17136404e-03  2.59310510e-02
  1.09945890e-02  7.68808648e-02 -4.70799133e-02 -1.09745096e-02
 -6.03937469e-02  1.16123701e-03  1.57579780e-02 -1.44047812e-01
  3.16412523e-02 -1.06477447e-01 -1.57835875e-02 -1.83522771e-03
 -1.45506207e-02  2.08870694e-02 -7.40273967e-02 -1.29653905e-02
  2.97633037e-02  5.39230481e-02 -7.53343180e-02 -3.13726291e-33
  3.02432440e-02  3.11014359e-03  3.19284461e-02 -3.59255821e-02
 -3.99288014e-02 -5.74316159e-02 -1.95386820e-02 -7.65190125e-02
 -6.40536547e-02 -5.03059737e-02 -7.65535533e-02  2.81849727e-02
  3.23155783e-02  7.22724050e-02 -4.34271917e-02 -4.19097133e-02
 -1.73168315e-03  7.07701501e-03 -1.01753157e-02  2.02533719e-03
  4.52027954e-02  1.26630277e-03 -9.54274312e-02  3.63682322e-02
 -1.16695464e-01  9.25194472e-02 -1.29638088e-03  1.62742287e-02
  6.31334335e-02 -1.41640594e-02 -5.72803691e-02  5.44069819e-02
 -5.58215119e-02 -6.48723468e-02  3.55932652e-03  5.45572899e-02
 -2.84983702e-02 -2.17207912e-02 -2.50751395e-02  2.03753021e-02
  4.15342003e-02 -5.23483083e-02 -9.40025076e-02  4.22270270e-03
  1.85663998e-02 -2.89383102e-02 -4.50343043e-02  1.04798622e-01
 -7.44300634e-02  2.73863096e-02  9.09877717e-02  3.80298831e-02
 -7.37945437e-02 -1.01417433e-02 -3.04308236e-02 -2.51731258e-02
  1.87125579e-02  6.75652130e-03 -1.39429122e-02 -3.19542550e-02
 -2.80968063e-02  4.64321002e-02  3.83662842e-02 -1.35596069e-02
  4.10902277e-02 -2.11741962e-02  7.56573747e-04 -5.23039065e-02
  1.02910563e-01  1.72947589e-02 -2.98220199e-02  1.06334746e-01
 -9.46471691e-02 -4.92276140e-02  2.33230200e-02  4.02635410e-02
 -1.89769492e-02 -4.46738191e-02 -2.26501748e-02  1.32710645e-02
  2.75378954e-02  3.69320251e-02  4.89155129e-02 -6.70032427e-02
  3.65275145e-02 -1.45672699e-02  1.86015554e-02 -8.52285400e-02
  1.35817826e-02  5.19748852e-02 -1.18370913e-01 -4.04456891e-02
 -6.06714599e-02  7.16314614e-02  2.50734314e-02 -5.16891809e-08
 -2.51915492e-02  4.29990888e-02  4.36682291e-02  1.20902658e-02
  1.55620892e-02 -5.84699363e-02  1.89089738e-02  2.21028905e-02
  1.62551682e-02 -2.82381494e-02  5.94821274e-02  7.37897977e-02
  1.13899015e-01  6.92530498e-02 -7.39075011e-03  2.85763969e-03
 -5.26859686e-02 -1.80857014e-02  1.68057494e-02  3.95279750e-02
  5.31792194e-02  3.30526270e-02 -5.05954772e-03  1.67055223e-02
  5.56136519e-02 -4.90668369e-03  3.81071568e-02  4.57547307e-02
 -3.10506355e-02 -1.60855912e-02 -8.43181100e-04 -2.58051530e-02
  5.14862016e-02  2.67870203e-02 -1.79542266e-02 -3.41273025e-02
 -4.33171280e-02 -2.11515930e-02  9.27183311e-03 -1.95718184e-02
  1.14175938e-02  6.78190887e-02 -1.15633514e-02  5.18521890e-02
 -1.08187094e-01 -1.03543334e-01 -4.60821353e-02  2.77534276e-02
  5.11241108e-02  1.43180918e-02 -5.24192378e-02 -8.85535106e-02
 -1.14888642e-02  6.52826056e-02  1.41132073e-02  5.14744110e-02
 -1.01103716e-01  4.92575429e-02 -8.88302028e-02  4.52868417e-02
  6.61071762e-02 -1.03690684e-01 -4.83772345e-02  3.19063626e-02]",False,False
Fact &amp; Fiction: The Impact of Climate Change,David Pakman,progressive,"our audience. we've been speaking with Michael man, distinguished professor and director of the earth system science center at Penn State University. check out his book: dire predictions: understanding climate change. thanks so much for joining me today. oh, thank you, it was a pleasure talking with you.",0.988,"[-7.22035915e-02 -1.60051659e-02  9.41892937e-02  5.66198789e-02
  8.41102526e-02 -3.04281116e-02 -7.41542317e-03  5.93528012e-03
  4.06015925e-02  2.22457778e-02 -6.96514472e-02 -5.94444536e-02
 -1.69681255e-02 -4.14101928e-02 -3.23815867e-02 -4.75905165e-02
 -1.08874895e-01 -6.24719039e-02 -5.29482076e-03 -7.54690096e-02
 -3.11135929e-02  8.41709301e-02 -2.34071761e-02  1.75615270e-02
 -3.60675752e-02 -1.25567270e-02 -2.70866435e-02  8.72674137e-02
 -8.18359777e-02 -1.27170766e-02 -3.52631435e-02  2.91599501e-02
  6.64462000e-02 -2.37211566e-02 -1.16396695e-02  6.24853410e-02
  2.85209604e-02 -1.66703258e-02 -2.69767754e-02  5.64168803e-02
  6.54795556e-04 -2.98185889e-02  8.17723274e-02  4.68840934e-02
  6.07843930e-03  5.01272045e-02  2.95266472e-02 -5.42861857e-02
 -1.87416710e-02  2.44850740e-02 -1.17254956e-02 -2.26404145e-02
 -3.20202671e-02 -5.05368449e-02 -2.44278312e-02 -1.14509864e-02
  5.89481965e-02 -3.53512843e-03 -3.31142098e-02 -1.32457361e-01
  2.73060855e-02 -8.40076879e-02 -7.13842884e-02  5.93332164e-02
  9.95803699e-02  2.92936508e-02 -8.58217105e-03  9.50763524e-02
 -2.66441628e-02 -1.80885717e-02 -2.31610741e-02  6.80366978e-02
 -1.62549445e-03 -6.70079738e-02  8.82079378e-02 -1.10458471e-02
  7.94293452e-03  5.32111749e-02  1.46992773e-01 -2.77600028e-02
  1.45418331e-01 -1.37698762e-02 -9.56381205e-03 -6.24695942e-02
 -8.18487853e-02 -6.69090601e-04 -3.79947340e-03  1.10032401e-04
 -3.39376926e-02 -4.01616506e-02 -4.49660271e-02 -3.84062231e-02
  6.55126497e-02  5.07893041e-02 -9.26578343e-02  1.55280471e-01
 -1.93732698e-02 -6.06885441e-02 -2.54367329e-02  5.21250218e-02
 -2.72761914e-03  5.65736517e-02 -5.69591410e-02 -5.31301312e-02
  2.03197002e-02 -5.15403524e-02 -4.06807736e-02  1.36011550e-02
 -7.43380515e-03 -2.70779617e-03 -5.88220954e-02  1.16514592e-02
 -6.11459762e-02 -6.48808852e-03  8.20102394e-02 -7.70362765e-02
  5.30740730e-02  1.98655967e-02 -1.91299710e-02 -4.10551280e-02
 -4.27096337e-02  7.11690858e-02 -6.68917745e-02  8.41103196e-02
  4.07040492e-02 -4.00799187e-03 -2.92408876e-02 -1.14147683e-33
  5.69925904e-02  8.68967175e-03  9.11629423e-02  7.74075091e-02
 -9.45494510e-03  1.97356120e-02 -5.91568425e-02 -1.89256221e-02
 -1.15615577e-02 -9.53635350e-02 -7.02141458e-03  5.02714887e-02
  2.64416058e-02  8.88601318e-02 -6.01073429e-02 -4.98591503e-03
 -3.77470702e-02  2.56385747e-02 -1.78820603e-02 -1.12281423e-02
 -7.82742128e-02  1.02307409e-01 -2.76751760e-02 -3.25095914e-02
  4.89611663e-02 -3.13732438e-02  3.47434729e-02 -1.18497573e-02
  1.80403255e-02 -3.93062495e-02  2.06621494e-02  8.34674314e-02
 -7.10816011e-02 -1.24514485e-02  8.06545839e-02 -5.92803285e-02
 -8.22303910e-03  4.27968428e-03  1.35144417e-03  5.22223040e-02
 -1.33894093e-03  7.82606099e-03 -3.07072047e-03 -6.42324761e-02
  4.43301126e-02  3.34617944e-05  8.69608819e-02  2.05300525e-02
 -1.82837043e-02 -1.67569630e-02 -1.15505420e-01  2.09600478e-02
 -3.81075889e-02 -8.98064487e-03  7.40265325e-02 -5.74350283e-02
  3.10569331e-02 -2.92328019e-02 -2.04010997e-02 -9.26542804e-02
 -4.27044705e-02  7.92443454e-02  5.12194447e-02 -3.25907022e-02
  2.37404201e-02  4.96590286e-02 -5.88232055e-02  3.78617784e-03
 -2.24729348e-02  7.70166516e-03 -2.83216480e-02  1.17063168e-02
 -1.35451276e-02  3.60360444e-02 -4.04655002e-02  3.81318182e-02
 -2.37465762e-02  4.98732924e-02 -3.57882157e-02  4.56382148e-02
 -3.94628309e-02 -6.38359338e-02  1.14542879e-02 -8.70170519e-02
 -8.38608593e-02 -2.95856576e-02  2.41515450e-02 -6.52661780e-03
  2.96440274e-02  9.11466777e-03 -2.55192374e-03 -7.79080391e-02
  7.74873793e-02  9.99153703e-02 -5.90671822e-02 -2.77567993e-33
 -2.93089859e-02  5.87945022e-02 -2.90496163e-02  3.21265571e-02
  1.66088752e-02 -3.30455601e-02 -9.20912176e-02  4.48530354e-02
 -4.28124107e-02 -7.02674501e-04  9.45958134e-04  6.02290370e-02
  6.28924370e-02 -1.34455105e-02 -2.08306331e-02 -6.31232932e-02
  4.02382053e-02 -4.45825532e-02 -6.65376782e-02 -7.97481164e-02
 -2.54367329e-02 -1.79285482e-02 -3.81504111e-02 -2.64862776e-02
 -3.57994996e-02 -4.65577208e-02  6.69511780e-02  9.19896923e-03
 -2.31285840e-02 -1.97130442e-02 -1.46514386e-01  2.03812402e-02
 -1.01716742e-01  1.49339754e-02 -6.74815252e-02  1.13793775e-01
  6.01153411e-02 -5.79494312e-02 -2.95126773e-02 -1.40890609e-02
  5.59951412e-03 -4.27280040e-03  4.83354777e-02 -4.55423743e-02
  5.56875672e-03  9.29577090e-03  3.07539999e-02  3.15893330e-02
 -6.70061707e-02  3.67542915e-02 -2.65954696e-02  9.11583845e-03
 -3.90897244e-02 -9.03008059e-02  4.06149551e-02  8.66497383e-02
  6.73674420e-02 -1.86758656e-02  5.72838336e-02  4.59425487e-02
 -7.98138902e-02  2.17354149e-02 -1.18757887e-02  4.23632301e-02
 -3.33275162e-02 -4.71437275e-02 -7.72252455e-02  3.61567885e-02
  4.62127514e-02  3.73389609e-02  5.89201748e-02 -2.32363064e-02
 -2.25065760e-02 -7.34131783e-02  1.48057500e-02  6.19761925e-03
  2.62487493e-02 -3.51071693e-02 -2.81544179e-02  4.49857228e-02
  1.36510469e-03 -4.15702537e-03  1.73738990e-02  2.21174099e-02
  4.82338704e-02  1.69061106e-02  2.60893386e-02 -5.04260287e-02
  1.07479803e-02  1.01371601e-01 -7.50628719e-03 -3.26360390e-02
 -8.39302782e-03 -3.21364254e-02 -5.32117262e-02 -4.13941734e-08
  2.53113266e-02  4.45663929e-02  5.67956120e-02  3.61470096e-02
  7.65666412e-03  2.56060027e-02  2.22216472e-02  1.93818156e-02
 -1.33160688e-02  7.88150728e-02  4.81103659e-02  5.21711446e-02
  2.79669371e-02  3.39122601e-02  6.81551546e-02 -1.99200530e-02
  1.89787056e-02  2.12724991e-02 -4.25495990e-02 -3.60097922e-02
  8.78556892e-02  3.26182470e-02 -8.51146132e-03 -3.68935540e-02
  1.36832803e-01  6.58959150e-02  2.62594316e-02  1.01836920e-01
 -7.00011402e-02 -4.60745441e-03 -4.94609997e-02  6.17321543e-02
 -8.81129429e-02 -6.37496263e-02  1.63804907e-02 -4.16995324e-02
  8.36196356e-03  4.96005043e-02  7.51700550e-02 -2.61713136e-02
 -5.29451668e-02  7.23001957e-02 -2.27360390e-02  6.38182759e-02
  5.82692155e-04  1.94621794e-02  2.02261843e-02  5.13317697e-02
 -1.61312390e-02  1.59809198e-02 -3.58222760e-02 -8.41475204e-02
  1.40324887e-02  2.39160825e-02  5.94522022e-02 -2.97522377e-02
 -2.79097743e-02  6.16203295e-03 -4.54361960e-02 -1.98470093e-02
  8.86047166e-03 -2.27329880e-02 -1.84879974e-01  3.47558111e-02]",False,False
Candace Owens Climate Monologue,Candace Owens,conservative,"of our government using this as a tactic. it's actually started a long time ago, especially in terms of the climate change lobby. i mean, is there anything that's more aggressive in terms of telling people that they are going to die than when it comes to climate change? i know a lot of parents at home that watch my show, have children that are growing up right now in the world who actually believe that in 10 years, they're not going to have a plan to live on. that that is real. there are children that are suffering psychological trauma in school, learning that they're not going to have a planet to live in in a few years. that's a scary thing to go through, and if you are one of those adults, i want to make sure you share this clip with your son or your daughter, because it's important that they know a few things. the first thing they should know is that they are not the first generation that was told that they are going to die, especially when it pertains to the climate. in fact, i remember when i was growing up. it was similar: the plan is going to be gone in 10 years if you don't do this, and guess what? i actually believed it when i was in school. so here's a list of just some of the things that maybe your, your parents or your grandparents may have gone through in",0.967,"[ 1.36020789e-02  7.12712556e-02  4.14272062e-02 -2.16336455e-02
  1.41846836e-01  4.20695730e-02 -2.96474900e-02  2.26418208e-02
 -2.54982766e-02  4.44565341e-02  2.15659793e-02 -1.20088710e-02
  1.77558810e-02  4.44266014e-02 -1.46517213e-02  5.42449057e-02
 -2.26548631e-02  4.67770733e-03 -8.11060965e-02  3.06522530e-02
  3.85845918e-03  3.65500338e-02  6.61484897e-02  7.82071874e-02
  4.63975072e-02  3.97991389e-02  3.17667704e-03  1.70876104e-02
 -1.10763319e-01  1.40944093e-01  8.42145905e-02 -2.84185074e-02
 -2.66643986e-02  1.25424834e-02 -6.16349885e-03  4.50509861e-02
  5.00652082e-02 -5.45631303e-03 -8.46906975e-02 -2.92815175e-03
  4.65246066e-02  2.43126266e-02  3.06793954e-02 -7.83506781e-02
 -4.52238545e-02  2.19169967e-02 -6.09381236e-02 -7.56942108e-02
  1.20717026e-02 -4.13926318e-02 -3.45136970e-02 -5.00699803e-02
  6.39137672e-03 -6.15984574e-02 -1.69013832e-02 -7.66356811e-02
  2.96771899e-02 -2.03780681e-02  2.17634942e-02 -5.85380159e-02
 -8.75398330e-03 -6.98766410e-02 -4.64221127e-02 -5.47453528e-03
 -7.83614628e-03  5.47189116e-02  7.17045292e-02 -6.60311850e-03
  3.41802686e-02  2.17089262e-02 -6.91969842e-02  4.41976786e-02
 -6.77415356e-03 -6.05524797e-03 -9.55510959e-02  4.72104102e-02
  3.49372104e-02  2.18888931e-02  4.94166240e-02 -6.04077913e-02
  1.01243712e-01 -2.47719884e-02  4.75914851e-02 -5.05325198e-02
 -3.38392295e-02 -2.88385581e-02  4.88221124e-02 -5.34873605e-02
  4.82152402e-02  8.01345259e-02 -9.61802602e-02 -8.15487001e-03
  1.54710934e-01  5.22407703e-02 -8.83737113e-03  4.94615436e-02
 -7.70454407e-02 -8.41956884e-02 -6.10528477e-02 -4.23909053e-02
 -2.26091482e-02 -3.28243934e-02  1.96709745e-02 -5.23131862e-02
 -3.23697459e-03 -5.99188767e-02 -6.19361810e-02 -7.09341615e-02
 -1.45937148e-02  4.88114655e-02 -5.09182960e-02 -3.85409291e-03
 -8.06574151e-03 -4.63220058e-03  2.24049203e-02 -3.86398332e-03
  2.30561048e-02 -7.00271642e-03 -1.32787647e-02 -3.01884450e-02
  6.53002560e-02 -2.96442900e-02 -5.59217259e-02  9.22786370e-02
  6.32321760e-02 -4.12658267e-02 -1.68094679e-03 -8.71029088e-35
  7.61007294e-02  8.60071275e-03  1.54640386e-02  7.59677812e-02
  5.05458005e-02  4.72094864e-02 -4.17644344e-02 -1.90015826e-02
  2.80927271e-02 -4.62591648e-02  1.68342683e-02 -8.75994116e-02
  5.58610372e-02  3.23464051e-02 -3.51621360e-02 -5.10009332e-03
 -1.27958089e-01  4.16792482e-02  1.63654611e-02  2.96232617e-03
 -4.24137264e-02  4.38145362e-03  8.76395777e-03  1.98150035e-02
  6.93145916e-02 -3.82821225e-02  1.14940442e-02  9.38658714e-02
 -5.45855705e-03 -1.67186372e-02 -5.24594039e-02 -9.85856727e-03
  7.40362285e-03 -7.79052526e-02 -1.35191260e-02 -5.29087372e-02
  5.38084172e-02  7.31403157e-02 -2.18263157e-02 -1.42282397e-02
 -4.14838977e-02 -5.60838208e-02 -6.16704896e-02  5.40154465e-02
  5.97356148e-02 -6.78826869e-02  1.06557727e-01 -3.72644980e-03
 -9.08511952e-02  7.21198856e-04 -2.38285083e-02  5.51057234e-02
 -1.81955528e-02 -6.23931885e-02  1.58023685e-02  3.88214849e-02
  3.66528966e-02 -4.16814685e-02 -1.87927559e-02 -9.80542451e-02
  5.55651374e-02 -5.86670488e-02 -2.14018784e-02  5.42275654e-03
 -3.47666740e-02  2.37462949e-02  3.81669179e-02  2.69635171e-02
  2.22263671e-02 -7.80077130e-02  3.89705673e-02 -4.28342223e-02
 -8.98002535e-02 -6.87629953e-02 -2.58384738e-02 -2.12174095e-03
  4.74693440e-02 -4.52111615e-03  7.35550886e-03 -8.99256300e-03
  1.01146154e-01  1.07626608e-02  5.91101982e-02  9.38550476e-03
  2.35331543e-02 -1.01780534e-01 -2.84199771e-02  5.86098656e-02
 -1.56782754e-02  3.52756903e-02 -2.14865953e-02 -9.44185406e-02
  8.56843814e-02  6.94337860e-02 -6.10083371e-05 -2.92715542e-33
  6.89707045e-03  1.39433201e-02  4.90045883e-02 -7.31952414e-02
  2.30431966e-02 -7.36151934e-02 -9.11852866e-02 -4.70621660e-02
  4.50744443e-02 -7.50096440e-02 -2.40052002e-03  1.96930319e-02
  3.02497968e-02 -1.46722859e-02 -4.49385643e-02 -8.89953822e-02
 -8.05285294e-03  6.16008928e-03 -4.11019400e-02 -7.69762173e-02
  3.33957747e-02 -5.01355827e-02 -1.42976671e-01  4.68933135e-02
  1.15880661e-03 -6.57242443e-03  6.56623393e-02 -2.01142393e-03
  5.40946089e-02 -2.48344112e-02 -4.22125645e-02  3.46932039e-02
  5.24188019e-02  6.84140325e-02  4.64818208e-04  6.48587793e-02
  2.70482469e-02 -9.47913434e-03 -9.97983888e-02 -1.81539683e-04
  3.67756486e-02 -3.31957377e-02 -4.24803942e-02 -7.00155571e-02
 -3.41084823e-02  8.98665190e-03  6.88471720e-02  9.30896625e-02
 -2.60730088e-02  5.91619909e-02  2.64838990e-03  2.13654968e-03
 -2.60561351e-02  1.45897912e-02  1.12190433e-02 -6.06528670e-02
  1.57760959e-02 -1.31197516e-02  5.94134850e-04 -3.15898918e-02
  1.86137483e-02 -3.03197689e-02 -2.69220620e-02 -6.79136515e-02
 -5.93458526e-02 -3.30338292e-02 -7.71172047e-02 -4.85228235e-03
  5.12672290e-02  9.42592919e-02  9.18163136e-02  5.27908187e-03
 -8.32797289e-02 -1.12123400e-01  5.54643832e-02 -6.58317953e-02
 -2.12451932e-03  5.59578687e-02 -3.66382487e-02  4.70172465e-02
  4.64300252e-02 -3.74562927e-02  5.23548424e-02 -8.80169775e-03
  4.53142710e-02 -6.71845824e-02 -4.99444641e-02 -7.15838280e-04
 -4.30265628e-03  1.04650132e-01 -3.69678847e-02 -2.61303056e-02
 -6.45516515e-02  1.89134793e-03 -2.82812510e-02 -5.58927447e-08
  1.35910586e-01  4.38215174e-02  3.70374806e-02 -1.71495434e-02
  3.78709212e-02 -8.41901917e-03  4.54348549e-02 -2.14789133e-03
  7.54382089e-03  3.09134685e-02  5.15148193e-02  7.58158416e-02
  4.41299528e-02 -1.12369563e-02 -5.37727261e-03 -5.11126146e-02
  2.02770960e-02 -2.58435123e-02  6.01179339e-03  3.94453481e-02
 -4.69573326e-02  5.63594028e-02  3.58141772e-02 -1.65753569e-02
  2.98518836e-02 -3.31240185e-02  1.99841596e-02  1.02551244e-01
 -5.14763072e-02  6.07407577e-02 -5.24968803e-02 -5.68143614e-02
 -8.33769441e-02  1.04007432e-02 -5.85937649e-02 -1.02166206e-01
  3.56412381e-02  1.22784726e-01  4.45739850e-02  1.86041910e-02
  3.01186927e-02  6.92609847e-02  1.35925860e-04  3.78827788e-02
  2.82477913e-03 -1.93023067e-02 -5.32080680e-02  3.65440212e-02
 -3.34793143e-02  6.54145107e-02 -5.80919906e-02 -3.79416794e-02
 -6.73249066e-02  5.21030128e-02  5.22839986e-02  1.12153785e-02
 -2.97608599e-02  2.94458717e-02 -5.90609908e-02  9.82785672e-02
  1.62198804e-02  2.06614528e-02 -8.45988318e-02  3.64196189e-02]",False,True
Candace Owens Climate Monologue,Candace Owens,conservative,"1975, they said that there was going to be dire famine, dire famine. people were going to all die because there wasn't going to be enough food on the planet. there also was, of course, global cooling. you might be a person that lived that generation where they told you that there was going to be a new ice age by the 21st century. of course that didn't happen. i think the most traumatic among them has to be the people that lived through acid rain. they told them that the oceans were going to become acidic and then acid rain was going to pour from the sky. could you imagine being scared every time it rains as a child, can you imagine thinking today is going to be the day the acid rain is going to pour down because we haven't done enough to protect the planet? that actually happened, of course. the acid rain never came, but that didn't stop people. of course they said the ozone layer. there was the ozone layer hole. oh my god, the world's going to end. except it didn't end. so they shifted gears and they said: we're going to eventually run out of water. that was another one. and of course, in my generation it was global warming, global warming, global warming everywhere. they forced us to actually watch in health class al gore's inconvenient truth, and i remember being terrified because the sea levels were rising. they told us that.",0.896,"[-4.59240228e-02  5.42687811e-02  9.60861519e-02  9.52298120e-02
  1.45013094e-01 -1.23817921e-02  2.13585841e-03  2.42851172e-02
  4.72626649e-02  1.84707642e-02  3.28815132e-02 -1.78415161e-02
  7.07304105e-02 -1.20083373e-02 -9.32899192e-02  2.66986135e-02
 -1.52994126e-01 -6.57632723e-02 -9.50414613e-02 -1.87115204e-02
 -5.36674559e-02  8.86140913e-02 -2.83998903e-02  7.01958612e-02
 -9.68349352e-02  6.65381178e-02 -1.62190595e-03  2.73903906e-02
 -6.50180504e-02  5.60749434e-02 -1.36356987e-02 -1.66846160e-02
  1.39141567e-02 -3.22263911e-02 -3.88615802e-02  2.72832941e-02
  4.18783128e-02 -4.26575961e-03  1.18216397e-02 -3.09627168e-02
  9.45258699e-03 -3.46426144e-02 -1.86393671e-02 -1.97960958e-02
 -4.26007174e-02  1.76990423e-02 -2.68344320e-02 -1.07462987e-01
 -5.44880070e-02  1.93960741e-02 -1.36882234e-02  6.39878726e-03
  4.60984791e-03 -1.08682491e-01 -5.53139858e-02 -1.18235022e-01
  1.34969531e-02 -1.15400041e-02 -3.53873409e-02 -5.89432530e-02
 -3.42943147e-02 -1.13038220e-01 -3.11251152e-02  3.72139849e-02
  4.16141637e-02  1.03666801e-02  6.83934018e-02  4.38072570e-02
 -2.02546995e-02  3.30115817e-02 -9.45393890e-02  6.83964714e-02
  4.07507457e-02 -1.45658376e-02  1.02515901e-02  2.18919832e-02
  1.19861551e-02  1.35808103e-02 -4.51993905e-02 -8.48872773e-03
  1.41453788e-01 -2.38433294e-02  8.81158933e-03 -4.83808108e-02
 -6.52230680e-02 -1.19199026e-02  4.62980233e-02  1.23981722e-02
  1.24449143e-02 -2.37546046e-03 -8.32557157e-02 -8.47688094e-02
  7.12255761e-02  1.13459378e-01  9.26268995e-02  7.00792894e-02
 -4.95661795e-02 -7.25787431e-02  6.38050772e-03  2.39130463e-02
 -3.18041146e-02 -6.89917663e-03 -1.66971423e-02 -4.12597358e-02
  4.14334387e-02 -6.71183318e-02 -1.35907635e-01 -3.87746207e-02
 -4.52710129e-02 -1.95379797e-02 -8.08644071e-02 -6.24528117e-02
  2.05087811e-02 -4.44801291e-04  5.13108857e-02 -2.71525905e-02
 -1.25286421e-02 -2.64143515e-02 -4.98662069e-02  3.61213600e-03
  1.58757400e-02  1.27206920e-02 -7.18507096e-02  4.98196967e-02
  3.31127681e-02  1.11860847e-02  4.82332706e-02 -1.11684866e-33
  1.29582599e-01 -5.80543578e-02 -3.25755146e-03  3.78399678e-02
  4.47133780e-02  3.24642542e-03 -8.37078542e-02 -1.64194293e-02
  1.23722078e-02 -2.25994606e-02 -6.45180494e-02 -8.03818479e-02
 -3.17025669e-02 -3.46450247e-02  1.05282012e-02  8.76569655e-03
 -1.33277804e-01 -6.45945361e-03 -1.48499440e-02  2.46105734e-02
 -5.46864308e-02  1.05675412e-02 -3.92306708e-02  4.59219655e-03
  6.88413382e-02  6.17503859e-02  6.37527630e-02 -2.12028716e-02
  6.04893267e-02 -1.07619483e-02 -2.14568470e-02  1.36855850e-02
 -3.32802236e-02  1.21189468e-02  1.32961320e-02 -3.64508876e-03
 -2.87450142e-02  2.01545488e-02 -8.85121990e-03 -2.71142833e-02
  6.48322422e-03  5.46123870e-02 -4.57799509e-02  1.99456606e-02
  4.81789932e-02  1.14289755e-02  6.07848428e-02 -2.86322506e-03
 -7.35770613e-02  1.00855818e-02 -3.58071029e-02  6.10963851e-02
 -3.19425389e-02 -2.28528213e-02  3.87657955e-02 -4.01266925e-02
 -8.12906958e-03  1.90926567e-02 -3.58422622e-02 -1.24635361e-02
  6.10945188e-03  4.74174693e-02  9.34144109e-03  1.31913796e-02
 -5.97348949e-03  1.36438441e-02  1.96663160e-02 -1.71309318e-02
  3.10467929e-02 -3.14529054e-03 -6.16230973e-05 -6.82792366e-02
 -1.21486532e-02  1.87362991e-02 -4.30668518e-02  6.19209558e-03
 -3.38292308e-03 -2.51640342e-02 -3.78351994e-02  1.02039734e-02
  5.43064587e-02 -8.25706124e-02  5.90698346e-02 -2.07202863e-02
  7.07760500e-03  3.94506939e-02  4.11267467e-02 -8.04037612e-04
  4.62122373e-02  1.01483753e-02 -5.00349179e-02 -2.49111149e-02
  1.77733377e-01 -5.60991503e-02 -4.20573056e-02 -1.44701591e-33
  2.35146396e-02  5.77819459e-02 -6.10147044e-02  6.52673980e-03
  5.23625761e-02 -4.71729934e-02 -8.40666667e-02  4.89341579e-02
 -6.74557127e-03 -1.22913690e-02  2.73418911e-02  4.93170060e-02
  3.00338063e-02  2.43330337e-02 -1.02562169e-02 -7.98238888e-02
  8.39052536e-03  3.02181533e-03 -4.25160900e-02 -3.92509587e-02
 -5.98235847e-03 -5.57212718e-02 -8.25860798e-02  1.68389268e-02
  4.37096059e-02  7.13056177e-02  7.77262747e-02 -2.66231853e-03
 -2.16757506e-03 -2.01798137e-02 -7.01130554e-02  1.03234082e-01
 -6.78144302e-03  5.26118129e-02  2.22635409e-03  7.04955086e-02
  2.83107404e-02 -2.75696479e-02 -9.60882008e-02 -7.40356967e-02
 -4.23549563e-02 -2.89839935e-02 -3.71922087e-03 -3.69715802e-02
 -9.61972121e-03  4.96823974e-02  4.01450172e-02  6.08034879e-02
  3.77321504e-02 -3.23314406e-02 -3.54803316e-02  3.98184098e-02
 -2.85261981e-02 -3.09951194e-02  2.77522020e-02 -5.02588525e-02
  6.52485266e-02 -7.35279471e-02 -5.59889227e-02 -4.09638956e-02
 -4.63141650e-02 -4.56278361e-02  5.85179403e-02 -4.47170474e-02
 -3.70432846e-02 -6.97862580e-02  6.73176348e-03  3.09414081e-02
 -6.17501000e-03  4.29712161e-02  4.71782051e-02 -9.23574902e-03
 -5.08922935e-02 -4.99841524e-03  6.84743375e-02 -1.66707430e-02
 -8.87977630e-02 -5.41885942e-03 -3.83907743e-02  2.14419756e-02
 -5.06384205e-03  5.33863939e-02  2.31613778e-02  6.81104437e-02
  6.52512684e-02 -8.28220397e-02 -1.87502522e-02  2.76851635e-02
 -2.53781322e-02  4.66120243e-02 -8.57099071e-02 -8.34107846e-02
 -8.80104378e-02  3.10206302e-02 -5.50234504e-02 -5.92162550e-08
  9.67924446e-02  6.53569549e-02 -7.69299315e-03  8.81737843e-03
  7.16041028e-02 -3.06501072e-02  7.09735602e-02  1.37708858e-01
  6.12151995e-03  5.62065020e-02 -8.69569462e-03  8.10743719e-02
  7.76877552e-02  1.61837190e-01 -4.83151479e-03  8.65708962e-02
  1.79260746e-02 -7.56764859e-02 -9.48175043e-03 -1.48903299e-02
 -7.77339796e-03  7.86329526e-03 -3.82273197e-02 -4.69310656e-02
  4.77763265e-02  9.64821130e-03 -5.71552590e-02  4.87172566e-02
 -5.79718910e-02 -2.40856763e-02 -8.97485670e-03 -8.71411785e-02
  2.27526133e-03 -8.63397610e-04  6.69726403e-03  1.24253603e-02
  8.21544081e-02  1.62740238e-02  1.95766315e-02 -6.91262484e-02
  1.41880261e-02  7.34047368e-02  5.11029139e-02  7.68623725e-02
  1.07936502e-01  2.74644815e-03 -2.00663172e-02  6.04968071e-02
 -4.18027081e-02  3.17703336e-02 -5.44886151e-03  1.14732962e-02
  1.35307442e-02  7.36115426e-02  1.03833310e-01 -2.66130287e-02
 -3.22070196e-02  9.13103949e-03 -6.47942871e-02  1.03617413e-03
  3.86547484e-02  2.92857997e-02 -4.85847332e-02  2.39528790e-02]",True,True
Candace Owens Climate Monologue,Candace Owens,conservative,"in 10 years, florida was going to be under water. they were making placing bets. florida will be underwater unless you kids, you guys at home, unless you do something. here's what i'm going to recommend to you. uh, it's a book called inconvenient facts, written by gregory wrightstone, and it is something that completely changed my perspective on climate change and something that all children should read. if your children are fearful that the world is going to end, they should know that the left always promises an apocalypse. they've done it many, many times and, of course, we know the reason why: it's because they want to extract money. they want to be able to raise trillions and trillions of dollars on fear. children are going to commit to having the government tax them into perpetuity because there's some climate crisis that they need to fix. so here are just a few, by the way, of those inconvenient facts that he lists in this book that i think are important. first and foremost, we are living in one of the coldest periods in all of earth's history. oops, so much for everyone telling us that global warming and carbon dioxide- which, by the way, is plant food- is going to make things so terrible. more co2 means more plant growth. more co2 helps to feed more people. worldwide, the number of tornadoes is declining. extreme heat events are declining. there has been no increase in frequency of hurricanes.",0.979,"[-5.34168854e-02  4.30551805e-02  4.74269688e-02  9.02527347e-02
  1.12375416e-01  3.82778756e-02 -7.98808178e-04  2.44405065e-02
 -1.61607955e-02  4.55580801e-02  2.45582648e-02  1.28672989e-02
  2.86179464e-02  3.98481563e-02 -5.85909672e-02  8.04897919e-02
 -6.19585738e-02 -6.85064169e-03 -5.81173785e-02 -4.93405312e-02
  8.58959835e-03  5.56369089e-02  3.35266888e-02  6.34073019e-02
  4.61742142e-03  1.04775213e-01 -3.97750176e-02  4.78364155e-02
 -1.18768059e-01  7.89072365e-02  6.33256584e-02 -1.41858235e-02
  1.82088967e-02 -5.43123521e-02  2.88620703e-02 -8.81290715e-03
  7.53461421e-02 -3.50265540e-02  6.59734197e-03 -4.12218422e-02
  2.11788481e-03 -1.54774506e-02  2.53006723e-02 -3.03397831e-02
 -7.64676630e-02 -3.50338966e-02 -4.77644131e-02 -6.96132891e-03
  1.15701808e-02  1.09053431e-02  1.06403977e-02  1.38137657e-02
 -9.90565717e-02 -7.65612572e-02 -1.73724610e-02  1.93913803e-02
  4.35879491e-02 -6.59407303e-02 -2.93250866e-02  6.23262953e-03
  3.71773653e-02  5.22003649e-03 -7.43883550e-02  2.12427508e-02
 -2.15649754e-02  2.77527329e-02  4.71335351e-02  7.31793940e-02
 -5.39949052e-02  4.71150242e-02 -8.20704699e-02  6.87884986e-02
  5.28950132e-02 -4.09849510e-02 -3.22410315e-02 -2.10880898e-02
  2.21149959e-02  7.04999119e-02  6.21460937e-02 -1.71427093e-02
  3.14938799e-02 -3.85641754e-02  3.58203426e-02 -9.03167352e-02
 -1.19087836e-02  6.75240159e-03  6.71438724e-02 -3.95163745e-02
  2.70472374e-02  6.21851757e-02 -7.34039992e-02 -7.59853423e-02
  1.41930759e-01  7.33204708e-02  3.47297080e-02  9.23556164e-02
 -7.74932578e-02 -3.57070267e-02 -1.05455086e-01 -4.37605865e-02
 -6.93915086e-03 -3.71380337e-02  5.73495217e-02 -2.79838033e-02
  1.82513781e-02 -5.79458512e-02 -6.14137240e-02 -3.03971115e-02
 -1.94238406e-02 -4.27382961e-02 -5.36605045e-02 -2.93388888e-02
 -2.40657143e-02  1.95190459e-02  2.03176923e-02 -3.59895192e-02
  6.46209419e-02 -4.25152779e-02 -2.76622269e-02 -3.21196057e-02
 -3.50428149e-02  1.05051389e-02 -2.77628526e-02  7.62883946e-02
  3.09212916e-02 -6.43550530e-02 -6.39871322e-03  1.56033945e-33
  7.04856217e-02  4.18701507e-02  2.23005489e-02  5.82634285e-02
  1.31462403e-02  8.69564563e-02 -4.73936275e-03 -2.36782674e-02
 -4.10829931e-02  1.04580345e-02  3.37850163e-03  4.52036001e-02
 -1.54409623e-02  5.67566864e-02 -1.80444382e-02 -6.42790794e-02
 -9.14246365e-02 -8.73650238e-03 -1.00590643e-02 -1.48372473e-02
 -4.89029102e-03  2.40022899e-03  2.93839853e-02 -2.56640674e-03
  8.75266790e-02  6.07629365e-04 -4.14851569e-02  6.18874542e-02
 -6.49272278e-02  6.49834238e-03  1.22926515e-02 -1.05360216e-02
 -3.28936651e-02 -2.55150795e-02 -1.43749854e-02 -1.02703609e-01
  4.84217554e-02  1.69470685e-03  1.09978495e-02  8.91357940e-03
 -2.01290697e-02 -4.12497148e-02 -4.59792241e-02  7.52933249e-02
  7.63737261e-02 -3.12142521e-02  9.02676433e-02  6.67829216e-02
 -3.25453877e-02  2.32036859e-02 -5.72747290e-02  3.12063079e-02
 -5.93014471e-02 -1.06898353e-01 -3.39709148e-02 -3.42157222e-02
  1.29090780e-02  3.95200551e-02 -4.26659621e-02 -1.27474234e-01
 -6.51078532e-03 -4.81858514e-02  1.00223664e-02 -7.17092156e-02
 -1.43089145e-02  5.78091629e-02  2.58203633e-02  5.83032854e-02
  1.72118861e-02 -2.85922028e-02  1.31452046e-02 -2.38082502e-02
  1.98276062e-02  2.50756498e-02  3.38498317e-02  5.87461563e-03
  3.26332338e-02 -1.70000754e-02 -1.93138104e-02  8.84295348e-03
  3.44959348e-02 -5.40250354e-03  9.07076076e-02 -2.71551106e-02
  5.66729531e-03 -8.25452358e-02 -2.15929169e-02  2.10553352e-02
  2.79648993e-02  1.93891246e-02  2.76830164e-03 -1.70111768e-02
  7.18138590e-02  1.24326842e-02 -4.66921031e-02 -3.79398259e-33
  8.69807135e-03 -1.36072980e-02 -7.91026279e-03 -1.56314261e-02
 -4.23978604e-02 -7.98072070e-02 -1.12587400e-02 -4.56872247e-02
  2.67173555e-02 -8.88146535e-02 -9.21589285e-02  9.60594043e-02
  4.42041494e-02 -1.03571691e-01 -5.34197986e-02 -1.03242040e-01
  4.19936329e-02 -4.15907316e-02 -2.13956162e-02 -7.32941106e-02
  1.32988971e-02  2.07777806e-02 -1.20033361e-01  4.69060764e-02
  4.04528007e-02  5.05325943e-03  2.63612065e-03 -6.50244802e-02
  3.22567038e-02  2.86135767e-02 -1.85313132e-02  9.40068066e-02
  9.19882581e-02  4.33623791e-02 -9.94465500e-02 -5.20594716e-02
 -2.32109204e-02 -1.87906493e-02 -8.83207321e-02 -2.88416743e-02
  6.13179579e-02 -8.16767737e-02 -5.86577021e-02 -7.52634034e-02
 -2.40501221e-02  6.99906275e-02  3.12258750e-02  7.38359988e-02
 -1.45270601e-02  1.12208299e-01  3.23331542e-02  3.41197886e-02
 -6.05728338e-03  4.19550538e-02  9.53402556e-03 -2.00859681e-02
  2.23955568e-02 -6.42931238e-02  5.30097298e-02  9.79197398e-02
 -1.22707328e-02  3.89932021e-02  1.53210526e-02 -1.59161910e-02
 -4.30891290e-03 -9.45751891e-02 -1.14550211e-01  1.66665390e-02
  6.98904470e-02  2.62580235e-02  1.44754900e-02 -8.17736331e-03
 -7.90618584e-02 -1.26106486e-01  4.23733890e-02  4.32934463e-02
 -3.31899747e-02  2.69023478e-02 -5.29120788e-02  8.64044279e-02
  5.70170730e-02 -3.10692638e-02  1.30924843e-02  5.09276334e-03
  1.06429933e-02 -3.74879539e-02  2.16894317e-02 -5.80762811e-02
 -2.42776871e-02  6.93812594e-02 -5.46842888e-02 -9.60229058e-03
 -9.97291580e-02  2.51692114e-03 -1.30075840e-02 -5.15509662e-08
  1.14970319e-01  5.05429208e-02  2.88809743e-02 -4.05808771e-03
  7.84246922e-02 -2.66112294e-02  2.55881101e-02  6.56005442e-02
  3.61729600e-02  4.17658016e-02  4.56104651e-02  5.60078658e-02
  9.35076028e-02  1.75574217e-02 -3.89894359e-02 -1.86389927e-02
  4.06405553e-02 -8.78492594e-02 -6.82154577e-03  2.23023184e-02
  6.56322762e-02  5.05339652e-02 -4.50851470e-02 -2.44446471e-02
  4.49428149e-02 -5.71320839e-02  5.13003673e-03  1.05128914e-01
 -7.31783034e-03  4.59071845e-02 -1.89814121e-02 -1.09997854e-01
 -3.84335816e-02  1.66298747e-02 -5.33852801e-02 -6.42399490e-02
  5.48496954e-02  6.46193326e-02 -3.41780744e-02  3.96664022e-03
  3.11586373e-02  9.13043395e-02 -1.96951050e-02  2.60692146e-02
 -7.73967244e-03 -2.68491544e-02 -4.71842065e-02  7.45294243e-02
  8.34215712e-03  7.56551027e-02 -4.39231135e-02 -6.77469522e-02
 -8.42143521e-02  1.97817162e-02  5.43368198e-02  2.43573617e-02
 -3.32848518e-04  2.35642642e-02 -3.80065963e-02  4.37636785e-02
  3.68042965e-03 -1.98059846e-02 -9.67011154e-02  4.21826094e-02]",True,False
Candace Owens Climate Monologue,Candace Owens,conservative,"in recent data, forest fires across the northern hemisphere are also decreasing. so you know, they shifted gears away from global warming and pushed it towards climate change because, unfortunately, in 2011, actually, the earth started to cool a bit. so they said, oh, we got to move and now it's just climate change. every time a climatic event happens, they want you to go. oh my gosh, oh my gosh- climate change, the world is ending. it's not ending. it is not ending. there's not going to be some event other than your government attempting to grow and using children to do that. it's a form of child abuse. i believe it is a form of child abuse. worse than that, it's a cult. i believe it is a climate doomsday cult and, just like every doomsday cult, when they don't meet the deadline, they just transform it and go. actually, no, no, no, the doomsday is going to be a little bit later. well, guys, i'm pleased to tell you that today is my birthday. this is my birthday episode and for whatever reason, i, candace owens, have managed to survive so many leftist apocalypses. i survived y2k, i survived acid rain, i survived the corona coronavirus. they just cannot get rid of me. here's to another year and welcome to candace. [Music].",0.671,"[-1.73442084e-02  7.26115182e-02  1.16571665e-01  4.64196168e-02
  1.03972107e-01 -1.93497445e-02 -1.30677409e-02 -4.93989959e-02
  5.04599884e-02  2.04289630e-02 -2.72983238e-02 -1.40519058e-02
 -4.25184406e-02  6.38333708e-02 -1.62562989e-02  4.46425788e-02
 -8.86753276e-02 -7.65479431e-02 -1.01153255e-01  3.69588695e-02
 -7.27949142e-02  5.88297918e-02 -2.26409268e-02  1.00866430e-01
 -4.77850474e-02  5.31954393e-02 -3.70572880e-02 -3.21209542e-02
 -9.08891037e-02  4.75306995e-02  1.98743865e-02  2.47317478e-02
 -4.83814366e-02 -6.13334915e-03  1.64529420e-02  1.62290074e-02
  2.51080971e-02 -3.44210677e-02  1.64499283e-02 -8.01502541e-03
  4.91058566e-02 -3.79811116e-02  4.16149721e-02  2.16828212e-02
 -1.10020347e-01  7.16785491e-02 -3.16417813e-02 -4.15144861e-02
  8.65305401e-03 -4.57289629e-02  2.42865551e-02  6.43271953e-03
  2.33740062e-02  2.90543605e-02 -2.87182461e-02 -6.34453669e-02
  8.90148059e-02 -4.48785946e-02  5.07385507e-02 -4.91987076e-03
 -2.56018335e-04  1.19825248e-02 -4.77860272e-02  4.37785611e-02
  4.55197990e-02 -4.19489779e-02  4.61067371e-02  3.71280089e-02
  3.74218002e-02 -1.49463993e-02 -4.54043150e-02  3.70771959e-02
  8.19005966e-02  8.82501006e-02 -1.89403503e-03  2.93743145e-02
  1.21914363e-02  2.37662699e-02  1.33597896e-01 -5.75443804e-02
  6.17665201e-02 -2.88200635e-03  5.19469939e-02 -5.62473312e-02
 -1.31547283e-02 -5.31563908e-02  4.32226509e-02  5.12807891e-02
  7.74249732e-02  3.96726765e-02 -1.11129187e-01 -2.83012702e-03
  1.10377736e-01  5.22083752e-02 -2.76848134e-02  2.53219865e-02
 -8.86519328e-02 -3.04339249e-02 -8.71328339e-02  1.60761774e-02
  4.75443387e-03  3.93696874e-02 -2.57197414e-02 -7.62037188e-02
  6.14295043e-02 -5.54549694e-02 -1.20302759e-01 -2.48041674e-02
 -2.73413192e-02 -7.42741255e-03 -3.54033299e-02 -8.50755814e-03
  1.01209935e-02 -5.09920977e-02  9.02007893e-02  2.99901888e-02
  3.63212489e-02  5.50482310e-02 -9.50278193e-02 -6.27506003e-02
  4.78825830e-02 -1.69507954e-02 -2.70014592e-02  1.26111001e-01
  1.23646837e-02 -3.89300957e-02  1.76743034e-03 -3.33198576e-33
  2.21024994e-02 -4.11096253e-02 -7.13890195e-02  5.84089682e-02
  5.81880510e-02  1.12408353e-02 -8.02198425e-02 -8.86305142e-03
 -4.43537310e-02 -3.42782475e-02 -3.05534378e-02 -2.84668766e-02
  2.10560057e-02 -2.04409901e-02  3.33253108e-02  2.37314664e-02
 -1.13289021e-01  2.34953649e-02  9.01659112e-03  4.67157215e-02
 -1.81305292e-03  3.48615646e-02  1.00807603e-02  2.74554193e-02
  6.09873794e-02 -1.55807529e-02 -4.72104475e-02  7.22864419e-02
  2.16574538e-02 -2.31057685e-03  3.92581802e-03 -1.13857472e-02
  3.81616913e-02 -2.81054005e-02  1.14642391e-02 -6.12465814e-02
  5.84645160e-02 -1.81173149e-03 -5.40910475e-02 -2.71710809e-02
 -6.91880211e-02 -2.27172691e-02 -9.60054994e-02  4.91817147e-02
  9.98171885e-03  1.39731243e-02  1.25815213e-01  1.40327467e-02
 -8.59305188e-02  2.31015254e-02 -6.20024316e-02  1.87245887e-02
  3.76131274e-02 -5.28959781e-02 -1.81954559e-02  1.66293941e-02
  2.34046392e-02 -4.97262813e-02  3.31260562e-02 -1.16369471e-01
  3.89891155e-02 -5.51799685e-02 -5.20740971e-02 -2.14369074e-02
 -1.67698469e-02 -8.63297507e-02  8.46323743e-02  4.49957140e-02
  3.77043225e-02 -1.37021355e-02  2.36194972e-02  2.60334872e-02
 -6.50780350e-02 -5.76285757e-02 -6.44074241e-03 -1.51227573e-02
  7.82343820e-02 -6.34867921e-02 -6.05339941e-04  5.57821877e-02
  4.35338207e-02 -2.80303434e-02  7.25305825e-02 -6.69993460e-02
  7.25444779e-03 -1.33328080e-01 -3.66350170e-04  5.36958463e-02
 -1.48663158e-02 -1.94266234e-02 -3.30032073e-02 -2.60158833e-02
  9.61949602e-02  8.96825865e-02  9.17850062e-03  2.03058315e-34
  4.12709154e-02 -1.33485217e-02 -2.73461938e-02 -7.30545521e-02
 -2.62693577e-02 -1.08185276e-01 -5.61325289e-02  2.07824353e-02
 -2.04072874e-02 -5.93997836e-02 -9.83920414e-04  3.73045157e-04
  1.60586964e-02  4.80751731e-02 -1.91153549e-02 -7.66415223e-02
  1.72214527e-02  6.72519878e-02 -4.76616696e-02 -5.58233932e-02
 -2.53341869e-02  8.72229785e-02 -1.82113171e-01  3.85867134e-02
  3.51457682e-04  4.12405469e-02  8.79325122e-02  9.81800607e-04
  5.01658954e-02 -4.53824028e-02 -4.08903621e-02  5.70384152e-02
 -2.90274504e-03  1.40250586e-02 -2.34465245e-02  3.42804044e-02
  1.77174434e-02 -7.31996745e-02 -7.88252577e-02 -4.36738580e-02
  5.32545745e-02  6.32315278e-02 -5.04860394e-02 -7.06204725e-03
 -7.76957050e-02  1.50442414e-03  3.14728729e-02  1.33887053e-01
  3.85263935e-02  7.02026412e-02 -5.39082708e-03 -4.60411832e-02
  1.74256191e-02  5.15483841e-02  3.94219067e-03 -6.41493797e-02
 -4.54010908e-03  1.27011575e-02 -2.87071113e-02  8.33036657e-03
 -6.05944693e-02 -2.56866086e-02  2.14355462e-03 -2.88353264e-02
 -3.78244147e-02 -6.41846135e-02 -4.07539904e-02 -4.27969396e-02
  8.09292421e-02  8.79226625e-02  3.74624096e-02  4.26842570e-02
 -1.16965696e-01 -8.87824297e-02  5.72876818e-02  4.31050034e-03
  1.72359012e-02 -2.30167713e-02 -3.93039435e-02 -5.70460502e-03
 -7.55241839e-03  1.52350701e-02  5.53016514e-02  6.97095022e-02
  2.45046448e-02 -8.79979134e-02 -4.42528026e-03  3.39387767e-02
 -8.14535841e-03  9.63667408e-02 -1.52636608e-02 -3.33890803e-02
 -2.64143497e-02  6.24669008e-02 -3.18376371e-03 -5.66393119e-08
  9.71530601e-02  4.54796627e-02 -2.42043789e-02 -1.83479339e-02
  7.32776448e-02 -1.22173922e-03  3.21519226e-02  7.87025597e-03
 -2.11152639e-02  3.94123159e-02  4.25702855e-02  9.68337134e-02
  6.30728081e-02  2.85025146e-02  6.05991436e-03 -2.98164506e-02
  3.60122249e-02 -4.39295843e-02 -1.10339522e-02 -5.26795350e-02
 -3.46281230e-02 -1.01934304e-03  5.21289222e-02  3.26199969e-03
  6.86926115e-03 -6.57010302e-02 -3.33618224e-02  5.74575551e-02
 -6.38969988e-02 -4.85096462e-02 -3.78258713e-02 -1.87618919e-02
 -7.96249360e-02  4.05430458e-02 -6.02727160e-02  8.53536837e-03
 -1.82862524e-02  4.88925725e-02  1.30947155e-03  7.89384544e-03
  3.79619785e-02 -3.91675252e-03  4.96072769e-02  3.19146886e-02
 -1.62326600e-02 -6.02075867e-02 -9.72173642e-03  3.68824750e-02
  2.38868892e-02  3.54603119e-02 -2.33200323e-02 -9.44927484e-02
 -4.64413539e-02  3.67903262e-02  5.91352507e-02  5.10313734e-03
 -4.06798832e-02  4.33306284e-02 -1.44869126e-02  2.79024113e-02
  4.27328795e-02 -3.84180807e-02 -6.80046082e-02 -4.30854522e-02]",True,False
"Candace Owens - Climate Change, Gender & War On Fertility",Candace Owens,conservative,"I mean I just would like to shout out: do not. I do not know this person at all, but a book: if you have a child that you want to make aware of the climate scam which you are absolutely crazy about, about the subjugation of humanity. such an easy book, very short read. it's called Uh inconvenient facts and it's written by Gregory Whitestone and it will wake you to the fact that the ipcc is just a corrupt industry. every single model they ever have put out is wrong and they rely on people not understanding just how old the Earth is and that it goes through coldness. it could. I mean there was a medieval warming period followed by a freeze. I mean, there's just they're trying to actually make you think that weather is something to be fearful of and that these things don't naturally happen like forest fires, they just naturally happen. they've always happened to. speaking of time, things get hot. I just came back from South Africa. while we were there, just temperature hits in Africa, the bush Burns and it's a good thing that it burns, and so people. they rely on the ignorance of people that are widely emotional, which is why they start they sort of brainwash when you are in high school, when you are in middle school, if there's always a different scare and they've been wrong every time time to go. if you still believe that.",1.0,"[-6.87213838e-02  4.65831161e-02  8.51922259e-02  6.84485883e-02
  6.43231720e-02 -1.56353842e-02 -4.49762009e-02 -1.52692739e-02
  3.16598713e-02  8.81937370e-02 -3.94760966e-02 -2.25669239e-02
  5.01508974e-02 -8.17574635e-02 -3.21495011e-02  6.72181952e-04
 -1.08725630e-01 -2.82402225e-02 -3.54914144e-02 -2.65232958e-02
 -7.24778250e-02  5.31467050e-02 -1.37277320e-02  2.95827854e-02
 -7.29165450e-02 -1.35970404e-02 -4.20908891e-02  3.77756655e-02
 -1.03143506e-01  1.12274386e-01 -3.18961330e-02  2.22863965e-02
  6.94576045e-03  2.90281195e-02  2.09213477e-02  4.81103770e-02
  9.31566358e-02  6.04132116e-02 -1.67944897e-02 -2.43933983e-02
  9.65827107e-02 -5.21407463e-02  2.79269293e-02 -1.04555197e-01
 -4.10544388e-02  2.81126834e-02  3.30218021e-03  3.44825201e-02
 -5.34545816e-02 -1.09168701e-01 -5.58641069e-02  4.38525453e-02
 -2.86623556e-02 -5.06001711e-02 -1.68334674e-02 -3.75904106e-02
  1.73783377e-02 -3.25931944e-02  1.47925802e-02 -2.86221802e-02
  4.05688137e-02 -4.59886752e-02 -1.20932624e-01  1.43259289e-02
  1.10320061e-01  7.93131813e-03  2.46256627e-02  7.07859099e-02
  5.81447333e-02 -2.00421084e-02 -4.24349215e-03  3.37723754e-02
  7.67146274e-02  2.02683602e-02  1.93684231e-02 -2.27159690e-02
 -4.90544513e-02 -6.04436640e-03  7.39105716e-02 -3.11229061e-02
  7.85999373e-02 -1.31841665e-02  7.49584287e-02 -5.48008345e-02
 -1.34224817e-02 -5.64141497e-02  1.19361751e-01  2.48305611e-02
  1.07354917e-01  9.66034771e-04 -1.50452266e-02 -6.46709129e-02
  5.42282723e-02  3.36055085e-02  3.25724855e-02  4.83369865e-02
  6.54377714e-02  2.17993911e-02 -4.57428917e-02  8.28993320e-03
  3.83724971e-03 -3.52060497e-02 -6.25433102e-02 -6.79041147e-02
  4.85377871e-02 -5.43894358e-02 -9.12181884e-02 -8.80594458e-03
 -6.14940049e-03 -3.10856793e-02 -1.48668379e-01  2.69291992e-03
 -8.26804787e-02 -1.03788301e-02  7.72466585e-02 -5.84776290e-02
  3.82519923e-02 -4.08091396e-02 -3.75696011e-02 -2.32266113e-02
 -4.24538441e-02  4.64207865e-02  2.77633755e-03  9.64592397e-02
  6.14423379e-02 -6.11244962e-02  3.58364433e-02  1.61239676e-33
  3.90197746e-02  7.71299079e-02  1.58146992e-02  9.97320283e-03
 -1.65245440e-02  2.90630814e-02 -7.79332146e-02  1.13236979e-02
  3.62105072e-02  5.05213104e-02  4.76137064e-02  1.66448504e-02
  4.70872261e-02  5.57925627e-02 -4.52916473e-02  3.73269729e-02
 -1.19198196e-01 -9.00087655e-02  3.45246540e-03 -3.12429550e-03
  4.03181708e-04  2.87854881e-03  7.13174865e-02  2.72086933e-02
  5.32688573e-02 -6.47932962e-02  3.86525760e-03  6.05842508e-02
  2.26590410e-02  3.63111086e-02  6.22282550e-02 -6.07433903e-04
 -3.97962667e-02 -5.27165122e-02  2.25780196e-02 -8.79094284e-03
 -2.22131200e-02 -2.29612105e-02  4.03508507e-02  2.12697238e-02
 -1.59691442e-02  1.15753142e-02 -2.65125576e-02  3.91564798e-03
  5.11429794e-02  2.97046714e-02  7.02693462e-02 -1.51262544e-02
 -1.11019552e-01  1.63935162e-02  1.01062926e-02  5.42574450e-02
  2.66091712e-02 -2.66388394e-02  1.40442196e-02 -3.48517261e-02
  1.87231842e-02  1.89223560e-03  2.86304373e-02 -8.89360011e-02
 -1.86696183e-02 -6.83961017e-03 -8.71341769e-03 -3.26055735e-02
  5.48676960e-02 -1.28233349e-02 -2.47170925e-02  6.84203953e-03
 -9.94637385e-02 -5.53304590e-02  8.85056555e-02 -9.40719340e-03
 -6.19500093e-02 -5.41013805e-03 -8.37558210e-02  4.89463797e-03
  3.21611501e-02  2.11394932e-02 -2.56240484e-03  1.68078318e-02
  4.01829816e-02 -5.52259525e-03  4.46679033e-02 -1.99113041e-02
 -6.92397580e-02 -7.64608979e-02  1.15954410e-02  7.13552013e-02
  3.39229442e-02 -1.27677491e-03  1.54386247e-02 -7.20997527e-02
  6.00988902e-02  2.20571365e-02 -8.88755843e-02 -2.90937331e-33
  1.21230423e-03 -1.02008313e-01  5.58708189e-03  1.78577704e-03
 -6.29705563e-02 -2.79697180e-02 -9.33391005e-02 -1.14453351e-02
 -2.61907075e-02 -6.38276665e-03  5.68234129e-04  1.04137957e-02
  1.21951327e-01 -6.12376519e-02 -5.94237063e-04 -8.58591571e-02
  3.65490839e-02  2.11438201e-02 -4.18577567e-02 -4.02773879e-02
  1.59937087e-02 -6.51563480e-02 -1.26971751e-01 -2.60692425e-02
 -6.24971539e-02  3.85019742e-02  4.35770303e-02  6.49982225e-03
  2.31575239e-02 -1.28338262e-02 -2.68260688e-02  1.49317771e-01
 -4.19002250e-02 -1.49233695e-02 -6.62397891e-02  5.82729131e-02
  4.26073857e-02  1.05639864e-02 -3.80834863e-02 -4.31393757e-02
  4.10859846e-02  2.68766172e-02 -3.07802036e-02 -8.93578604e-02
 -1.49213534e-03 -3.81132178e-02  7.73812905e-02  6.39856085e-02
  2.67582741e-02  2.90505216e-02  6.05552197e-02 -9.99319926e-03
 -1.66183040e-02 -3.16295810e-02  5.83127001e-03 -4.20913100e-03
 -7.00501376e-04 -3.75863612e-02  6.95771538e-03  3.45226447e-03
 -5.00668138e-02 -3.79092097e-02 -9.35770385e-03 -9.08313226e-03
  2.41186619e-02 -5.15510626e-02 -6.09047189e-02  1.45859951e-02
  6.46686032e-02 -1.18788537e-02  6.42688274e-02 -6.40101209e-02
 -1.31013826e-01 -1.37742728e-01  5.25828116e-02  7.87584111e-02
 -2.05112938e-02  1.84915848e-02 -7.60016516e-02  9.47996695e-03
  4.96082706e-03 -3.57698090e-02  7.41960257e-02  2.62711011e-02
  9.18380767e-02 -1.54417716e-02 -1.19024832e-02 -8.26124176e-02
  7.05610379e-04  7.86909834e-02 -5.07986434e-02 -6.68196976e-02
 -2.74995323e-02  5.01474850e-02 -9.91496444e-03 -6.01254442e-08
  6.51330277e-02  7.10441470e-02  1.10116810e-01  3.64789404e-02
  4.07968462e-02  1.84870977e-02  2.39524208e-02 -1.28248855e-02
 -4.00053971e-02  4.25566547e-02  5.63222952e-02  6.13025166e-02
  8.81340057e-02  2.27447990e-02  2.36871652e-02  1.03271715e-02
  6.04387708e-02 -3.14453058e-02 -4.28113528e-02 -3.19013782e-02
  5.04740514e-02  3.33772111e-03 -4.41112468e-04 -1.32750608e-02
  7.98227787e-02  5.78483683e-04 -2.32686196e-02 -3.96583276e-03
  2.28096489e-02 -6.46573259e-03 -9.11950245e-02 -5.02137542e-02
  3.00589111e-02 -3.13361175e-03  1.79994367e-02 -4.51762713e-02
  2.72688810e-02  4.94716465e-02 -4.61047329e-02 -3.16940024e-02
  2.48261578e-02  1.03035197e-01 -5.80782350e-03  4.05683927e-02
  2.04759333e-02 -5.54467738e-02 -6.18173592e-02  1.94917172e-02
 -2.27970351e-02  7.65548348e-02  1.53706456e-02 -4.32716273e-02
  3.95751260e-02  3.36533897e-02  1.28972083e-02 -4.58248183e-02
 -4.97566834e-02  3.82137671e-02  8.75502592e-04  1.78525876e-02
  2.33220756e-02 -9.21650007e-02 -1.24791645e-01  1.96783300e-02]",True,True
"Candace Owens - Climate Change, Gender & War On Fertility",Candace Owens,conservative,"there are some element of truth to this. just go talk to people in different generations and tell them what their big scare was. I was generation: global warming. we still had to watch a sad movie of polar bears drowning and we're told that there were going to be no polar bears left. in fact, polar population has gone up since inconvenient facts. generation before us. they were told the exact opposite: that it was going to be global cooling. they were all going to freeze to death and then they were like: oh, got that one wrong, so we're gonna change to global warming. exactly. they need the grip to keep going. all that money, everything is always about money, and it's the same people destroying the environment that are coming to you saying: just give us more money and we'll fix the environment. in reality, those Solutions do not work and create more problems and they fly private when they talk about it, on your private jet to discuss Ukraine and but also climate and everything doesn't make sense when it's put together. it doesn't matter, because don't pay attention, because you're supposed to be ignorant and not realize that literally all they want is money, launch a new war and ruin the climate. at the same time, they're telling you that you've got to give them more money so they can save the climate. I mean, it's stunning to me and people that get behind this.",0.979,"[ 1.28114847e-02  2.72821523e-02  8.55060518e-02  8.68953392e-02
  1.12089902e-01  5.21692075e-03 -6.75013363e-02  1.89551339e-02
  2.04305034e-02 -3.29703023e-03 -3.20721529e-02 -1.65401399e-02
  5.60298041e-02 -3.58067602e-02 -5.81922121e-02  7.11406171e-02
 -1.27325818e-01 -1.17519591e-02 -7.76851028e-02  1.45276710e-02
 -6.65840507e-02  5.69181666e-02  3.90868187e-02  6.48904666e-02
 -8.90564770e-02  1.94803849e-02 -2.77659781e-02  1.76247284e-02
 -3.27044018e-02  1.15760945e-01  8.81295428e-02  7.00662434e-02
 -2.45897081e-02  7.35335238e-03 -2.12230720e-02  8.26930925e-02
  2.17099153e-02  3.66660096e-02  9.24427155e-03 -7.64460210e-03
 -7.52691692e-03 -1.42498240e-02 -6.65220479e-03 -5.01580946e-02
 -1.06114531e-02  1.27292220e-02 -1.05679184e-02 -1.03454972e-02
  7.41507672e-03 -1.02947809e-01 -3.57645890e-03 -2.79818326e-02
  5.15270513e-03 -1.02327682e-01  2.95636300e-02 -4.91423160e-02
  6.14124537e-02 -2.65034921e-02  1.37870917e-02 -1.54067753e-02
  1.75843313e-02 -1.19416676e-01 -5.46759814e-02 -2.88724601e-02
  3.52193303e-02  4.88389954e-02  5.95873632e-02  7.03414083e-02
 -5.09386137e-02 -2.82893283e-03 -6.31913468e-02  6.54068813e-02
  2.71954443e-02 -2.07527187e-02 -4.81544659e-02  5.04814833e-02
  4.34754863e-02  5.29028364e-02  5.84696084e-02  1.54183982e-02
  9.84655246e-02 -8.47643092e-02  1.00729223e-02 -2.13125106e-02
 -1.71133764e-02 -1.30278254e-02  6.66089505e-02 -2.48001926e-02
  8.73127878e-02  4.85864617e-02 -9.98968855e-02 -6.81243092e-02
  5.99556863e-02  5.82404435e-02  2.89119151e-03  5.66022247e-02
 -4.25636470e-02 -1.66992936e-02 -1.66692957e-02 -1.57038309e-02
  2.47173533e-02 -8.38833153e-02  2.86390912e-02 -8.21008459e-02
 -9.61204525e-03 -5.71520925e-02 -2.05659624e-02  1.48123200e-03
  3.69613357e-02 -1.85449999e-02 -8.00459906e-02 -1.07308030e-02
 -1.55080855e-02  6.39758855e-02  9.37645324e-03 -3.68239693e-02
  4.83472608e-02 -5.20186871e-02  4.12001042e-03  2.76046880e-02
  2.43476839e-04  9.79399588e-03 -4.12406512e-02  8.90831426e-02
  8.17598682e-03  9.38010961e-03  3.22481059e-03  4.79447779e-33
  3.19154263e-02  7.64294788e-02  2.85936650e-02 -8.15426465e-03
 -5.52883670e-02  4.87841666e-02 -7.63009712e-02  8.99127498e-03
 -1.02957292e-02  9.40635428e-03  9.95220058e-03  4.26739752e-02
  1.96916051e-02  8.05279538e-02  1.44520123e-02 -7.94610828e-02
 -1.37206912e-01 -1.49631733e-02  1.16622336e-02  4.31667967e-03
 -1.92398820e-02 -1.34586366e-02  1.09688763e-03  7.99347460e-03
  4.63347025e-02 -2.89146677e-02  3.26789767e-02  1.64184906e-02
  2.88573001e-02 -1.34428469e-02  1.41449124e-02 -1.96707845e-02
  3.34878415e-02  3.71401720e-02 -2.17497777e-02 -1.11543126e-01
 -2.14716867e-02  1.97686441e-02  2.24780571e-02 -4.27800231e-02
  1.02786822e-02  5.14871553e-02 -8.26968253e-02  3.92984133e-03
  8.15853104e-02  3.62068191e-02  5.55625893e-02 -3.20505016e-02
 -1.78010315e-01  1.43915042e-02 -4.45265099e-02  1.21343702e-01
 -3.61083001e-02 -3.05895098e-02  2.81409342e-02 -1.46897852e-01
 -2.85743512e-02 -1.10477544e-02 -3.94600369e-02 -1.33254126e-01
  2.69057369e-03  1.18822837e-02  1.69510371e-03  1.44589227e-02
  3.42654772e-02  3.67885605e-02  6.98064938e-02  2.80407704e-02
 -3.51196676e-02 -6.59841951e-03  7.80590400e-02 -6.85520321e-02
 -4.29246053e-02  2.80369669e-02 -1.91135984e-02 -7.36595690e-03
  1.47299971e-02  5.35577387e-02 -1.87580809e-02  1.50589710e-02
  4.18922678e-03  4.18879949e-02  5.38732782e-02 -4.19874154e-02
  1.36923548e-02 -5.23520708e-02 -3.84383323e-03  8.42305198e-02
  5.88523746e-02  4.84620314e-03 -4.11653258e-02 -5.25786020e-02
  7.88198411e-02  3.51967998e-02 -7.87958726e-02 -5.10028852e-33
 -3.54570448e-02  4.24691737e-02  7.00194947e-03 -5.37335575e-02
 -4.60118353e-02 -4.93078269e-02 -3.86951379e-02 -4.82323430e-02
  4.05737758e-02 -4.81336303e-02 -1.72920451e-02  8.32163095e-02
  8.25545490e-02  4.65959636e-03 -6.10718615e-02 -7.08070099e-02
  4.62132171e-02 -4.99597238e-03 -4.09016535e-02 -8.78271610e-02
 -2.35825572e-02  3.52500677e-02 -9.46877524e-02  9.49457064e-02
 -3.54247950e-02  4.02237214e-02  1.04377799e-01 -6.39395928e-03
  8.54112133e-02 -3.26658152e-02 -7.47462288e-02  9.09870937e-02
  3.81657965e-02  1.51139693e-02 -3.36438008e-02  2.12833583e-02
  3.05637904e-02  5.06381458e-03 -5.20353727e-02 -2.86696441e-02
 -1.15123270e-02 -2.66127270e-02 -9.44909155e-02 -7.67592713e-02
 -4.53219377e-02  3.41928676e-02  2.65974533e-02  5.19261919e-02
  1.21575231e-02  1.70673020e-02  4.23459485e-02  3.04399431e-02
  3.76911350e-02 -2.85784751e-02 -1.74064208e-02 -1.28235593e-01
  5.43628521e-02 -5.93125559e-02 -3.65959592e-02  1.50570041e-02
 -2.26740204e-02  1.48249147e-02  1.06093176e-02 -4.53067534e-02
 -2.99407355e-02 -7.17249918e-07  5.75059513e-03 -3.96011658e-02
  5.46450838e-02  4.41675186e-02  3.38072330e-02 -2.93379370e-03
 -7.32679889e-02 -6.61277398e-02 -1.35665266e-02  7.45122582e-02
  4.00318811e-03 -4.79686912e-03  6.07743347e-03  5.99173130e-03
  7.64071196e-02  1.28208073e-02  1.03852801e-01 -2.85523031e-02
  4.34927866e-02 -4.28548753e-02 -3.79391946e-02 -6.18270691e-03
 -5.28649092e-02  8.26918557e-02 -9.79569256e-02 -6.06529564e-02
 -7.64056444e-02  3.82198244e-02 -3.27264667e-02 -5.50349277e-08
  1.40051007e-01  2.43420713e-03  2.83558145e-02  4.90450393e-03
  6.20361045e-02 -4.88898270e-02 -2.69341599e-02  3.98815013e-02
  3.99144776e-02  2.94078104e-02  1.38091473e-02  7.83908665e-02
  8.18828717e-02  3.92159931e-02  1.85199699e-03  5.44887185e-02
 -4.04384695e-02 -4.53854688e-02  2.19539460e-03 -1.25572123e-02
 -4.13816283e-03  1.20508587e-02 -5.08290827e-02  7.51277199e-03
  9.71119925e-02 -5.26359826e-02  1.64167527e-02  6.80329604e-03
  3.34242135e-02 -2.36249827e-02 -4.64338325e-02 -1.14480376e-01
 -2.62388550e-02  4.60780598e-02 -4.56810463e-03 -7.16868564e-02
  2.71809734e-02  5.18687777e-02  8.04430470e-02  2.44020652e-02
  3.67706195e-02  9.30436030e-02 -8.02018307e-03  7.01565947e-03
 -6.43441007e-02 -6.59201369e-02 -6.20564930e-02  1.46828527e-02
 -2.27928767e-03  4.25885841e-02 -6.43091872e-02 -6.35528788e-02
 -2.81245261e-03  7.05643892e-02 -1.16641903e-02 -3.36014591e-02
 -8.36033523e-02  2.13806815e-02 -1.77865624e-02  4.78461348e-02
 -2.95789894e-02 -3.82320061e-02 -7.96100050e-02  2.68324837e-02]",True,True
Ben Shapiro VS Climate Change,Ben Shapiro,conservative,"okay, so here's my take on on the climate change issue. um, on the climate change issue, I'm not going to pretend that I'm an expert in in reading the studies, I do know that certain aspects that have been widely talked about have been debunked. the idea that the Arctic Ice is disappearing is nonsense. uh, the idea that the hockey stick graph is anything remotely resembling reality. the hockey stick graph shows over the last century- and it's it's too short a period of time to do climate change statistics like this. it shows over the last century century and a half, that the climate, along with carbon emissions, go like that, that it's a hockey stick. the problem is that's falsified data. uh, there have been multiple problems with the measurement data. as far as global warming, uh, the that's why they call it climate change now and not global warming, because the Earth basically has not been warming for the last 15 years or so. all of which is to say. if you could come up with a solution that did not hurt millions of people and plunge us back into the 1850s, then maybe we could talk about it. the problem is that nobody, even on the left- people who are the biggest climate anthropogenic, climate change Advocates, cannot tell you what we are supposed to do to stop climate change. everything they're talking about is, at the very least, trimming around the edges. so",0.994,"[-1.04737371e-01  7.02873319e-02  6.99764788e-02  4.63811457e-02
  1.24766529e-01  1.10523561e-02 -5.74488118e-02  5.88584170e-02
 -1.97327440e-03  7.12426603e-02 -5.57134859e-02 -1.81592871e-02
 -1.01862065e-02  3.37179303e-02 -1.39631715e-03  2.81688776e-02
 -7.91274831e-02 -5.12956362e-03 -9.66369826e-03  6.25850912e-03
 -2.37960406e-02 -5.26907062e-03 -5.37895449e-02  3.72213461e-02
 -4.54036072e-02  4.27122749e-02 -4.36893292e-02  2.94390712e-02
 -1.12069339e-01  8.19249898e-02 -4.06498872e-02  5.70192486e-02
 -2.69749518e-02  3.98670435e-02  3.49591859e-02  4.79142508e-03
  1.69212613e-02  6.18659593e-02 -6.36322517e-03  2.07957309e-02
  4.36144918e-02 -2.39074305e-02  5.42793684e-02 -1.95378885e-02
 -2.49136984e-02  1.05139129e-01 -2.09819321e-02  7.01285060e-03
 -7.80965909e-02  3.26063558e-02 -3.82838361e-02 -1.10055106e-02
 -1.35728577e-02 -5.09453937e-02  4.46131118e-02 -4.30005863e-02
 -3.03935576e-02 -3.38177867e-02  1.65676642e-02  1.65742021e-02
  1.14927050e-02 -1.60029903e-02 -5.97144291e-02  3.21843638e-03
  2.71765944e-02  4.57298867e-02 -4.72151116e-02  1.99535191e-02
  6.25811145e-03  9.33971331e-02  2.53736451e-02  9.17605832e-02
 -3.09475139e-02 -2.08550263e-02 -1.14337960e-02 -5.39720207e-02
 -1.09162048e-01  7.19488338e-02  7.17425868e-02 -5.46033531e-02
  9.60619673e-02 -5.05671725e-02  4.77884896e-02  2.16049496e-02
 -3.28693017e-02 -1.59316529e-02  8.72659534e-02 -5.17764762e-02
 -4.41274717e-02 -4.10089046e-02 -6.82586581e-02 -3.99459079e-02
  1.27452850e-01  8.86030495e-02  4.58560884e-02  1.07007630e-01
  2.61586495e-02  1.27610695e-02  3.54468785e-02 -4.70819045e-03
 -4.51086871e-02 -2.14289483e-02 -3.80947329e-02 -4.31657694e-02
 -2.36139707e-02 -9.44560170e-02 -4.82723154e-02  3.58903338e-03
 -2.37688888e-02  2.29591820e-02 -3.54189351e-02 -4.47263621e-04
 -8.78145769e-02  3.05456985e-02  9.94400233e-02 -5.71785755e-02
  2.01755464e-02 -1.58552136e-02 -2.44872272e-02 -2.19114218e-02
 -9.78737511e-03  4.55014631e-02 -1.90318190e-02  7.14621395e-02
  7.22239986e-02  2.82665100e-02  7.47766867e-02  2.30744049e-33
  3.57424319e-02  3.65874395e-02 -3.01044080e-02  2.03860719e-02
 -1.94405671e-02  6.69354154e-03 -5.58431596e-02 -4.68719862e-02
  3.73257324e-02  4.57066186e-02  3.07212267e-02  7.77359083e-02
 -1.11150462e-02  4.69035804e-02  9.14298072e-02 -1.53509034e-02
 -1.91448499e-02 -4.04579267e-02  8.34824424e-03 -3.31695788e-02
  2.08728593e-02 -3.19635980e-02  9.66135710e-02  4.40212637e-02
 -1.54350523e-03  1.90072320e-02  1.94529593e-02 -1.51131395e-02
  3.73433642e-02 -5.50447451e-03  5.89315267e-03 -1.27053624e-02
 -2.21809968e-02  3.89246270e-02  2.95437966e-02 -4.88320589e-02
  7.66028985e-02 -7.27667846e-03 -5.97324185e-02  5.55444993e-02
  3.78346480e-02 -3.96975838e-02 -7.62437060e-02 -2.81327683e-03
  8.29166621e-02  2.29351725e-02  8.46051872e-02 -9.49548278e-03
 -4.91180085e-02  2.83946972e-02 -2.13388428e-02  5.80708720e-02
 -6.73204940e-03 -5.92636503e-02 -4.89652716e-02 -3.81900705e-02
  1.25688389e-02 -6.54797778e-02 -3.59069854e-02 -8.91808718e-02
  3.61978561e-02 -3.60491201e-02  6.27736822e-02 -5.08139282e-02
  6.61048368e-02  1.09686509e-01 -6.64705113e-02  7.09877769e-03
 -1.30975032e-02 -2.35075410e-02  2.98462287e-02 -2.81008985e-02
  6.12929324e-03 -3.22467946e-02  1.86982509e-02  6.34528324e-02
 -4.85805469e-03  8.49396884e-02 -2.42632888e-02 -3.51945474e-03
 -2.28318814e-02 -9.29331034e-02  6.49000704e-03 -5.23478910e-02
 -5.26585132e-02 -8.53307322e-02  6.93264604e-02  8.03970024e-02
  4.52977568e-02 -1.43367965e-02 -7.33836442e-02 -2.94735450e-02
  3.08580436e-02  1.87635701e-02 -6.86864853e-02 -3.34796073e-33
 -7.03867823e-02  7.36915367e-03  2.15678439e-02  7.43635520e-02
 -2.39093490e-02 -6.37372360e-02 -6.03391672e-04 -7.85835180e-03
  6.82702661e-02 -4.62085903e-02  5.47976466e-03 -6.51837587e-02
  3.37474830e-02  3.30941305e-02 -5.01181297e-02  9.39418736e-04
 -4.51334454e-02 -5.56611829e-02 -1.26932696e-01 -3.74922454e-02
 -3.54996836e-03 -5.48142157e-02 -7.70267323e-02 -4.22495138e-03
 -4.82536815e-02  1.14723727e-01  5.11315614e-02 -9.29101482e-02
  2.46051457e-02  3.57507204e-04 -1.19111419e-01  6.82461262e-02
  4.54385914e-02 -7.07461536e-02 -1.15018308e-01  4.94921841e-02
  6.75754100e-02 -2.79542264e-02 -6.51513115e-02 -9.15633366e-02
  1.53594948e-02 -6.93714023e-02 -6.64785728e-02 -1.23990484e-01
  3.86667810e-02 -3.01461611e-02 -9.01452266e-03  1.04316302e-01
  1.07085835e-02  1.04025066e-01  6.68800026e-02  2.39996314e-02
 -1.70609970e-02 -4.70203795e-02 -2.30624285e-02  5.25486795e-03
  3.24807651e-02  1.71559788e-02 -7.22785890e-02  2.50596199e-02
 -2.38042921e-02 -2.50564748e-03 -8.95925891e-03  1.30212931e-02
  8.94513130e-02 -2.04511788e-02 -3.89380604e-02 -7.75609091e-02
  2.18969155e-02  1.98603701e-02  3.28128748e-02 -1.11136530e-02
 -4.27253880e-02 -9.02491659e-02  8.15876126e-02  5.07983118e-02
 -3.76018509e-02  1.30807189e-02 -2.65713148e-02  7.01594576e-02
  5.19445213e-03 -4.18017209e-02  3.57699431e-02  3.53058055e-02
  4.03745174e-02 -1.46630593e-02 -2.48293225e-02 -6.31910861e-02
 -4.70926575e-02  6.74379468e-02 -9.64328274e-02 -3.61962318e-02
 -9.09525901e-02  5.11199348e-02  2.14329250e-02 -5.39680975e-08
  3.98614518e-02  4.51056026e-02  1.09832371e-02  6.91791475e-02
  6.47341236e-02 -2.76176073e-02 -1.41486451e-02  1.91634783e-04
  1.27809811e-02 -1.23221688e-02  3.64690609e-02  7.76617602e-02
  4.77266870e-02  5.01059145e-02 -5.01441993e-02 -4.76487167e-02
 -1.43342791e-02 -6.22071736e-02 -3.96638215e-02 -1.98013600e-04
 -9.33067314e-03  2.77593322e-02 -5.57140075e-02 -2.36587413e-02
  4.60099652e-02  8.59622669e-04  1.97964441e-02  9.04734805e-02
 -5.06682917e-02 -1.72554981e-02 -7.87593573e-02 -1.27595682e-02
  7.25922212e-02  8.90955236e-03  1.91569980e-02 -8.62750411e-02
  3.32716592e-02  6.55328706e-02 -2.34290585e-02 -4.98830006e-02
 -3.79106887e-02  7.38076419e-02 -7.65448958e-02  7.33472481e-02
  2.59198789e-02 -4.37898859e-02 -2.23844163e-02  4.04101759e-02
 -6.71155844e-03  9.29428935e-02 -4.44839820e-02 -3.28792743e-02
 -6.65109325e-03  1.17802769e-02  3.60858031e-02  2.89728362e-02
 -3.74811776e-02  1.45252459e-02 -8.67209062e-02  4.06500250e-02
 -4.53122891e-03 -8.39711577e-02 -9.13086608e-02  6.93274140e-02]",True,False
Ben Shapiro VS Climate Change,Ben Shapiro,conservative,"if climate change is based on carbon emissions- and carbon emissions have caused all this damage, then you need to dramatically scale back carbon emissions to the point that, basically, you stop driving cars, that you stop having coal emissions, that power all of the all of the energy in the country. there, green energy is the biggest boond doggle that ever was. mean solar energy is providing less than 4% of the nation's energy at this point, and we've invested billions and billions and billions of dollars into it. so until we come up with something nearly as efficient, we're going to have to make a choice. either we're going to have to let the market come up with something as efficient as carbon based energy, which is going to take a little while, or we are going to, if you take this problem as seriously as the left purports to take it, or you're going to have to plunge people into living standards of the third world. and, by the way, even if you do that, I promise you China's not going to stop developing. it's its carbon emissions, and the reality is that all the developing countries, environmentalism is a luxury of the rich. that's the truth. when you're in China, when you're in the third world, you don't give a damn. when you're in the third world, all you want to make sure of is that your kid doesn't die at night, and if that means",0.641,"[-1.26087982e-02  9.89092663e-02  8.77714157e-02  3.63946892e-02
  5.01267202e-02  4.27492261e-02 -1.76715907e-02 -1.11935427e-02
 -1.99044924e-02  8.73037614e-03 -2.53879186e-02 -6.03153221e-02
 -2.63580121e-02  2.93843243e-02  1.14028901e-02  3.49821113e-02
 -7.15691887e-04  5.42882308e-02 -1.50540527e-02 -2.39968710e-02
 -6.72247261e-02  2.77925543e-02  3.27658504e-02  3.27511900e-03
 -5.86348549e-02 -1.29142646e-02 -4.32453193e-02  3.36380973e-02
 -1.36864213e-02  3.82075198e-02 -1.92705169e-02  4.74113710e-02
  1.13456761e-02  5.38047999e-02  2.88600717e-02  5.90297114e-03
 -2.15799417e-02 -2.38397289e-02  2.29385588e-02 -3.16203665e-03
 -7.07860105e-03 -7.34921768e-02 -2.29616594e-02 -8.83183703e-02
 -4.38534133e-02  8.71917885e-03  6.13112673e-02 -3.01469676e-02
 -3.56741659e-02 -1.29211590e-01  2.94240043e-02  3.68602276e-02
 -4.73149754e-02 -1.24501130e-02 -1.17313126e-02 -2.98636183e-02
  3.16323750e-02 -5.82860783e-03  1.20412949e-02  4.15824028e-03
 -2.50713043e-02 -8.05792212e-02 -1.44429924e-02 -2.76197586e-02
  7.45510384e-02  2.35863142e-02 -1.43164424e-02  3.54895182e-02
 -2.94087809e-02  4.47553694e-02 -6.26200531e-03 -2.09815858e-04
 -1.88790988e-02 -3.99046019e-02 -6.17834441e-02 -2.57486310e-02
  6.11139536e-02  2.38593277e-02  1.18289188e-01 -1.43230231e-02
  8.20917562e-02  1.89712048e-02  2.75891330e-02 -3.47611792e-02
  2.14430485e-02  3.05909608e-02 -1.54370600e-02  1.53485164e-02
  7.14220405e-02 -4.47952040e-02 -9.19365510e-02  4.61170375e-02
  3.41690183e-02  1.31082237e-01  2.39860807e-02  7.98793510e-02
  1.24060339e-03 -4.70984317e-02 -4.17888258e-03 -6.66436031e-02
  6.99011236e-02  4.13675979e-02 -2.52825432e-02 -1.10873222e-01
 -5.06637879e-02 -4.61545326e-02 -6.27547055e-02  4.38313149e-02
  4.63512503e-02 -5.13242856e-02 -7.93607999e-03  1.55572612e-02
 -5.86517602e-02  2.05019210e-02  4.19968441e-02  1.79741613e-03
  1.01089172e-01 -2.00047158e-02  9.76428483e-03  2.06092671e-02
 -3.56084704e-02 -9.35143512e-03 -6.23541884e-02  2.97774887e-03
  1.35675222e-02 -3.72739248e-02  1.28973071e-02  5.53462230e-34
 -5.86385354e-02  1.17044345e-01  3.45669352e-02 -5.99629693e-02
 -2.83345338e-02  7.68289044e-02 -2.98907161e-02  2.27466375e-02
 -8.00207928e-02 -3.59738767e-02  1.84326433e-02  1.86341547e-03
  1.28664020e-02  7.76193738e-02  1.49061128e-01 -8.43093917e-02
 -2.07534805e-02 -5.34425937e-02  1.02105709e-02 -4.87688668e-02
  3.24349888e-02  1.83843337e-02  3.39775197e-02  7.70683819e-03
  4.68792841e-02 -6.49100468e-02  1.15478292e-01 -9.43705719e-03
  4.46851999e-02 -1.21939955e-02  3.01703811e-02  3.79540995e-02
 -4.52438295e-02  1.68837495e-02 -5.73603362e-02 -7.27499127e-02
 -8.94616097e-02  6.91801235e-02 -5.26271909e-02  7.94928595e-02
 -1.11758569e-02  1.01257510e-01 -6.28601238e-02 -3.08530517e-02
  2.29587983e-02  2.10892726e-02  6.59431145e-02  9.81653202e-03
 -5.47000282e-02 -2.64441390e-02 -2.39889622e-02  9.78968814e-02
 -2.75069289e-02 -6.39896840e-04  3.80105488e-02 -7.95550048e-02
  4.47507538e-02 -1.14965774e-01 -4.70008217e-02 -9.36395600e-02
 -6.68850616e-02 -4.16860431e-02 -5.15110716e-02  8.84223431e-02
 -3.62846665e-02  3.76789793e-02  2.84624584e-02  1.24755912e-02
 -6.08354807e-02 -5.09339869e-02  3.84609625e-02 -6.14117645e-02
 -1.41357183e-02 -6.45057783e-02  4.05568210e-03 -2.44024284e-02
 -6.85829893e-02 -5.46937436e-03 -5.86882122e-02  3.01545020e-02
 -8.05989429e-02  2.20048800e-02 -1.43775474e-02 -5.80068938e-02
  5.34346839e-03 -1.07096158e-01 -9.30203032e-03  4.73124906e-02
  6.77149966e-02 -3.38815115e-02 -2.64330246e-02 -1.34097245e-02
  3.56065072e-02  3.43514979e-02 -2.65901294e-02 -2.42001318e-33
  3.80287394e-02  2.89652627e-02 -1.45666301e-02 -1.03458809e-02
  3.19473632e-02 -9.81896967e-02 -1.96745880e-02 -6.31717369e-02
  2.28631347e-02 -2.04585548e-02 -5.10393828e-02  5.53922132e-02
  6.39405027e-02  4.57951650e-02 -2.68613789e-02 -2.28706133e-02
 -1.58015247e-02  1.02775088e-02 -4.95528951e-02 -1.04414560e-02
  4.52932753e-02  3.16103711e-03 -5.12815416e-02  4.89738546e-02
 -8.04209784e-02  5.01197092e-02 -2.41073333e-02 -4.18528803e-02
  1.13358147e-01 -2.30752043e-02 -1.29249483e-01  6.26403317e-02
 -1.15211196e-02  1.73045415e-03  9.76326875e-03  1.22830207e-02
 -1.44632412e-02 -2.25070752e-02 -3.42212804e-02  3.85665596e-02
  3.29382420e-02 -9.43573490e-02 -5.18525802e-02 -4.22558822e-02
  4.10524607e-02 -1.36102801e-02 -2.99752597e-02  5.05259819e-02
 -1.57790165e-02  1.08837508e-01  1.04631022e-01  5.92859536e-02
 -4.49207760e-02 -3.40873823e-02 -3.69927175e-02 -5.84888607e-02
  9.88239422e-02  1.59164872e-02 -3.30685489e-02  6.19039359e-03
  1.51080256e-02  4.64776494e-02  3.92105244e-02  4.44257632e-02
  1.86879765e-02  2.29833238e-02  6.02376424e-02  2.49864161e-02
  9.61826146e-02 -1.05331749e-01 -3.41960676e-02  8.70830205e-04
 -9.30223390e-02 -1.25260362e-02 -6.90424591e-02  3.29980217e-02
  1.25637464e-03 -3.02352663e-02  6.79695571e-04  1.39972856e-02
  2.04664399e-03  1.15901455e-02  8.81320611e-02 -3.01195476e-02
 -2.52472633e-03 -5.90840615e-02 -5.25064357e-02 -7.76891410e-02
  3.61020640e-02  9.15525332e-02 -7.30268434e-02 -5.24271056e-02
 -3.21601890e-03  8.00049156e-02 -1.72169749e-02 -5.44419798e-08
 -4.24389094e-02 -8.43363330e-02  6.08485118e-02  5.15829511e-02
 -6.08257502e-02 -1.23635400e-02  3.77770737e-02  7.33127519e-02
  8.97557288e-02  4.85928692e-02  5.72436415e-02  5.00028394e-02
  1.10290267e-01  1.14892311e-01 -9.84281451e-02  2.59860307e-02
 -8.28197692e-03 -2.75836084e-02  2.33406853e-02 -7.51600275e-03
 -2.42178813e-02  1.43374419e-02 -4.48483005e-02 -9.40419361e-03
  3.95390168e-02 -8.26061703e-03 -4.35543284e-02  1.11701451e-02
 -4.55570072e-02  1.08889062e-02 -5.48960362e-03 -3.51445302e-02
  8.41074437e-02  4.25952002e-02 -3.45436782e-02 -4.63620573e-02
 -3.39077227e-02 -2.00701747e-02  2.85001043e-02  7.32869143e-03
  6.41343594e-02  6.93573877e-02  5.90256974e-03 -3.89443361e-03
 -4.25312333e-02 -1.72390908e-01 -1.60704367e-02  1.83916616e-03
  9.03210640e-02  8.47936049e-02 -2.96837538e-02 -6.19485378e-02
  9.04079818e-04 -5.83873801e-02  2.47964263e-02  6.54335096e-02
 -6.34206906e-02  3.60869500e-03 -5.42554483e-02  3.27841491e-02
  4.31574173e-02 -7.53307566e-02 -5.57393320e-02  5.82320057e-02]",False,False
Ben Shapiro VS Climate Change,Ben Shapiro,conservative,"that you're lighting cow chips on fire, which is what they actually do for warmth in in in huge swaths of the world and that causes significant emissions, significant carbon emissions- then you'll do it because, hey, if it's my kid, or the temperature rises by 00000000000000, one degrees Celsius over the next Century because I lit this fire, uh fine, I don't care. and, by the way, this idea that the climate has ever stopped changing is ridiculous. if there are climate change, the entire Heartland of the country would become three times as productive in terms of, in terms of crop productivity. uh, the? the climate change has always been been occurring, which is why you know Pangia, it's why there, it's, it's, it's, it's why there, the the climate across the Earth has changed radically across time. there have been ice ages and there have been non- I ages. there have been global warming periods and global cooling periods. in fact, global warming periods, historically, have been significantly better to humans than global cooling periods. Global period, global cooling periods have been significantly damaging to the human population. so, uh, right. so a couple of things. one, the the subset of climate scientists is not all that large, so I really don't care what a doctor in biology has to say about climate change. he knows about. he knows as much as I do, so it depends on what they have a Doctrine in, right, so so",0.697,"[-3.49261649e-02  4.71022353e-02  8.65197927e-02  2.87324730e-02
  1.04885720e-01 -2.32048593e-02 -8.61447975e-02 -3.10922489e-02
 -1.41225364e-02  5.37667200e-02  4.65299375e-03 -8.30013454e-02
 -6.62838370e-02  2.49206391e-03 -1.24561656e-02 -2.58730482e-02
 -1.02508739e-01 -1.58805829e-02 -3.23437341e-02 -3.76602113e-02
 -6.13539945e-03  8.10873657e-02 -2.96032708e-03  6.58367425e-02
 -6.29950240e-02 -1.71597730e-02 -5.98815493e-02  5.82595617e-02
 -9.06255022e-02  8.37257132e-02  3.03447712e-02  9.86794457e-02
  1.31094716e-02  3.97538096e-02  1.67433210e-02 -1.63157973e-02
  3.78653854e-02  4.49677631e-02 -2.64522471e-02  1.30125443e-02
  3.20743560e-03 -7.75700286e-02  7.12377904e-03 -7.55984485e-02
 -5.19602075e-02  3.53456698e-02  2.61096936e-02 -5.28197028e-02
 -3.92494127e-02 -5.41315041e-02  5.57027981e-02  3.01064923e-02
 -3.39597166e-02 -4.41851132e-02  3.97083275e-02 -3.58006991e-02
  5.88468164e-02  4.80065309e-02  7.51788029e-04  3.60848778e-03
 -3.50220315e-02 -3.58886272e-02 -1.14197724e-01  2.51327548e-02
  7.09485412e-02 -3.26340296e-03  7.77844014e-03  1.89994194e-03
 -1.99925248e-02  2.02095825e-02 -3.77036557e-02  6.35861605e-02
  6.71694241e-03 -4.21616621e-02 -2.36554239e-02 -4.99572717e-02
 -1.28824087e-02  4.78101186e-02  1.34958640e-01 -2.36760769e-02
  1.26572520e-01  9.65452194e-03  6.57428801e-02 -5.32461517e-02
 -4.00069207e-02  4.39118035e-03  5.03930412e-02 -4.33543622e-02
  6.09194748e-02 -4.01000418e-02 -6.04703240e-02 -3.84637271e-03
  6.17240518e-02  8.89873430e-02 -4.44602296e-02  6.15894943e-02
  3.55390571e-02 -7.15181651e-03 -8.32312042e-04 -2.89017595e-02
 -5.30788535e-03 -1.43797491e-02 -4.58532348e-02 -7.42838457e-02
  2.74478998e-02 -2.00007353e-02 -7.34055936e-02 -6.31059404e-04
 -4.50754911e-02 -3.34018245e-02 -5.25966547e-02  3.15220393e-02
 -8.63554478e-02 -1.30135994e-02  3.32504064e-02 -7.27359951e-02
  4.57547270e-02 -1.83728114e-02 -3.44907828e-02 -7.46933231e-03
 -3.53394039e-02  8.63416493e-02 -3.05709671e-02  9.34112146e-02
 -3.68461665e-03 -1.64905991e-02  6.94331825e-02  3.03108014e-33
  3.88362072e-02  4.05207910e-02 -3.72929983e-02  4.11277935e-02
  9.54370759e-03 -1.49831306e-02 -5.53571433e-02 -1.43923089e-02
  6.67812675e-03 -5.16240187e-02  6.72110990e-02  2.38023186e-03
  1.44822756e-02  5.41371778e-02  7.33135566e-02 -1.18528279e-02
 -3.69388089e-02  4.67528217e-03  6.27450272e-02  5.40287979e-02
 -8.59391391e-02  1.55256419e-02  7.04099312e-02  2.16644742e-02
  2.56235208e-02 -1.23435492e-02  6.07268438e-02 -1.51141016e-02
 -2.22188309e-02 -1.85439736e-02  4.08902392e-02 -1.17654242e-02
 -1.13298289e-01 -2.63306592e-02  3.69192776e-03 -7.03319013e-02
  4.90519702e-02 -2.40835119e-02  8.75955541e-03  8.01305175e-02
 -4.15097810e-02  3.70243825e-02 -6.01900741e-03 -4.96869422e-02
  7.37288892e-02  1.56548359e-02  1.15505531e-01  5.50542139e-02
 -9.69560444e-02  4.21759896e-02 -2.39295904e-02  6.10633269e-02
  5.13584353e-02 -2.69337073e-02  2.01194659e-02 -1.31973915e-03
  3.39388773e-02 -5.27190641e-02 -1.44942319e-02 -4.87789661e-02
 -3.53823183e-03 -2.89579928e-02 -8.44016392e-03  1.38141094e-02
  5.09205535e-02  7.81932399e-02  2.69469097e-02 -8.72887112e-03
 -5.79002255e-04  3.30974422e-02  5.16310986e-03 -8.85710642e-02
  1.89383607e-03 -1.05329268e-02  8.77502933e-03 -5.97192673e-03
  1.28115655e-03  8.49161856e-03 -1.00616805e-01  2.91550923e-02
 -1.34843262e-02 -1.36436531e-02 -2.58597801e-03 -9.36810821e-02
  1.42858103e-02 -9.45710018e-02  3.52522582e-02  1.75008588e-02
  8.18373412e-02  1.15127247e-02 -4.51455899e-02 -5.96556999e-02
  1.21858589e-01  2.68181711e-02 -2.94097606e-02 -3.37488028e-33
  4.44391444e-02  3.31094638e-02 -6.63768575e-02  2.86958981e-02
 -7.44916648e-02 -1.30949005e-01 -3.03788334e-02 -4.49507535e-02
 -2.04162970e-02 -7.41772652e-02  4.18937989e-02  3.24285366e-02
  4.13505659e-02 -3.00028566e-02 -7.49716684e-02 -2.24024225e-02
 -2.90819947e-02  3.80825289e-02 -7.32217282e-02 -3.91817130e-02
 -1.21236611e-02 -4.62229699e-02 -9.60850194e-02 -1.31920085e-03
 -9.86154526e-02  2.97743585e-02 -4.56859544e-02  9.49033443e-03
  4.13629226e-02 -2.19823495e-02 -9.03789848e-02  6.51729554e-02
 -1.30631085e-02 -3.09777204e-02 -4.03927937e-02  2.49944218e-02
 -1.60261672e-02 -4.66975160e-02  1.65352747e-02  1.03232982e-02
  2.39204578e-02 -1.85097512e-02  2.14234479e-02 -4.73209806e-02
  7.66834011e-03 -1.07498688e-03 -2.05752701e-02  1.03922501e-01
 -2.31796340e-03  7.85503685e-02  1.14928141e-01  4.35460778e-03
 -9.08364207e-02 -4.42719050e-02 -5.34179769e-02 -1.54449213e-02
  5.89092895e-02 -3.68592180e-02 -8.06830153e-02 -4.71031247e-03
 -2.80800760e-02  1.41280051e-02  4.97998558e-02 -6.86540315e-03
  6.88759834e-02 -3.69925275e-02 -3.28067057e-02 -7.12497234e-02
  1.01629570e-01  3.73350233e-02  1.00540947e-02 -2.33519915e-02
 -9.63124260e-02 -7.08527267e-02  9.67141148e-03  6.80302083e-02
  1.04970029e-02 -5.66201247e-02 -3.96511331e-03 -6.91335788e-03
 -4.30098362e-02 -2.97663733e-02  9.55369025e-02 -9.75935254e-03
 -1.64155412e-04  3.38837616e-02 -4.47383970e-02 -3.21524106e-02
  2.27526966e-02  6.57384023e-02 -9.84203815e-02 -5.93469664e-02
 -1.90949012e-02  3.44217569e-02  3.81007255e-03 -6.16588665e-08
  5.50702885e-02  4.58258986e-02 -4.87309275e-03  5.67915998e-02
  6.23445399e-02 -4.45663482e-02  4.02595699e-02 -1.69273112e-02
  4.45967428e-02  3.05625852e-02  3.16465497e-02  1.17436789e-01
  1.56030729e-01  7.72827715e-02 -4.92928812e-05  6.64899778e-03
  6.78114071e-02 -5.00575602e-02 -3.73954587e-02 -3.26860137e-02
 -1.98336481e-03  3.50844227e-02 -5.48216701e-02 -1.09293303e-02
  1.41926166e-02 -2.56466512e-02 -2.40385486e-03  1.22017652e-01
  1.46874320e-02  2.99764927e-02  1.62137039e-02 -8.75547379e-02
  7.13554770e-02  3.58261052e-03  2.21692715e-02 -6.51807189e-02
 -4.95417975e-02  3.04178204e-02  3.82254608e-02 -9.37310234e-03
  5.34629300e-02  7.57143795e-02 -2.85183210e-02  6.62752166e-02
 -4.23093028e-02 -1.18515909e-01  2.55265077e-05  7.52590373e-02
 -1.81790050e-02  1.17516533e-01 -9.58385132e-03  3.07614589e-03
 -2.47292910e-02 -3.94633412e-03  7.37684742e-02  2.14656349e-03
 -3.02118044e-02 -2.46947687e-02  4.65788394e-02  7.26814643e-02
  2.30133012e-02 -1.00962907e-01 -1.09637581e-01 -1.54674277e-02]",False,False
Ben Shapiro VS Climate Change,Ben Shapiro,conservative,"you're right. there are a lot of climate scientists and and uh, and you know climatologists who have- who have said that that global warming is an absolute fact and anthropogenic global warming is an absolute fact. they have very different measurements as to how large that affects is going to be. there is a broad range among climatologists, as far as I can tell, among how much the climate is going to actually change and what is the direct impact of carbon Emissions on that, given the fact that for the last 15 years there has been no global warming. uh, you know the, the, the the single largest study of global warming. that was done in the in the in Britain. it turned out a lot of the data was actually kind of falsified, so that it's, it's. I'm not saying that it's not happening. it may be happening. I'm happy to say that it may be happening. I may even be happy to say that it's, it's probably happening. but again, unless you have a solution to the problem that does not involve killing off millions of human beings- no, no, right, no, no and no. but this is the. I, I agree, but the problem is that if you're going to provide, if you're going to make, this is another issue where the demonization is significantly more important to the left than actually solving the problem right. so so everything that the left says about climate.",0.659,"[-1.23915058e-02  5.09923659e-02  1.38838321e-01 -8.86110403e-03
  1.13581233e-01 -2.87243742e-02 -3.52404118e-02 -3.91625660e-03
 -3.32910195e-02  1.26404807e-01 -2.45700274e-02 -9.45017487e-02
  1.51567133e-02  3.59305516e-02 -6.02894500e-02  8.22495818e-02
 -7.92955831e-02 -7.27123991e-02 -6.74130246e-02  2.84603331e-02
 -1.80267449e-02  4.25760187e-02  2.57603079e-02  7.85256550e-02
 -7.73880184e-02 -2.14274321e-02 -3.81536260e-02 -6.02640398e-03
 -1.21442221e-01  1.00502230e-01  5.68989245e-03  9.70567316e-02
 -5.28598391e-03  1.05803153e-02  2.40203328e-02  4.77520227e-02
 -9.47241485e-03  1.34320706e-02 -4.19638166e-03  2.63572037e-02
  2.37113982e-02 -2.18682159e-02 -3.33187692e-02 -5.95419928e-02
  2.76395772e-03  8.04552734e-02 -5.23729511e-02 -2.20931154e-02
 -9.32851285e-02 -6.84596831e-03 -5.00290953e-02 -2.69929487e-02
 -3.38156186e-02 -3.21392752e-02  1.25311397e-03 -1.35924697e-01
 -7.15694530e-03 -3.08178980e-02  2.50604730e-02 -3.06427982e-02
  3.23775262e-02 -3.26380432e-02 -9.11671892e-02  3.39051918e-03
  5.65427579e-02  4.13456075e-02 -2.71683633e-02 -1.28329955e-02
 -1.03523759e-02  5.21088839e-02  2.01719012e-02  2.99536865e-02
  3.56323719e-02 -2.06467528e-02 -1.65674351e-02 -4.55753691e-02
 -3.92963625e-02  6.64856136e-02  1.21800818e-01  1.55426015e-03
  9.69026163e-02 -3.80130038e-02  7.15174302e-02 -4.58683223e-02
  2.78711580e-02 -1.67176817e-02  2.90802028e-02 -1.46842841e-02
  9.02708853e-04  1.00629535e-02 -6.46636710e-02 -6.15639873e-02
  7.66644776e-02  1.00687332e-01  6.31017461e-02  1.04186453e-01
  4.95252050e-02  7.76722282e-03 -1.67585015e-02 -4.07958329e-02
 -2.99121290e-02 -1.64760798e-02 -6.13576211e-02 -3.85519974e-02
 -1.43455556e-02 -4.64037284e-02 -3.24424705e-04 -4.58418243e-02
  1.76788382e-02 -1.12458177e-01 -3.25319916e-02  3.25358585e-02
 -3.27669196e-02  3.60094979e-02  6.47106171e-02 -2.61212699e-02
  8.16820264e-02  2.20822021e-02 -3.33873881e-03 -2.17463309e-03
 -1.13713723e-02  3.96732278e-02 -2.48596538e-02  5.06776273e-02
  3.08514386e-02  2.23136414e-02 -1.36164082e-02  2.15301341e-33
  6.08095899e-02  9.65951830e-02  5.41717149e-02  3.26124430e-02
 -2.35980153e-02  4.10964247e-03 -7.70375431e-02  2.31753048e-02
  1.02014570e-02  5.23115508e-02  6.87029064e-02  3.76577605e-03
  7.00058341e-02  5.76395430e-02  1.08870221e-02  2.41747703e-02
 -1.89607851e-02 -1.33879678e-02 -4.76323925e-02 -1.02928253e-02
 -6.96609216e-03 -1.03559606e-02  6.46911487e-02  2.44410764e-02
 -2.61342358e-02 -3.88058610e-02  3.94936092e-02  3.23889573e-04
  4.08754982e-02 -5.95169235e-03  2.03131959e-02 -2.47123875e-02
 -6.61586523e-02  2.29299478e-02 -3.35819647e-02 -8.81522298e-02
  1.12621812e-02 -3.53328399e-02 -2.12293770e-02  7.30155632e-02
 -8.41814838e-03  2.27628881e-03 -4.88382652e-02 -4.37900424e-02
  8.12512562e-02  1.19421892e-02  1.07919378e-02 -4.30446081e-02
 -9.46085155e-02  4.20452356e-02 -3.58048081e-02  4.22052145e-02
 -3.16004232e-02 -5.86708114e-02 -1.83006041e-02  7.31904525e-03
  6.19852953e-02 -2.79442370e-02 -9.89873777e-04 -3.85321975e-02
  3.56796943e-02 -2.68434696e-02 -1.47881263e-04  1.45899202e-03
  3.03424876e-02  8.58012065e-02  1.17628109e-02 -4.14431766e-02
 -2.94763390e-02 -1.58862527e-02  8.35556351e-03  7.35661294e-03
  2.38489825e-02 -4.15901989e-02  8.81557167e-03 -3.08617949e-02
  3.14172395e-02  5.04318997e-02 -3.00598014e-02  8.11371729e-02
  9.59975831e-03  5.24855331e-02  7.08985627e-02 -9.83207747e-02
 -5.18328995e-02 -1.02901556e-01 -1.25492299e-02  8.70380625e-02
  5.34277298e-02  2.19986942e-02 -2.77244598e-02 -5.83726652e-02
 -3.20094451e-03  4.39950265e-03 -8.77600461e-02 -2.53542505e-33
 -1.26514789e-02 -4.59855422e-03  6.39175624e-02 -3.29294801e-02
 -7.44668171e-02 -4.53999788e-02 -2.69910805e-02 -8.08577985e-02
  1.33339688e-02 -6.30006716e-02  6.38576746e-02  2.16654595e-02
  9.53547508e-02 -1.14966137e-02 -2.48713344e-02 -2.62771361e-02
 -1.23348553e-02 -6.41239285e-02 -4.72141691e-02  1.63135817e-03
 -2.28331182e-02 -7.42285475e-02 -2.80205626e-02  1.67961838e-03
 -5.95654435e-02  4.46764491e-02  2.84374151e-02 -2.81911856e-03
  6.93660229e-02 -2.00612918e-02 -8.18874389e-02  6.73693940e-02
 -3.63797918e-02 -8.94369259e-02 -4.88771535e-02  3.32677700e-02
  4.75855805e-02  6.33103102e-02 -2.66405530e-02 -2.82151233e-02
 -3.38153960e-03 -7.59845451e-02 -1.12966292e-01 -1.24711238e-01
  2.75748386e-03 -6.91167191e-02 -2.86797583e-02  7.95685947e-02
  3.58787738e-02  5.35002984e-02  5.47708012e-02  1.95361711e-02
 -7.34108016e-02 -5.11274859e-02  2.46945303e-03  8.67133215e-03
 -2.34249085e-02 -8.53207521e-03 -2.03735232e-02 -6.26122057e-02
  2.95974836e-02  1.10530676e-02  1.92479771e-02  4.42100270e-03
  2.09505800e-02  3.33641805e-02 -5.35342433e-02 -5.30690104e-02
  4.34820279e-02  2.13248655e-02 -5.78580424e-02 -2.15313472e-02
 -8.70592669e-02 -1.11254349e-01  1.86304387e-03  4.48205732e-02
 -1.02010528e-02 -1.08296074e-01  1.03704622e-02  3.27057093e-02
  4.54316810e-02 -6.33637607e-02  1.15775868e-01 -1.47851761e-02
  4.01021503e-02 -2.68662255e-02 -1.77692983e-03 -3.39741185e-02
 -1.88165028e-02  7.15722889e-02 -8.98682103e-02 -7.10959882e-02
 -4.19045500e-02  3.42864171e-02 -1.49174803e-03 -5.57968995e-08
  9.22732130e-02  2.92825345e-02  1.17021389e-02 -6.02792762e-03
  1.58513226e-02 -5.76153956e-02 -1.95016209e-02  4.47942764e-02
  1.53681645e-02  6.69200495e-02  9.29591581e-02  9.57596004e-02
  9.56625268e-02  3.38765346e-02 -8.22256971e-03 -2.14054286e-02
  4.89585809e-02 -1.27842754e-01 -4.80225822e-03  1.78097328e-03
  2.89051048e-03  3.60030271e-02 -1.59202740e-02  2.92389896e-02
  1.08781531e-01 -1.07399980e-02  3.36609744e-02  1.04550906e-01
 -5.99844866e-02 -2.03489587e-02 -4.61323373e-02 -6.87854141e-02
  8.78735259e-02  2.85430551e-02  5.59413955e-02 -8.66956189e-02
  4.19211052e-02  8.27765390e-02 -1.01208978e-03 -2.80106850e-02
  3.96849699e-02  4.21884097e-02 -5.82053997e-02  9.87790003e-02
  2.15355176e-02 -5.65711856e-02 -2.15823520e-02  1.83420227e-04
  2.69770678e-02  8.75863284e-02  4.65695746e-02 -3.29498462e-02
  1.82856824e-02  5.55803925e-02  2.83302423e-02  3.46850343e-02
 -3.32411118e-02 -3.37369703e-02 -3.06922328e-02  8.22283626e-02
  3.58597822e-02 -8.33076015e-02 -5.69547974e-02  2.94849090e-02]",False,False
Ben Shapiro VS Climate Change,Ben Shapiro,conservative,"change is basically your a climate change denier. therefore, you're a fool, right as opposed to okay maybe. maybe you're wrong about climate change denial, but here's the solution that you're ignoring. where's the solution that's being ignored? I'm sorry, it's not Holocaust denial. the- the use of the language denier is- is pretty ridiculous on its face, considering that there that 30 years ago they were claiming there was going to be a grand Ice Age that was going to freeze us all to death. so you know, I'm I'm willing to wait for the evidence to come in, especially given the fact that we don't have a good solution for it at this point. it. once there's a uh, once there's a plausible solution that that the left actually wants to propose, we can talk about costs and benefits of it. but, um, you know the I also have to. I have to understand what exactly is the real imminent threat to human life. I mean the. the idea that that the gradual rise of sea levels is going to kill hundreds of millions of people is is, it's just fantasy. it's just fantasy. it's not going to kill. it's it they act like the day after tomorrow is how global warming is going to be right, like the Giant Wave is going to sweep in and then the next morning it will freeze and all of New York will be under ice and Dennis Quaid and Jake",0.996,"[-3.93617079e-02  7.58241117e-02  4.61804420e-02  1.42372195e-02
  8.48697200e-02  5.36703058e-02 -2.97005884e-02 -1.32911541e-02
  6.73554987e-02  5.63706905e-02 -5.02167605e-02 -8.96247551e-02
 -1.78537350e-02  4.03785929e-02  1.55966971e-02  3.12710144e-02
 -8.46152827e-02 -2.18413249e-02 -7.36488076e-03  3.22036520e-02
 -2.47622300e-02  3.79897393e-02  1.08830361e-02  1.72162838e-02
 -6.45323098e-02 -1.10981381e-02  2.21603401e-02  3.04840114e-02
 -1.23278357e-01  9.45697278e-02  2.32640374e-02  2.38805339e-02
 -1.83634423e-02 -2.49310918e-02  9.00116190e-02  1.95145048e-02
  4.84539531e-02  2.05432111e-03  1.04920026e-02 -9.66990646e-03
 -8.37033708e-03 -3.87054496e-02 -6.95797727e-02 -8.06166697e-03
 -4.24089245e-02  4.52199802e-02 -5.71795925e-02  2.94312220e-02
 -8.04686397e-02 -2.74249129e-02 -6.78189248e-02 -3.79580706e-02
  1.24328127e-02 -5.33431880e-02  3.19092609e-02 -1.05110541e-01
  2.03172211e-02 -1.11448346e-02  9.47623234e-03 -1.02139369e-01
  3.84690426e-02 -7.25108907e-02 -2.19204519e-02 -1.79917235e-02
  2.05450207e-02  1.90265365e-02  1.02099396e-01  4.92711775e-02
 -1.90434009e-02  7.97693133e-02 -1.79662963e-03  5.80724739e-02
  1.67443720e-03  1.10836215e-02  9.07076057e-03 -1.16889313e-01
 -3.03943306e-02  1.28000714e-02  6.67772517e-02 -2.04610154e-02
  9.83797312e-02 -7.38055585e-03  9.70573425e-02 -7.34661669e-02
 -3.12799700e-02  1.15261963e-02  6.69059483e-03 -5.77880954e-03
  3.88751402e-02  3.19829322e-02 -8.98406357e-02 -1.10976309e-01
  1.28822401e-01  8.41571316e-02  7.81174749e-02  8.22737962e-02
 -5.07600531e-02  5.46197640e-03  3.55129614e-02 -2.16436647e-02
  9.83575708e-04 -5.97803071e-02 -3.94229442e-02 -1.65901676e-01
 -1.43240914e-02 -9.88121182e-02 -5.05562983e-02  1.83951743e-02
 -4.41744775e-02  1.90482214e-02 -4.04515676e-02 -5.02800569e-02
 -3.48179974e-02  5.50154820e-02  3.47346999e-02  1.87094789e-02
  1.40469819e-01 -3.68372947e-02 -2.07061749e-02 -3.49599905e-02
  5.78593165e-02  1.97188761e-02 -3.93925235e-03  7.29807988e-02
 -3.13664298e-03  3.51371095e-02  1.56980921e-02 -3.40729160e-33
  7.99014270e-02  2.79315095e-02  2.00108215e-02  6.14960329e-04
 -5.14616538e-03 -6.30154386e-02 -4.82320115e-02  9.61477496e-03
 -4.91852500e-03  1.83537733e-02 -2.80291680e-02 -4.73497994e-03
 -2.34894641e-02  4.22392711e-02 -2.78133433e-03 -6.94232211e-02
 -2.89676059e-02 -7.14309094e-03  2.46824287e-02 -4.94465232e-02
  1.32066598e-02 -3.10870465e-02  2.51820069e-02 -1.55939199e-02
 -2.48689577e-02 -2.81533618e-02 -6.64580613e-03  8.75564478e-03
  2.26527434e-02 -1.60385612e-02 -3.85682434e-02  8.42751749e-03
 -7.36779198e-02 -3.56212184e-02  2.60444731e-02 -8.31157416e-02
 -3.24107078e-03  9.49123036e-03 -8.57998729e-02 -4.95313555e-02
  3.49097289e-02  6.45698681e-02 -8.26646611e-02  1.22477496e-02
  1.39120653e-01  2.27719247e-02  3.16731445e-02 -3.27648781e-02
 -9.83419195e-02  3.21429595e-02  9.76185873e-03  1.01199441e-01
 -4.80768457e-02  1.69770978e-03  3.43807042e-03 -4.04551066e-02
  1.84985828e-02  2.58480273e-02  1.95626654e-02 -3.72667871e-02
  2.03786734e-02 -4.57567722e-02  2.04635188e-02  1.02741458e-01
  6.90796673e-02  2.98203453e-02 -3.81809101e-02 -3.54372077e-02
 -5.03670797e-02 -2.97226645e-02 -6.83011720e-03 -4.38027792e-02
  3.98209803e-02  5.95787019e-02 -5.43966964e-02 -6.02137148e-02
  2.97448263e-02  4.83115241e-02 -2.01967359e-02 -5.14580458e-02
  4.50228639e-02  1.31751513e-02  3.36663052e-02 -4.43067634e-03
 -2.86362749e-02 -7.27418140e-02 -2.66423122e-05  4.73164320e-02
  1.66804641e-02 -5.49084321e-02 -3.00908228e-04 -3.20430733e-02
  5.24811037e-02 -2.71620937e-02 -7.16138631e-02 -1.70745491e-34
 -1.90267488e-02 -7.14952173e-03 -3.58586684e-02 -1.75226536e-02
 -7.23732412e-02  1.34853013e-02 -9.44226922e-04  2.12321058e-02
  2.31891051e-02 -5.46568930e-02 -7.48969615e-03  9.36415140e-03
  8.89509544e-02  6.23931028e-02 -5.79373278e-02 -4.86256294e-02
  2.98765134e-02 -1.35954656e-03 -2.10222565e-02 -2.62678675e-02
 -2.87941303e-02 -2.39909627e-02 -9.39441770e-02  2.58854311e-03
 -7.33529478e-02  4.52720486e-02  1.02219075e-01  2.24617310e-02
  4.33575846e-02 -2.05679890e-02 -7.92167336e-02  5.83099164e-02
 -1.15029011e-02 -5.72598912e-02  1.17187547e-02 -3.44741833e-03
  6.21980801e-02  1.15851955e-02 -4.06346060e-02 -4.13181372e-02
 -6.71774428e-03 -4.24651876e-02 -1.10841282e-01 -8.16248879e-02
 -4.58590267e-03  3.12163420e-02  7.54158273e-02  4.89294752e-02
  2.66978461e-02 -9.22308490e-03  3.66618894e-02  1.81689989e-02
 -8.03975668e-03 -6.36447519e-02  5.34570739e-02 -6.58092573e-02
 -2.73004863e-02 -7.30232224e-02  1.45258033e-03 -2.44284072e-03
 -7.32842386e-02  4.12117802e-02  5.73112518e-02 -1.56873781e-02
  7.45094046e-02 -3.76576744e-02 -7.14186057e-02 -6.62582985e-04
  4.88845184e-02  4.44560312e-02  7.14587122e-02  1.25529571e-02
 -6.76873922e-02 -2.54561026e-02  6.21510148e-02 -7.80760348e-02
 -2.20500287e-02  1.49133205e-02 -8.28232244e-03  3.46563607e-02
  4.31700535e-02 -2.61399541e-02  2.88348887e-02  2.15427112e-02
  8.18261206e-02 -1.28416736e-02 -1.86023880e-02 -2.78028008e-02
 -3.53924073e-02  7.07719028e-02 -9.05094743e-02 -9.32476968e-02
 -6.17882051e-02  5.25786504e-02 -4.87572476e-02 -5.25462411e-08
  1.27182111e-01  1.82283986e-02  4.80206311e-02  9.66902263e-03
  4.50382903e-02  6.02893578e-03 -2.38255858e-02 -8.93183809e-04
 -4.97444123e-02 -3.60262766e-02  7.63083398e-02  9.95827764e-02
  1.30001456e-01  9.23008323e-02 -6.37098402e-02  6.13147989e-02
 -5.35829971e-03 -9.24929008e-02 -4.35134731e-02  1.45999808e-02
 -2.01318442e-04  4.94395904e-02 -3.73208709e-02 -6.02095611e-02
  9.53890085e-02  2.20254641e-02 -4.61639790e-03  6.25415221e-02
 -1.05214566e-02 -5.78070171e-02 -4.88836169e-02 -8.14446136e-02
 -2.19432693e-02  7.74715543e-02 -1.61246546e-02 -2.97207516e-02
 -1.87657624e-02  3.09551805e-02  7.30284443e-03  2.27162465e-02
  1.04521560e-02  6.13876060e-02 -2.31439192e-02  3.68832350e-02
  9.76807903e-03 -5.95677793e-02 -8.50976929e-02 -3.60357612e-02
 -4.83522862e-02  1.10565340e-02 -2.50227619e-02  2.00841073e-02
 -1.88229838e-03  1.12570457e-01  5.58798239e-02  5.70178702e-02
 -6.23504445e-02  5.15807159e-02 -5.20314611e-02  1.04728639e-01
  9.62917209e-02 -2.43708026e-02 -5.80165796e-02  4.52626906e-02]",True,True
Ben Shapiro VS Climate Change,Ben Shapiro,conservative,"Gyllenhaal will be trying to fight their way through it. that's not how global is going to happen, right? global warming is going to happen if. if it does happen that the rate they say it's going to, it's supposed to happen over the course of the next 100 years. so let's say, let's say for the sake of argument, that all of the water levels around the world rise by by, let's say, 5 feet over the next 100 years, say 10 feet by the next 100 years, and it puts all the low-lying areas on the coast underwater right which, let's say, all of that happens. you think that people aren't going to just sell their homes and move. it's not like there. it's not like it's all going to happen at once, like there, just a big tsunami that comes and wipes out everybody. so human beings have a way of adjusting. human beings have a way of dealing with these things and- and I have more faith in human beings to deal with the, The crucial move from Santa Monica to the San Fernando Valley than I do in in okay, we're all going to stop using our cars, burning coal and using electricity. that seems to me a much worse solution than okay. I'm GNA, have to sell my beach pump property at a discount price, by the way. that's who's going to hit the people with Beach prump property. it's not going to hit.",0.977,"[ 1.93065945e-02 -1.36142364e-02  1.07369393e-01  7.71606434e-03
  1.12160845e-02 -4.76195291e-02 -7.27339312e-02 -2.24623885e-02
  1.52345737e-02 -2.53555481e-03  1.02001810e-02 -3.06700747e-02
  6.70627365e-03  5.60975932e-02  2.04660976e-03  7.16814995e-02
 -1.01865359e-01 -1.12646304e-01 -1.04528435e-01  6.76219240e-02
 -2.38648010e-03  4.68567014e-02 -2.55249683e-02  4.26457152e-02
 -1.02483056e-01 -7.95864686e-02 -6.00137152e-02  2.31831660e-03
 -6.48483187e-02  3.83814983e-02  6.68573007e-02  2.40456220e-02
 -1.90792307e-02  4.27849889e-02  2.82110795e-02  3.04307267e-02
 -4.18740045e-03  4.50079963e-02  3.26420255e-02  5.01469849e-03
  2.96737514e-02 -8.14592242e-02 -2.63467040e-02 -1.36594416e-03
 -5.34155071e-02  3.75168696e-02 -9.93406516e-04  2.78597861e-03
 -1.44534968e-02 -3.42534408e-02 -7.77499899e-02 -2.03456562e-02
 -4.00378332e-02 -7.70063624e-02  5.45122137e-04 -8.48772842e-03
  2.65493169e-02 -2.46719588e-02  3.24093103e-02 -9.61864293e-02
  6.79580718e-02 -6.80370852e-02 -7.57470578e-02  7.10867578e-03
  1.05961207e-02  2.08115112e-03  1.00623026e-01  3.99691276e-02
 -5.86102866e-02  1.86816826e-02  3.29450965e-02  5.06327823e-02
  4.80918624e-02 -5.90926111e-02  2.26374306e-02 -7.30029196e-02
 -4.06307131e-02  3.25692706e-02  6.74110726e-02  1.75814759e-02
  1.29091337e-01 -5.47228530e-02  8.32506567e-02 -1.89989693e-02
  9.45460703e-03 -2.15366147e-02  1.37736602e-02  5.39308414e-02
  5.01856767e-02 -3.85082187e-03 -3.75695825e-02 -9.76519436e-02
  3.66153792e-02  7.23444149e-02  2.33398210e-02  1.21671475e-01
 -5.29229157e-02 -2.52926368e-02  1.52830947e-02  2.08058320e-02
 -3.89651135e-02 -6.12533763e-02  3.86024429e-03 -9.44806933e-02
  1.76948979e-02 -1.52841667e-02 -4.21252996e-02 -1.96230132e-02
 -7.92796984e-02 -1.54204909e-02 -1.15547530e-01 -7.16438796e-03
 -6.72188448e-03  6.11775815e-02 -1.74408369e-02  4.40471023e-02
  9.08150226e-02 -3.63382255e-03 -1.79403219e-02 -7.80298635e-02
  1.49954259e-02 -1.41767571e-02 -3.91819961e-02  8.48690942e-02
  8.55195075e-02  3.68724763e-02 -4.39844822e-04  5.36047005e-34
  9.84928757e-02 -4.99651907e-03  8.37367726e-04  2.55649611e-02
 -2.98829935e-02  1.20077282e-02 -8.85621160e-02 -4.15809527e-02
 -7.73668382e-03 -7.92948809e-03 -5.98322526e-02  2.38727080e-05
 -1.75206158e-02  1.18453473e-01  1.08754390e-03 -2.37486083e-02
 -8.43347609e-02 -1.62135269e-02 -2.43642367e-02 -2.68542785e-02
  5.78908548e-02 -3.77431810e-02  3.21104168e-03  3.09886155e-03
 -1.79949254e-02  2.79817283e-02  5.17864749e-02  3.69723961e-02
 -3.89492512e-02 -4.99708205e-03 -4.66903858e-02 -2.68427562e-02
 -1.48675600e-02  5.00678197e-02 -2.34761238e-02  2.95856204e-02
 -4.03573290e-02 -3.96871679e-02  2.20460370e-02 -3.22316177e-02
 -4.51373905e-02  5.23569100e-02 -8.57980400e-02 -1.06185377e-02
  1.05786055e-01  5.94254676e-03  1.03299007e-01 -1.39740109e-02
 -1.39048755e-01  9.33126211e-02 -1.99472420e-02  6.44606352e-02
 -5.79403788e-02  1.02767861e-02 -3.76062915e-02 -2.97549292e-02
  1.50586420e-03 -3.82534675e-02 -3.94651070e-02 -2.13397834e-02
  1.54870860e-02 -1.43477786e-02  1.58226937e-02  4.51650616e-04
  5.51932938e-02  7.48765916e-02  6.56909794e-02  4.74879816e-02
 -6.19056746e-02  5.00023812e-02  4.39303704e-02 -5.55266961e-02
 -4.31918427e-02  3.67808491e-02 -1.00277299e-02 -1.31275272e-02
  7.81188160e-02  2.91168895e-02  3.08510195e-02  2.14374755e-02
 -3.20675895e-02  7.65382946e-02  4.45631333e-02  4.97600473e-02
  5.26730949e-03 -7.35458806e-02  4.09803651e-02  3.05069145e-02
  4.07297984e-02  2.69936807e-02 -1.01320490e-01 -3.03687342e-02
  1.18470013e-01  4.10069861e-02 -5.62377796e-02 -2.11837729e-33
  2.24541035e-02 -4.26927172e-02  2.42159460e-02  4.09541316e-02
 -3.15358229e-02 -3.73816751e-02 -1.17086032e-02 -7.59325875e-03
  2.10294574e-02 -3.91079076e-02 -7.85656795e-02  6.38911650e-02
  1.14202917e-01  3.67498100e-02  2.55721551e-03 -5.67281209e-02
  8.28971490e-02 -4.64236923e-02 -1.13501158e-02 -6.77128062e-02
  3.32107134e-02  2.74813604e-02 -1.07601300e-01  2.35034861e-02
  7.87246041e-03 -2.00227872e-02  2.43438743e-02 -2.32405141e-02
  8.63468088e-03  3.64242904e-02 -1.23367995e-01  8.07936341e-02
 -1.24686668e-02 -4.78954427e-02  8.38737190e-03  5.43697737e-02
  5.25872968e-03  1.65826473e-02 -1.73027627e-02  1.27324078e-03
  1.10915247e-02 -2.10188199e-02 -1.53739639e-02 -6.25965595e-02
 -5.39925043e-03  8.77389312e-02  3.06711923e-02  5.37554771e-02
 -2.87468303e-02  3.66368401e-03  3.34389918e-02  6.96183443e-02
 -3.87544334e-02 -5.79720996e-02  2.69702151e-02  2.25156732e-02
  4.36206646e-02 -7.40825608e-02 -1.22420035e-01 -1.82858799e-02
 -5.56029230e-02  4.26291525e-02  1.21966442e-02 -2.34251525e-02
 -1.97134558e-02  6.78897649e-03  1.55215496e-02 -6.05767444e-02
  2.05579922e-02  6.63824603e-02  9.08825267e-03 -6.52460530e-02
 -1.42097369e-01 -2.98011247e-02  1.87664088e-02  2.63811555e-02
 -5.02909608e-02  1.25265000e-02  3.74358892e-02  1.40215894e-02
  8.08788389e-02  3.61706540e-02  6.89079911e-02 -3.56478291e-03
  4.67427447e-02 -2.11957637e-02 -5.62615730e-02  1.49101252e-02
  4.79201712e-02  3.84297743e-02 -1.24558121e-01 -1.83208436e-02
 -9.88204926e-02 -9.34283831e-04 -4.71311249e-02 -6.41046327e-08
  7.95012191e-02  1.03114106e-01  1.59282405e-02  2.97516026e-03
  6.84968056e-03  5.85661409e-03  4.25770767e-02  5.75969517e-02
  8.25642422e-03  4.79556322e-02  1.14599645e-01  3.65502834e-02
  2.68048104e-02  5.67801781e-02 -7.85095841e-02  4.12558056e-02
 -6.40792213e-03 -1.11658134e-01 -4.68488224e-02  1.03059663e-02
 -4.09497730e-02  4.76981699e-02 -6.02628738e-02  1.86272282e-02
  6.78177178e-02 -4.14830931e-02 -6.08899817e-02  6.97174296e-02
 -5.23216985e-02 -2.95327306e-02  2.73015238e-02 -3.18630859e-02
 -8.40389878e-02  2.60306019e-02 -3.10078040e-02 -1.82946380e-02
  3.92780416e-02  6.93162456e-02  3.95700783e-02 -3.34439799e-02
 -3.14593390e-02  9.16829854e-02  2.03738585e-02  2.37379894e-02
  2.07775850e-02 -9.93942842e-02 -2.68852077e-02 -2.03639995e-02
  2.38979738e-02  4.91997488e-02  2.52609104e-02 -2.30717082e-02
 -2.23440547e-02  7.56435841e-02  5.21521829e-02  2.18916479e-02
 -8.21482539e-02 -3.75373615e-03 -4.55009006e-02  5.53569347e-02
  1.03934770e-02 -7.17954934e-02 -5.79745062e-02  3.68066784e-03]",True,True
Ben Shapiro VS Climate Change,Ben Shapiro,conservative,"anybody in in indana, you're, you're pretty safe, it'll be all right for for definitions, right? they do this on climate change too. say: Do You Believe In climate change? are you a climate denier? and no, I don't deny the climate. it exists, right? do you believe in climate change? well, yes, I mean the climate changes. what are you talking about? would we like to get more specific? now? what per do you know? for example, what percentage of human activity is responsible for the rising climate? do you have any clue what we would have to do in order to minimize human activity so as to go back to the amounts of carbon that were being sent into the atmosphere before the Industrial Age? is that something that you're willing to? how many people are you willing to let die? how many people are you willing to impoverish based on lack of carbon based fuels? how many people are you willing to let suffer in order to do this? in the third world, by the way, because those are the people who are going to suffer if they're not using carbon based fuels. people on the left are very fond. they they have this kind of Rosy picture of what it would be like to go back in time. they would still get to keep their iPhone, but they'd go back in time if they, if they, if they really want to go back in time there.",0.959,"[-3.62101495e-02  3.75467911e-02  3.93385217e-02  1.11134537e-02
  3.29630747e-02 -2.56990809e-02 -2.87819989e-02  1.13145681e-02
 -5.14759347e-02  9.14045498e-02 -1.81471128e-02 -1.58541530e-01
 -3.45239304e-02 -5.28733525e-03  3.34640667e-02  1.48091670e-02
 -4.09822501e-02 -1.92571897e-02 -9.18436497e-02 -1.84620405e-03
 -4.79994081e-02  6.84792995e-02  2.20763553e-02  6.28463551e-02
 -5.48760518e-02 -2.14231815e-02  1.09663755e-02  2.19059493e-02
 -6.05745614e-02  5.89001551e-02 -4.19156684e-04  2.11802032e-02
  4.90217051e-03  2.04920638e-02 -4.44522202e-02 -1.32060261e-04
  7.01386854e-03  5.81567315e-03  2.78214440e-02 -1.39973406e-02
 -2.66024545e-02 -6.48831502e-02 -3.61413620e-02 -8.57460797e-02
 -4.16378155e-02 -1.01654103e-03 -1.91073362e-02 -3.43995951e-02
 -3.14427689e-02 -9.71427783e-02  8.12433511e-02  1.71289537e-02
 -6.58266693e-02  7.18960864e-03 -3.44773456e-02 -1.39293760e-01
  2.91086324e-02 -6.37133271e-02  7.53422268e-04 -2.89970767e-02
  5.40244654e-02 -1.17978752e-01 -5.50794676e-02  2.28463132e-02
  7.06238523e-02  8.41820519e-03  5.06101875e-03  2.85560936e-02
 -3.18229124e-02 -3.98951815e-04 -1.71029326e-02 -3.84557471e-02
 -2.94213630e-02 -4.50297408e-02 -3.56313363e-02 -9.83076841e-02
  1.88152771e-02  6.28225356e-02  8.49502012e-02 -7.70516042e-03
  1.85076043e-01  5.78918643e-02  6.48845881e-02 -2.89050061e-02
 -9.72654596e-02  2.40986869e-02 -1.26159573e-02  5.52238151e-02
  8.47588181e-02 -2.75302958e-02 -9.77196023e-02  5.46264797e-02
  8.21133256e-02  8.17706212e-02  3.84745263e-02  8.74810889e-02
  4.86564897e-02  3.25508788e-02  4.67575900e-02 -1.38594750e-02
  7.76470378e-02 -1.01495599e-02 -6.80588186e-02 -8.79667252e-02
 -7.31877536e-02  1.68285966e-02 -6.92166295e-03 -3.11893839e-02
 -4.50562406e-03  2.62325592e-02 -7.82163516e-02 -1.95732224e-03
 -7.53674805e-02  5.07456856e-03  4.61540297e-02  1.41761045e-03
  8.60082582e-02  5.48600219e-03  1.98383275e-02 -3.05755809e-02
 -9.99313444e-02  7.72003010e-02  4.39348891e-02  3.55022475e-02
  4.17784676e-02 -1.14618437e-02  2.29724194e-03  2.09120647e-33
  2.72989217e-02  1.35222077e-02  1.38790617e-02  3.48494723e-02
  1.71519374e-03  2.26894710e-02 -8.73067975e-02 -2.19210493e-03
 -2.14254819e-02 -3.33245546e-02  3.18954512e-02  6.26039458e-03
 -3.87760028e-02  5.01194000e-02  4.49246131e-02 -4.81272563e-02
 -2.69408356e-02 -6.63049147e-02 -2.12961007e-02 -1.98556688e-02
 -7.59865576e-03 -1.69959478e-02 -4.25238628e-03  7.85946324e-02
  7.01457486e-02  4.40302014e-04  7.18068779e-02 -3.46111804e-02
 -1.88695621e-02 -3.45298238e-02  3.27192247e-02  1.07484777e-02
 -9.73062664e-02 -6.18046410e-02 -1.58827323e-02 -3.88394818e-02
 -2.37800255e-02  9.49008912e-02 -7.53913000e-02  1.43159658e-03
 -1.11666955e-02  1.04667328e-01 -2.40567122e-02 -6.11322559e-02
  5.48062958e-02 -1.71243716e-02  1.02675982e-01  8.27498138e-02
 -1.08940154e-01  4.41948436e-02 -1.14003003e-01  8.96726623e-02
 -1.83314818e-03 -2.85223126e-02 -9.66139138e-03 -2.28077192e-02
  4.92702350e-02 -3.40989716e-02 -1.49743911e-02 -9.00251716e-02
 -2.26725768e-02  1.07667351e-03  4.48490791e-02  2.87758149e-02
 -1.44086638e-03  2.62868851e-02 -5.18948138e-02  5.53309619e-02
 -2.80463952e-03 -1.22807072e-02  2.07340971e-04 -4.29040790e-02
 -2.58087646e-02  2.25665625e-02 -1.33016461e-03  3.07476874e-02
  6.07590517e-03  4.94959578e-02 -8.40776637e-02  1.75469387e-02
  7.77306547e-03  1.98734272e-03  4.18319665e-02 -5.65202832e-02
  6.19316753e-03 -9.61042717e-02 -1.58523917e-02  4.63496707e-02
  6.44927695e-02  1.28921233e-02  7.35155046e-02 -2.38711052e-02
  8.94738287e-02  9.99704096e-03 -6.44874722e-02 -4.08188577e-33
  8.51894394e-02  4.02962714e-02  1.40856337e-02 -5.46121225e-02
  3.37786879e-03 -9.63086188e-02 -5.06954603e-02 -5.58058396e-02
  3.59061621e-02 -1.67685114e-02 -4.56280261e-02  8.10237452e-02
  1.25874653e-01 -4.70520668e-02 -1.54485134e-02 -6.28866702e-02
 -3.78257297e-02  3.44603397e-02 -1.56530421e-02 -9.59607288e-02
  2.20676828e-02 -7.21751004e-02 -1.26855060e-01 -5.66579634e-03
 -4.40179892e-02  3.83872353e-02  8.61444324e-03 -1.47902071e-02
  5.34386039e-02 -3.96007113e-02 -4.19895537e-02  4.76313271e-02
 -2.41355952e-02 -5.86056747e-02 -4.57156748e-02 -1.80266164e-02
  2.99059078e-02  1.34548582e-02  3.09608318e-03  1.09266723e-02
  6.54472411e-03 -6.71336334e-03 -7.01868981e-02 -4.08182032e-02
 -8.63925833e-03 -1.96574610e-02 -1.20901018e-02 -2.44620200e-02
 -2.16658693e-02  9.32302512e-03  1.23714723e-01  3.99922021e-02
 -2.76954081e-02 -4.16063927e-02  9.45741683e-02 -3.12234517e-02
  1.04147412e-01  2.81938743e-02  4.05308697e-03 -2.02798694e-02
 -9.82345268e-03  1.53422384e-02  4.44312021e-02  7.48687834e-02
  2.21223570e-02 -4.55320254e-02 -5.98953515e-02  1.45449247e-02
  4.11608629e-02  2.16393936e-02  6.86750608e-03 -3.71220075e-02
 -9.99881327e-02 -8.78231078e-02  3.82099710e-02 -3.72729823e-02
  3.70181091e-02 -3.02202329e-02  6.69656554e-03  2.86173504e-02
 -1.03073493e-02 -3.44217196e-02  6.04034215e-02  1.69088487e-02
  3.37194279e-02 -1.63252279e-02  1.15345127e-03 -6.98666349e-02
 -1.14227775e-02  1.00500479e-01 -9.44412500e-02 -4.13942412e-02
 -5.83524331e-02  3.21570747e-02 -4.17074151e-02 -5.60793865e-08
  1.18523417e-03  1.04350876e-02  5.18616810e-02  9.24180225e-02
  6.27702661e-03  2.84438208e-02  8.38843081e-03  5.76225705e-02
  3.71415541e-02 -5.27803507e-03  5.11391312e-02  6.75241053e-02
  1.67888269e-01  5.92572317e-02  2.80253757e-02 -2.46546697e-02
  4.25771400e-02 -1.63425133e-02 -1.22250458e-02 -3.85482237e-02
  5.55819161e-02  4.41075079e-02 -7.00128451e-02  8.41478724e-03
  5.33924885e-02 -4.04688679e-02 -1.40773878e-02  7.06682354e-02
 -3.42209730e-03  6.79353112e-03 -8.02282691e-02 -3.29713523e-02
  1.68461853e-03 -8.08741059e-03  1.58665900e-03 -6.20327480e-02
  2.10010037e-02 -1.11485249e-04 -5.07539548e-02 -4.60291840e-03
  1.77092012e-02  6.18065968e-02 -4.18577529e-02  3.72352228e-02
 -2.24461183e-02 -7.56384358e-02 -3.25528383e-02  1.88001636e-02
 -5.70566319e-02 -7.86006358e-03  7.17893417e-04 -1.41222896e-02
  4.55194861e-02  7.71187395e-02  1.38502112e-02  3.89595702e-02
 -6.46902099e-02  8.44225511e-02  1.00185685e-02  1.60349905e-02
  2.87536550e-02 -4.57819514e-02 -1.26839593e-01  1.74745098e-02]",False,False
Ben Shapiro VS Climate Change,Ben Shapiro,conservative,"very wealthy person of him. here is what Bill Gates said over the weekend, and I think it is amazing how many 1centers- people who are at the very top of the spending Spectrum- are people who are, who are willing to come out in favor of socialism and redistribution of wealth. here's what Bill Gates said. he said, quote: there's no fortune to be made in green energy. even if you have a new energy source that costs the same as today's and emits no carbon dioxide, it will be uncertain compared with what's tried and true and already operating at unbelievable scale and has gotten through all the regulatory problems. without a substantial carbon tax, there's no incentive for innovators or plant buyers to switch. and what he's saying here is that we need to use government regulation in order to cram down Green energy on people. we can't just let the market take care of it, even though the market always goes for the most efficient energy source. no, we have to let government cramm down on people. and I think that it's worthwhile just taking a minute to explain why this is wrong in the environmental setting and then why it's wrong generally, because there are too many people who are buying into the Bernie Sanders Notions- I'm sure people who are watching or listening. you have friends, family members. you shouldn't have friends, but family members who believe in Bernie Sanders. if you have a",0.649,"[ 2.71953680e-02  4.70629483e-02  8.03704113e-02  3.02105993e-02
  4.23739776e-02 -4.25837003e-02  6.34480566e-02  4.18409854e-02
 -3.66548486e-02  3.18523459e-02 -3.71082202e-02  1.18537880e-02
 -6.46612719e-02 -3.81821953e-02  1.59720518e-02  1.19069323e-01
 -3.38178091e-02 -2.14036480e-02 -7.91016519e-02 -2.39729285e-02
 -1.12313516e-02 -1.53662087e-02 -9.92506091e-03 -4.16321717e-02
 -2.11931318e-02 -3.04385200e-02 -7.67948553e-02 -7.92108942e-03
  4.16791969e-04  4.32699509e-02 -7.53922062e-03  2.49096286e-02
 -4.47228961e-02  6.31534457e-02  4.74176891e-02  5.30802161e-02
  4.98329476e-02  5.04301628e-03  1.55813582e-02 -6.82752347e-03
 -1.46198440e-02 -5.54145649e-02 -7.38711879e-02  1.47789801e-02
 -3.31146382e-02  2.67916750e-02  4.58921008e-02 -6.71566501e-02
 -5.82377473e-03 -9.66965333e-02 -2.65765954e-02 -3.31494249e-02
  1.44396853e-02 -1.00266084e-01  2.31376421e-02  1.34172197e-02
  1.02652960e-01 -6.51555427e-04  9.73817334e-02 -3.22501622e-02
  3.31569947e-02 -1.56606466e-01 -3.68218124e-02 -3.66261881e-03
  7.45923296e-02  2.14266814e-02 -4.91138361e-02 -3.71886082e-02
 -7.93048665e-02  1.36419116e-02 -2.20635962e-02 -2.68485174e-02
 -7.93694577e-04 -4.02715690e-02 -5.59680089e-02 -9.55982059e-02
  4.44061533e-02  1.08162329e-01  8.30216780e-02 -1.05994949e-02
  8.55726376e-02  1.60205159e-02 -5.53482734e-02 -5.07191941e-02
  2.37842500e-02  4.40358706e-02 -9.25768688e-02 -9.34252050e-03
  6.60607889e-02  2.41627544e-02 -5.18156923e-02  3.15962220e-03
  6.18273281e-02  7.24660009e-02  4.15594392e-02  9.41097364e-02
  5.50350547e-03 -5.37273176e-02 -6.70396015e-02 -3.61891948e-02
 -2.23682914e-02  6.68564141e-02  2.47216929e-04 -9.87492427e-02
 -4.06488515e-02  7.33957160e-03 -3.31387557e-02  1.04822278e-01
  6.39282018e-02 -2.79290248e-02  4.82915342e-03  2.30959821e-02
 -2.86041591e-02  2.81795505e-02 -4.93987789e-03  3.04639451e-02
  8.76591057e-02 -3.92493568e-02  1.39162317e-02  3.13946940e-02
  1.64727923e-02 -1.13018388e-02 -4.00132313e-02  1.24397501e-02
 -3.55660841e-02 -8.04955959e-02 -2.58870376e-03  9.77879883e-34
 -2.44310293e-02  7.39239082e-02  6.68176860e-02 -4.12046313e-02
  3.76909338e-02  4.64064889e-02 -4.54240926e-02 -6.54692128e-02
  9.85422730e-03  2.30282824e-03  1.99232884e-02 -6.23865277e-02
 -1.12908231e-02  6.53407797e-02  3.27046998e-02 -4.96502370e-02
 -3.77935357e-02 -8.77753869e-02  1.05875842e-02 -7.32091442e-02
  6.90269470e-02 -1.92282267e-03 -8.76288023e-03  1.78903025e-02
  3.16144675e-02 -8.81564766e-02  7.66032487e-02 -1.71411075e-02
  1.43772453e-01  5.25982957e-03 -2.16655172e-02  6.36208206e-02
 -4.31079138e-03 -8.11422337e-03 -7.82108773e-03 -7.88521692e-02
 -9.99229122e-03  5.80451936e-02 -2.82097291e-02  1.37417736e-02
 -5.87389979e-04  8.75719562e-02  3.85765806e-02 -2.93699913e-02
 -4.57223542e-02 -4.89063002e-03  1.21153072e-01  4.53006104e-02
  5.43829927e-04 -2.22083461e-02 -4.85770889e-02  1.06740989e-01
 -4.79942217e-04 -4.86696921e-02  1.99337360e-02 -8.67491215e-02
  1.46638555e-02 -6.72393292e-02 -3.13921715e-03 -8.81098025e-03
  2.82814000e-02  4.62060161e-02 -3.43159796e-03  1.01551905e-01
 -6.89816475e-02  1.95000619e-02 -3.08598429e-02  4.65538763e-02
 -8.73939842e-02  5.51136024e-02  5.87627739e-02 -7.91148990e-02
 -8.55166018e-02 -3.53602730e-02 -1.81591474e-02 -4.81522791e-02
 -3.46735008e-02  6.77187368e-02 -1.03062563e-01  2.73361765e-02
 -1.68846163e-03  1.26224943e-02  1.79955754e-02 -6.59287572e-02
 -5.49791045e-02 -3.42460931e-03 -4.49541658e-02  2.48638336e-02
  8.08532760e-02  1.98861305e-02  2.72634849e-02 -1.77353006e-02
  3.79713848e-02  4.14980948e-03 -1.14756577e-01 -3.22439349e-33
 -6.04678355e-02  2.63409503e-02  8.45266208e-02 -4.78538498e-02
 -1.07325865e-02 -3.53697985e-02 -3.30411755e-02 -1.10780329e-01
  3.77281681e-02 -5.41904336e-03 -2.02024039e-02  1.32056445e-01
 -4.81176842e-03  7.63900997e-03 -4.97532263e-03 -3.02396212e-02
 -3.97192873e-02 -2.24448647e-02 -3.06693129e-02 -3.08620911e-02
  4.89398576e-02  7.56068667e-03 -3.94215956e-02  6.33092672e-02
 -1.11851595e-01  7.65653923e-02 -7.04309568e-02  1.71072055e-02
  9.33571979e-02 -3.50769497e-02 -1.18773274e-01  7.64956474e-02
 -4.27010059e-02 -2.93206945e-02 -2.10577180e-03  1.09214894e-02
  3.38370027e-03 -2.90396791e-02  8.31821188e-03  6.78668767e-02
  6.93424419e-02 -6.47365972e-02 -4.70934138e-02 -8.49323273e-02
 -1.85315106e-02  5.97327901e-03 -3.54556888e-02 -1.80243456e-04
 -2.58082114e-02  7.54500628e-02  5.84307760e-02  1.07331283e-01
 -2.12666504e-02  1.25005338e-02  1.72212266e-03 -2.33372729e-02
  2.66327169e-02  3.05347014e-02 -2.10217275e-02 -1.46931345e-02
 -1.92720350e-02 -3.59714287e-03  4.65216860e-03  3.36010270e-02
  4.59817471e-04  4.18419950e-02  2.95550711e-02  1.03349732e-02
  7.15536177e-02 -6.43123835e-02 -5.06325997e-02 -4.65749428e-02
 -1.13920771e-01 -8.62445831e-02 -7.82293007e-02  1.07828535e-01
  2.11540647e-02 -2.51536127e-02 -2.24586260e-02  2.20030714e-02
  4.83238287e-02  3.90562452e-02  6.00581914e-02 -8.70309025e-02
  2.83173770e-02 -7.87717998e-02 -8.25957488e-03 -1.14308104e-01
 -1.80786662e-02  7.46248737e-02 -4.49025482e-02 -5.98685481e-02
 -6.55390089e-03  9.61651206e-02  2.27899756e-02 -5.27983488e-08
 -1.69873647e-02 -3.44063006e-02  4.93321046e-02 -3.09203193e-02
 -4.38856855e-02 -3.22534405e-02  5.67348823e-02  4.91716573e-03
  2.52869017e-02  4.22534905e-02  1.66590326e-02  5.67457750e-02
  6.55453652e-02  2.94606145e-02 -4.18731570e-02  4.76865796e-03
 -4.67494465e-02 -2.08752565e-02  3.13757509e-02  4.69968654e-02
  3.34558114e-02  6.38395408e-03 -4.51936200e-03  3.56110074e-02
  5.88755272e-02  2.68886518e-02  2.25304756e-02  3.97271477e-02
  1.59075332e-03  5.22306189e-02  1.51933627e-02  2.66476311e-02
  2.16169301e-02 -2.32892502e-02 -4.07535695e-02 -9.27172750e-02
 -3.13572250e-02  1.41313653e-02 -9.70671047e-03 -3.14541766e-03
  5.07003255e-02  4.85784598e-02 -1.61813609e-02  2.59059127e-02
 -6.42712563e-02 -9.53437835e-02 -2.32856739e-02  3.75334173e-02
  6.44709542e-02  5.55721149e-02  3.98229398e-02 -1.94235202e-02
  5.12236878e-02 -4.13972475e-02  2.63207555e-02 -3.87799740e-02
 -9.54113156e-02  2.02201828e-02 -7.76644945e-02 -3.16671506e-02
  6.56053945e-02 -4.97101843e-02 -3.02076936e-02  7.42198201e-03]",True,True
Ben Shapiro VS Climate Change,Ben Shapiro,conservative,"friend who believes in Bernie Sanders. you shouldn't be friends with this person, because this person- number one- is not intelligent and number two- believes in something that's actually tremendously evil, because Bernie Sanders has, of course, stood up for Fidel Castro, among others. but there is this concept out there that only government can make the environment better, which is idiotic, because, after all, the worst polluting country in the world right now is China, which is no shortage of government. now, what people normally use to talk about why the the environment is better is they talk about C standards. this would be the, the corporate average fuel economy standards that the government has increase the standard for production of cars. they have to produce more fuel efficient cars. what people forget is the reason the government had to do that in the first place is because government subsidized gas and oil. government made it cheap so that people would buy cars in the first place, and then, because gas was cheap, they had to create another program to mandate that the car manufacturers not take advantage of the cheap gas, but they make fuel efficient gas. now there's a very easy way to solve the problem of non-fuel efficiency, and that is: let gas go to its normal price. if gas is at its normal price, then scarcity means the prices go up and then people will want more fuel efficient cars to save money. but according",0.81,"[-3.49123068e-02  6.17864281e-02  7.22316876e-02  4.82441783e-02
  8.33590701e-02 -3.53092491e-03 -1.38685973e-02  4.35510539e-02
 -7.32998550e-02 -5.19993231e-02 -8.08364060e-03 -1.01362895e-02
  1.54550113e-02 -2.03634449e-03 -4.75246683e-02  2.12236401e-02
  2.37642694e-02  3.73784974e-02 -9.01960209e-02  1.92032624e-02
 -4.99635302e-02 -2.25100219e-02  2.59254314e-02  4.28086780e-02
 -9.48546454e-02 -3.60774808e-02 -4.40037549e-02  4.16511446e-02
 -1.92386415e-02  3.49357016e-02  1.79435164e-02  7.40435869e-02
  6.47109970e-02  1.27701845e-03  9.65817720e-02  3.24159302e-02
  3.06703150e-02  4.30079587e-02  8.76155589e-03  3.30964662e-03
 -2.71932501e-02 -6.28005415e-02  1.79479495e-02 -2.76549272e-02
 -7.47785494e-02  1.38542624e-02  4.54189675e-03 -6.57854602e-02
 -3.54011804e-02 -1.78141862e-01 -1.97656639e-02  4.55579311e-02
 -1.11798614e-01 -1.13444403e-01  3.31031568e-02  3.19786277e-03
 -5.60351741e-03  1.38999401e-02  4.77605453e-03 -4.03991491e-02
  5.27120046e-02 -5.51375151e-02 -1.63354296e-02  2.16069408e-02
  4.33015339e-02  1.32984128e-02 -2.95867398e-02  1.05125554e-01
 -4.75717261e-02  3.22608859e-03 -2.67294366e-02  9.12909955e-03
  3.31390239e-02 -2.25976314e-02 -1.28666405e-02 -6.48569539e-02
  4.63426523e-02  6.20695353e-02  6.06613047e-02 -1.27924103e-02
  6.93134293e-02  1.96362641e-02 -4.02759612e-02 -1.62899829e-02
  3.07503380e-02 -5.85441291e-02 -7.32542276e-02 -8.61364231e-02
  7.60726184e-02  2.80204602e-02 -4.81828265e-02  4.78589162e-02
  2.24301424e-02  6.62472844e-02  4.51208837e-02  4.70784307e-02
  9.74970832e-02 -1.57262608e-02 -6.67689368e-02  2.31597610e-02
  2.81613367e-03  5.90708070e-02 -2.05766242e-02 -8.97246227e-02
  5.02487421e-02  1.77784637e-02  1.62500367e-02  6.89308345e-02
  5.99022731e-02  5.82570955e-03 -2.35498603e-02 -5.28374407e-03
 -3.49729136e-02 -7.31650963e-02  2.59485673e-02 -1.98329408e-02
  8.69301409e-02 -4.29174453e-02 -2.14751586e-02 -3.54436971e-03
 -4.39069085e-02 -2.71707140e-02 -2.26373784e-02  5.65168168e-03
  4.25529443e-02 -5.14513291e-02  1.67598426e-02  4.31375827e-33
 -3.34067084e-02  3.94364297e-02  8.31563249e-02 -8.13036487e-02
 -2.44323034e-02  4.64379452e-02 -5.84881268e-02 -8.94523636e-02
  2.50761714e-02 -2.76973154e-02 -2.00963765e-02 -9.98850074e-03
  6.44210540e-03  9.02180150e-02  6.75452948e-02 -4.70150895e-02
 -9.52863842e-02 -2.52665635e-02 -1.48743475e-02 -1.19131571e-02
  5.81351854e-02  5.85687859e-03  2.07832977e-02 -3.86254899e-02
  1.46650031e-01 -3.96366641e-02  6.45611659e-02  1.17929121e-02
  4.89500463e-02  7.14241108e-03  7.04448074e-02  1.05982952e-01
 -2.54557952e-02  5.69047814e-04  5.40427789e-02 -2.69925594e-02
  1.67881176e-02  9.28385630e-02 -4.95729297e-02  2.60856692e-02
  1.16221271e-02  6.09885231e-02 -1.30485808e-02 -5.63835613e-02
 -6.37338404e-03  1.19541874e-02  6.57334849e-02  5.70842326e-02
 -4.98516373e-02 -5.13968989e-02 -2.10834127e-02  4.76278067e-02
 -2.97928806e-02  1.14975460e-02  5.04262932e-03 -6.69488534e-02
  8.83310102e-03 -8.47490057e-02 -3.07088140e-02 -1.63278710e-02
 -2.74901148e-02  1.02571018e-01 -3.35442573e-02  1.49272326e-02
  1.60209055e-03 -7.45447399e-03 -9.18883160e-02 -1.47335911e-02
  3.92328342e-03 -9.32608359e-03  2.27336939e-02 -3.99827436e-02
 -5.14006279e-02 -3.17049921e-02  6.98943669e-03 -5.07915802e-02
 -6.82008266e-02 -1.12841558e-03 -6.90530315e-02 -3.34137939e-02
 -8.99569541e-02  1.19966245e-03  4.19686250e-02 -1.31367847e-01
 -9.20868665e-03 -6.49525225e-02 -3.99748459e-02  6.89225495e-02
  8.62690881e-02 -3.65466140e-02 -2.80824471e-02 -5.92051120e-03
  5.72260246e-02  5.69263706e-03 -4.85061072e-02 -5.79918016e-33
  1.86779015e-02  1.94491744e-02  6.52586222e-02 -6.00129412e-03
  1.10905161e-02 -4.56475355e-02 -4.60192636e-02 -9.08708647e-02
  2.92878170e-02 -2.46967953e-02 -4.43006605e-02  8.01203102e-02
  9.18929949e-02  1.61688775e-03  1.61803439e-02 -1.32893417e-02
  1.25893895e-02 -1.02266215e-03 -5.71565628e-02 -6.96781278e-02
  6.35922998e-02  2.69446708e-02 -9.16271359e-02  4.27935645e-02
 -1.50540158e-01  4.46687564e-02 -7.33053684e-02 -3.99327092e-02
  8.20783898e-02 -4.56683524e-02 -4.27576788e-02  1.07943423e-01
 -2.38749273e-02  1.75106879e-02 -4.31804322e-02  6.01767264e-02
 -4.63553891e-02 -7.76894093e-02 -6.97102472e-02  4.21793200e-03
  6.58579022e-02 -8.91152248e-02 -2.69487537e-02 -5.44482544e-02
 -9.03740618e-03  2.62634661e-02  4.14077379e-02 -4.28886153e-02
  3.40467766e-02  3.76921371e-02  5.72697856e-02 -4.58456911e-02
 -1.78659875e-02  3.44516635e-02  1.23624457e-02 -5.38538806e-02
  5.57603203e-02  3.17993276e-02  1.43314395e-02  1.16608646e-02
  8.29954743e-02  7.56748393e-03 -9.09596588e-03  2.01362651e-02
  4.09170724e-02 -2.14864165e-02 -3.84952500e-02  1.04707349e-02
  1.58125475e-01 -7.99316913e-02 -1.01158015e-01  2.16473769e-02
 -1.20975502e-01  1.36071292e-03 -4.72548977e-02  3.61807570e-02
  3.01055796e-03  3.22434194e-02 -9.77464486e-04  2.93609668e-02
  2.13132855e-02  2.62023769e-02  7.39174038e-02 -3.95026244e-02
  7.37721194e-03 -4.19732295e-02 -4.45332155e-02 -1.27945721e-01
  6.21764213e-02  1.22130722e-01 -7.49120712e-02 -2.04512645e-02
 -4.42740768e-02  8.65012556e-02 -3.58937755e-02 -6.05597137e-08
 -6.16092421e-03 -7.08829388e-02  2.57929228e-02  3.90694216e-02
 -1.01678438e-01  9.93690081e-03  2.95694219e-04  3.06574795e-02
  2.17635389e-02  8.00903216e-02  4.02337760e-02  4.81781662e-02
  3.54458094e-02  3.32620889e-02 -5.88468984e-02 -2.18924787e-02
 -5.42160077e-03  5.57726882e-02 -2.27383431e-03  1.19622042e-02
 -1.47570879e-03  2.81086043e-02 -6.16541170e-02  1.66358296e-02
  5.63899763e-02 -3.73532437e-02 -1.54530723e-02  2.51867082e-02
 -9.04345303e-04  1.31897014e-02  2.88203545e-02 -1.06691534e-03
  2.80206148e-02 -3.83960409e-03 -2.62125372e-03 -6.98447675e-02
 -1.05422428e-02 -1.33272158e-02  2.82082614e-03 -1.09077815e-03
  3.04969475e-02  8.14950541e-02 -6.63573146e-02 -2.97967121e-02
  4.84717488e-02 -9.28409025e-02 -1.93916447e-02 -1.34874438e-03
 -5.21126715e-03  6.09792545e-02  2.59873215e-02 -6.63591325e-02
 -6.15497772e-03 -4.42453995e-02  9.43796560e-02 -5.32792918e-02
 -6.65024146e-02  9.86269116e-02 -2.24354565e-02 -3.12847160e-02
 -3.50017026e-02  2.07729749e-02  1.65070407e-02  3.25527601e-02]",True,False
Ben Shapiro VS Climate Change,Ben Shapiro,conservative,"for climate change or that it is too Li lied? if the argument is we are not 100% sure climate change is happening, wouldn't it still be prudent to air on the side of caution and take necessary steps, just in case? can you give a more detailed defense of your position? okay, so there's a great article at Daily wire. you can search for it. it was written by a climate scientist debunking all of the various myths about climate change. here's the short answer to your question. number one: 97% of scientists do not agree with certainty that the world is going to warm to the point where it's actually dangerous. plus, 97% of scientists includes people who have nothing to do with climate. me asked my wife: she's a scientist, she's a doctor. does she know anything about climate, climatology? no, she doesn't know anything. she's a family physician. okay, so scientists are not all in the same field. number two: there's one thing we agree on. there's something called a greenhouse effect. that exists. okay, if you put carbon into the atmosphere, it warms the Earth, no question. the question is: how much does it warm the Earth? does the Earth have patterns that that cool it? meaning, they've been saying now that the oceans might be absorbing some of the some of the emissions, so that that's preventing all of this from happening. how much does it matter? how much of this is due to?",0.999,"[-4.79041319e-03  7.55035356e-02  9.19039175e-02  6.79518282e-02
  7.54143447e-02  3.62288803e-02 -1.05904397e-02  2.43308805e-02
  2.56971568e-02  1.20732471e-01 -7.43914098e-02 -4.30106111e-02
  1.84643716e-02 -5.49788726e-03 -1.35634989e-02  1.41992569e-02
 -1.53502360e-01 -1.54003110e-02 -5.49358800e-02  3.70149538e-02
 -7.51864612e-02  2.45670285e-02  2.14991439e-02  6.19893596e-02
 -7.47196749e-02 -6.11294731e-02 -3.09383776e-02  2.30370797e-02
 -1.53061718e-01  9.68334749e-02 -3.44543606e-02  8.72584209e-02
 -4.02750671e-02  7.34379664e-02  2.49841288e-02  3.26166935e-02
  1.83178727e-02  1.83070786e-02 -2.52646599e-02  3.06245554e-02
 -1.35029266e-02 -5.80245182e-02 -1.58058796e-02 -2.12517250e-02
 -4.17704806e-02  3.96100692e-02  8.35027720e-04 -3.68540399e-02
 -5.57117499e-02 -4.15923968e-02 -3.99723314e-02  3.64249549e-03
 -1.73333995e-02 -5.92737533e-02 -6.90146834e-02 -2.75888108e-02
  5.87237440e-02  1.65727567e-02  3.40084098e-02 -2.48344033e-03
  7.51514733e-02 -4.77494448e-02 -6.19988665e-02  8.72412883e-03
  6.24899901e-02  5.18126599e-02  1.38590932e-02  1.95406899e-02
  4.81725717e-03  2.64650341e-02 -1.07561341e-02  7.56352022e-02
  3.62163708e-02 -2.52322424e-02 -1.60665028e-02 -3.27835418e-02
  2.92794015e-02  5.88878356e-02  1.34990513e-01 -1.48227867e-02
  1.55221432e-01  1.62830018e-02  3.14749256e-02 -5.41327484e-02
 -5.33484928e-02 -5.05899526e-02 -1.36096906e-02 -3.08272918e-03
  5.04289474e-03 -2.50880178e-02 -6.98445365e-02 -6.29961938e-02
  7.73492530e-02  8.43643472e-02  2.08635014e-02  1.52968556e-01
  3.80632840e-02 -4.96454723e-03 -4.97838147e-02 -4.16622981e-02
  1.10508818e-02 -1.25349518e-02 -6.63855970e-02 -6.30151406e-02
  2.53808405e-02 -4.12701815e-02  1.20905517e-02 -6.05220459e-02
 -5.53674344e-03  2.98447106e-02 -4.25287001e-02  7.85869882e-02
 -2.59226430e-02  5.74935169e-04  2.42920388e-02 -1.02214916e-02
  6.57228231e-02  3.33439857e-02 -6.16577864e-02 -1.38152521e-02
 -4.80085686e-02  1.76990610e-02  2.08336730e-02  4.56974432e-02
  1.59005504e-02 -8.21938962e-02  2.92038377e-02  2.74298907e-33
  7.73014352e-02  6.29190654e-02  1.46998260e-02  1.06738079e-02
 -1.87362556e-03  5.41302525e-02 -1.79847423e-02 -2.09144540e-02
  5.15548978e-03 -1.44978249e-02 -1.92652959e-02  2.57787731e-04
  3.79748642e-02  6.74516186e-02  2.36846600e-03  5.55672646e-02
 -7.93927908e-02  5.12035564e-03 -4.90972325e-02 -9.28877015e-03
  8.74502305e-03  7.76010193e-03  7.20420778e-02  4.15475443e-02
 -4.81868610e-02 -4.85195294e-02  2.11266074e-02 -1.14214551e-02
  2.74388008e-02 -9.98089276e-03 -1.74976494e-02 -5.93911782e-02
 -1.69024300e-02  8.14331975e-03  3.69060859e-02 -9.31352600e-02
 -7.19120875e-02  3.03022470e-02  1.31250499e-02  7.38500580e-02
 -7.44480174e-03 -4.46059089e-03 -3.51295248e-02 -2.22304408e-02
  1.50631115e-01  2.78375763e-02  1.84373166e-02 -2.87349941e-03
 -1.20795786e-01  1.81903634e-02 -5.58633804e-02  7.84718320e-02
  6.04903102e-02  1.03194183e-02  4.71891575e-02  4.71263332e-03
  7.97191635e-02 -2.08622217e-02 -3.31603475e-02 -8.51482898e-02
  4.14254628e-02 -7.64538720e-03 -5.61531857e-02  4.12411336e-03
  2.81823240e-02  5.42986691e-02 -3.31912264e-02 -1.85439792e-02
 -3.87814529e-02 -2.90322136e-02  1.72102880e-02 -1.87520944e-02
 -7.26080611e-02 -5.83206723e-03 -3.97047028e-02  1.02046132e-02
 -2.56691333e-02  7.72901103e-02 -3.58757637e-02 -2.28116028e-02
  6.29586205e-02 -2.53876317e-02  1.23192230e-02  2.56184652e-03
 -8.02647620e-02 -9.98606384e-02 -1.94594432e-02  9.18701738e-02
  1.72164366e-02  3.12955007e-02  2.73645613e-02 -6.48613721e-02
  6.47271723e-02 -6.03906531e-03 -6.52364045e-02 -3.64386645e-33
 -2.01420933e-02 -1.25403758e-02  2.27924734e-02  5.47308649e-04
 -5.13982065e-02 -5.74218407e-02 -5.30544519e-02 -6.81456998e-02
 -1.98325003e-03 -3.47414687e-02  3.66198756e-02  9.18448716e-02
  5.23387901e-02 -8.09828639e-02 -1.84354950e-02 -6.11056164e-02
 -2.18919176e-03  9.69168358e-03 -5.44206873e-02 -5.42968512e-02
  1.14579815e-02 -9.50450003e-02 -9.50971395e-02  2.06885021e-02
 -6.80695772e-02 -1.79904290e-02  4.41552512e-02  1.72386854e-03
  6.16519116e-02  1.75580140e-02 -1.07809976e-01  9.55786258e-02
 -7.39977229e-03  1.11195836e-02 -1.26209715e-03  2.09893845e-02
  3.89733426e-02 -1.32496431e-02 -3.79591435e-02  2.30836589e-02
 -1.51173575e-02 -3.14670987e-02 -7.76655823e-02 -1.16925247e-01
  7.41040241e-03 -5.79479262e-02  2.04350632e-02  2.82216258e-02
  3.30249369e-02  3.26720737e-02  6.81387484e-02 -1.62021667e-02
 -1.18679339e-02 -3.10309716e-02  8.34786445e-02  1.08096283e-02
 -1.27442051e-02 -6.83756638e-03 -3.29382494e-02  5.98703735e-02
  2.36330163e-02  2.12662201e-02  2.86546326e-03 -7.57722650e-03
 -4.80416864e-02 -5.10763712e-02 -8.60755816e-02 -1.72689538e-02
  6.62445724e-02 -3.04372841e-03 -1.82393175e-02 -6.81906752e-03
 -6.46219999e-02 -8.99981484e-02  1.53296003e-02  2.78000738e-02
  2.09416468e-02 -4.77915220e-02 -3.23761776e-02  7.39145428e-02
  2.44883224e-02 -8.21018666e-02  1.29830360e-01 -3.57883386e-02
  1.77729782e-02 -1.32314097e-02  3.35265137e-02 -7.34640658e-02
 -2.54065040e-02  6.35066926e-02 -7.60782212e-02 -2.34453883e-02
 -4.76684049e-02  6.88652601e-03 -7.27682235e-03 -5.76774219e-08
  5.89449219e-02  6.63762689e-02  8.69199559e-02 -2.26842053e-02
  1.39906416e-02 -2.64463499e-02  3.47601734e-02  1.39681436e-02
 -1.10458806e-02  3.52192931e-02  8.41060281e-02  9.13028345e-02
  8.19942206e-02  5.82240894e-02  1.08257411e-02 -1.30805196e-02
  4.69263643e-02 -7.94684812e-02 -3.34868692e-02  7.22354576e-02
  6.05266802e-02 -1.01977764e-02 -7.06524551e-02  3.57437395e-02
  1.02130555e-01 -6.28041625e-02  1.35518685e-02  8.44836757e-02
 -4.43060026e-02  8.49232264e-03 -4.87734489e-02 -9.48727354e-02
  5.69567159e-02  4.53968160e-02 -1.58618558e-02 -8.89595971e-02
  5.22969924e-02  4.03475314e-02 -2.08591577e-02  4.28757071e-02
  5.54259494e-02  1.16058119e-01 -3.40042636e-02  7.26270899e-02
 -3.10169272e-02 -7.43399486e-02  1.73287075e-02  1.89217534e-02
 -7.10361674e-02  5.22345677e-02  2.24820059e-02 -5.20059317e-02
 -3.69742177e-02  8.44841357e-03 -2.75180582e-02  5.07210307e-02
 -6.31023943e-02  2.00088080e-02  8.76691891e-04  5.32822348e-02
 -2.62667499e-02 -6.24575242e-02 -4.62679230e-02  3.63861374e-03]",True,True
Ben Shapiro VS Climate Change,Ben Shapiro,conservative,"Natural weather patterns. what level is is sophistic. what level is is certainly attributable to human behavior. and, most of all, even if you wanted to reverse this, what would it take? the problem is that when you say, wouldn't it be better to air on the side of caution, well, when you're talking about doing away with fossil fuels, which power pretty much everything, when you're talking about going back to 1850 standards of living, complete with 1850 lengths of life and and all the rest of it, no, I'm not willing to to on that, especially when you know everybody talks about the end. it's not the end of the world. okay, if if cities have to move, cities have to move. I mean, the fact is that Venice has been obviously sinking for the last couple of hundred years, more than that couple of thousand years. so you know that that happens it's. I'm not willing to sacrifice the well-being of all of Western Civilization on the 50/50 bet that the waters are going to rise a foot. I'm just not willing to.",0.999,"[-4.61682789e-02  8.65364820e-02  1.05296910e-01  6.18213452e-02
  3.38701196e-02 -1.85372233e-02 -1.07873477e-01 -3.22769992e-02
 -9.64871272e-02 -3.40646249e-03 -3.02180015e-02 -9.72352326e-02
 -7.99837057e-03  3.10964119e-02 -1.81636363e-02  5.99825457e-02
 -6.99486136e-02  1.02315079e-02 -1.08831162e-02  1.02316789e-01
 -1.58319790e-02 -9.34581738e-03  1.89952590e-02  2.79054604e-02
 -5.54700242e-03  4.43254225e-02  1.60125419e-02  3.22497301e-02
 -8.43328312e-02  4.39488254e-02 -1.04696276e-02  1.61966812e-02
  4.80288145e-04 -7.30058774e-02  3.24600637e-02  3.34679596e-02
 -2.07952224e-02  3.34404483e-02  5.46029210e-03 -8.47370829e-03
  5.51545769e-02 -5.92353940e-02 -2.64007263e-02  5.15387543e-02
 -6.14782684e-02 -5.21945134e-02  3.43821421e-02 -3.02393343e-02
 -4.28683758e-02 -2.49063019e-02  3.22954543e-02  6.68500140e-02
 -6.09047040e-02 -3.31735723e-02 -4.50010970e-02 -9.52463597e-03
  5.04354015e-02 -1.42566673e-02  5.82470112e-02 -5.80808632e-02
  6.15871400e-02 -2.04471517e-02 -1.07780851e-01 -4.18274151e-03
  4.70747016e-02  1.70087349e-02  8.83548753e-04  2.09520347e-02
 -2.59223040e-02  1.70301273e-02 -3.24415676e-02 -7.56553262e-02
 -3.59560596e-04 -3.35825048e-02  3.68913822e-02 -6.50526285e-02
 -3.37676285e-03 -8.02464504e-03 -1.96392555e-03 -4.10410278e-02
  1.01883568e-01 -4.66358066e-02  3.48705165e-02 -3.26356962e-02
 -7.80949667e-02  4.82738987e-02  4.05205525e-02  2.09604725e-02
  1.49409950e-01 -7.28533277e-03 -9.21596438e-02 -2.94529833e-02
  2.07135640e-02  5.01858220e-02  1.41586825e-01  1.27684698e-01
 -9.21589807e-02  3.02243959e-02  1.64669622e-02 -1.12714758e-02
  4.52190861e-02 -1.43534895e-02 -3.76802757e-02 -6.07375987e-02
  2.88741756e-02 -3.96386273e-02 -8.26658234e-02 -1.58194508e-02
 -5.81083223e-02 -1.49344094e-02 -2.65292116e-02 -3.78315486e-02
  9.88666993e-03  2.31864047e-03  3.36345285e-02 -2.69096368e-03
  2.68604625e-02  1.20117487e-02 -3.82627882e-02 -5.91343222e-03
  1.20892609e-02 -4.68898974e-02 -3.06457598e-02  9.32998359e-02
  5.54288290e-02  2.87539922e-02  5.27967438e-02  1.76603608e-34
  2.67706774e-02 -4.03097691e-03  4.96907718e-03  2.81823445e-02
 -2.62102578e-02 -2.55238321e-02 -6.22725189e-02 -3.87548469e-02
 -3.25662754e-02 -5.92182274e-04 -2.09209346e-03  4.95488346e-02
 -3.40397470e-02  1.81996543e-02  5.12170978e-02 -9.86956209e-02
  3.20765451e-02 -5.05023785e-02  5.39395586e-02 -1.05529785e-01
  5.61540434e-03 -3.36257704e-02 -4.61127702e-03 -1.32491484e-01
 -1.97390206e-02 -3.26196402e-02  7.11233681e-03  1.74022205e-02
 -1.77734308e-02 -3.14108096e-03 -2.29552519e-02  1.11764278e-02
 -1.14840968e-02 -4.86024171e-02  1.25380708e-02  1.15557509e-02
  4.63335291e-02  1.45166097e-02 -5.82084097e-02 -1.23431860e-02
 -1.29987761e-01  8.21150392e-02 -5.41809574e-02  5.93530163e-02
  1.16931617e-01  1.05708903e-02  1.42421186e-01  1.33206602e-02
 -1.80522934e-01  4.43047518e-03 -2.01361589e-02  4.01842222e-02
 -6.22531213e-02 -2.74148360e-02 -2.45155599e-02 -3.40764709e-02
  4.29756083e-02 -9.59297363e-03 -2.33266298e-02 -9.43088625e-03
  1.62661746e-02  2.19933148e-02  3.68761062e-03  2.84873080e-02
  1.05829509e-02  6.64169565e-02 -1.37279490e-02  8.59323815e-02
 -6.67272210e-02  2.65879612e-02  2.81076282e-02 -3.23685482e-02
 -6.36090932e-04  2.27518985e-03 -1.55560207e-02  7.26144761e-02
  5.40143661e-02  1.15061505e-02 -1.18899485e-02 -2.03650370e-02
  2.42001396e-02  2.44365167e-02 -5.14026247e-02  2.87505193e-03
  1.10546388e-01 -5.23167625e-02 -3.48227024e-02 -3.43859755e-02
  6.67338744e-02 -7.51559343e-03 -7.55150914e-02 -1.86386053e-02
  1.06481425e-01  1.11905159e-02 -5.04102036e-02 -1.02533918e-33
  2.43843365e-02  2.12259628e-02 -2.41672490e-02  8.57793819e-03
 -1.01666845e-01 -5.90420254e-02 -1.00144409e-02 -4.42603528e-02
  3.98505703e-02 -1.03273476e-03 -8.80079046e-02  1.77460648e-02
  1.40167415e-01 -3.59631218e-02 -5.36275394e-02  1.26157850e-02
  1.80482399e-02 -1.61763225e-02 -5.05105890e-02 -5.43512851e-02
 -1.69565435e-02  9.40147322e-03 -1.81005284e-01  2.97507104e-02
 -6.26654997e-02  7.34386072e-02 -5.86335659e-02 -3.96296047e-02
 -8.08927882e-03 -4.47684294e-03 -9.19240117e-02  5.68636879e-02
  2.63417959e-02 -8.28059465e-02 -5.33156507e-02  7.88831264e-02
  6.06654622e-02  1.18864663e-02  4.40673679e-02  2.79370528e-02
 -4.52366136e-02 -1.44050866e-02  1.14587052e-02 -8.83252248e-02
  6.49285167e-02  2.24308800e-02  5.95963411e-02  2.72404915e-03
 -3.70879727e-03  1.13934902e-02  2.06140857e-02  6.14815727e-02
 -3.07225715e-03  2.82815155e-02  1.90523919e-02 -1.99358650e-02
  5.85195906e-02  7.31330663e-02 -7.66506866e-02 -3.85186821e-02
  1.09920511e-02  2.55505238e-02  5.16223982e-02  3.44167911e-02
  2.27903742e-02  3.00368927e-02 -2.59686615e-02 -1.41436961e-02
  2.53030509e-02 -9.60511807e-03 -4.28733416e-02 -9.66973230e-03
 -1.00329503e-01 -9.22682136e-03  8.00956786e-02 -9.19453520e-03
  4.31260876e-02  5.25553375e-02 -4.65074927e-03  5.51602878e-02
  3.48213799e-02 -1.19793741e-02  3.88030037e-02 -4.16580327e-02
  4.92463224e-02 -4.58486229e-02 -7.10479841e-02 -1.09385930e-01
  9.13429335e-02  5.06503470e-02 -5.02488948e-02 -5.90451583e-02
 -1.33537967e-02 -2.94166803e-03  1.07182963e-02 -6.26221635e-08
  4.25875112e-02  5.52799590e-02  8.44122171e-02  6.98552802e-02
  1.71369854e-02  1.61874406e-02  1.86246205e-02  6.26865923e-02
  3.74587364e-02 -3.06948200e-02  2.50352249e-02  3.90074551e-02
  6.14475496e-02  7.19549954e-02  1.20641356e-02  3.39100026e-02
  3.90247479e-02 -1.04336850e-01 -2.98287310e-02  2.19984334e-02
  7.08226487e-02  1.73063092e-02 -3.13990489e-02  4.35022259e-04
  2.07310840e-02 -6.60923421e-02 -1.81772541e-02  1.65444389e-02
 -1.33266775e-02  5.25024794e-02 -9.94146056e-03 -7.73500577e-02
 -9.90608260e-02  1.83822624e-02  3.56645137e-02  1.02270371e-03
  8.28048680e-03  5.68098649e-02 -1.40391449e-02  1.40918223e-02
 -1.37780486e-02  3.89746167e-02 -1.10555450e-02  7.13896230e-02
  4.69339825e-02 -1.38973035e-02 -2.57833935e-02 -5.10626100e-03
  4.96348972e-03  2.27062348e-02  2.57659163e-02 -3.97053659e-02
  4.37207185e-02  3.23220491e-02  9.08832252e-02  4.79776505e-03
 -7.56767392e-02  1.03819042e-01 -9.42073315e-02  3.32694128e-02
  1.18836882e-02 -7.20451260e-03 -1.27484530e-01 -1.96310803e-02]",True,True
Ben Shapiro on climate change | Lex Fridman Podcast Clips,Ben Shapiro,conservative,"let me ask you about climate change. there's a let's go from the meme to the, to the profound philosophy. okay, the meme was- there's a clip of you talking about climate change and saying that- the Aquaman meme. uh, you said that for the sake of argument. if the water level arises five to ten feet in the next hundred years, people will just sell their homes and move. and then the meme was: sell to who? uh, can you argue both sides of that? the argument that they're making is a straw man. the argument that I'm making is over time. I don't mean that if a tsunami is about to hit your house, you can list it on eBay. that's not. that's not what I mean, obviously. what I mean is that human beings have an extraordinary ability to adapt- it's actually our best quality- and that as water levels rise, real estate prices in those areas tends to fall. that over time, people tend to abandon those areas. they tend to leave, they tend to right now sell their houses and then they tend to move and eventually those houses will be worthless and you won't have anybody to sell to, but presumably not that many people will be living there by that point, which is one of the reasons why the price would be low because there's no demand. so it's over a hundred years. so all of these price Dynamics are very gradual, relative.",0.942,"[-2.63232552e-02  3.58419009e-02  1.08148500e-01  1.47152087e-02
  1.02400899e-01 -5.05299754e-02 -3.33182723e-03  7.05506355e-02
 -1.96299981e-02  1.58915035e-02 -3.16214450e-02 -3.31876092e-02
  1.39549468e-03  4.43102606e-02 -2.05394309e-02  8.97701308e-02
 -1.25191003e-01 -4.58954722e-02 -4.42235395e-02  2.62336470e-02
  3.38790640e-02  5.23474477e-02 -7.20566884e-02 -4.26007761e-03
 -9.74272937e-02 -1.06258318e-02 -1.91828422e-02  4.12504897e-02
 -6.23737238e-02  6.41946197e-02  5.65908104e-02  4.36698981e-02
 -5.08153960e-02  1.34342806e-02  2.95964386e-02  5.67405187e-02
  6.09712638e-02 -1.15923490e-02 -1.62810776e-02 -1.13556907e-02
  2.26166248e-02 -8.52613524e-02 -3.49248499e-02 -4.79335263e-02
  9.10312962e-03  6.65185302e-02  2.19214596e-02  1.56809594e-02
  1.28154866e-02 -3.19614261e-02 -6.29923865e-02 -1.56490621e-03
 -5.99494539e-02 -3.69466618e-02 -2.19502915e-02 -3.37679544e-03
  2.34551495e-03  5.75779229e-02  3.69942822e-02 -4.42580730e-02
  1.28134698e-01 -2.42540184e-02  1.21020935e-02  2.73566488e-02
  6.13793619e-02  4.72573191e-03  3.25837475e-03  9.08218101e-02
 -1.01049423e-01  5.88954315e-02  1.27858985e-02  4.27816212e-02
 -3.41118919e-03 -2.14610565e-02  6.34385720e-02 -8.91303420e-02
 -1.78095773e-02  1.36526383e-03  3.01051363e-02  3.40406671e-02
  5.24189770e-02 -7.07228705e-02 -1.89385982e-03 -1.36792168e-01
  1.81536097e-03 -6.41017221e-04  3.57750952e-02  1.10621369e-02
  5.60395531e-02 -1.39916840e-03 -3.23167108e-02 -8.48455727e-02
  3.37938815e-02  7.12403655e-02  6.92764223e-02  8.59408751e-02
 -4.21799198e-02 -1.75236762e-02 -8.91406182e-03  6.30024076e-02
 -4.54651006e-03  7.44484225e-03 -1.47932107e-02 -9.11973566e-02
  5.41920029e-02 -5.86399771e-02 -5.49744517e-02  3.77022065e-02
 -3.11576128e-02  3.97237903e-03 -7.75972754e-02 -3.16045769e-02
 -2.72627138e-02  1.26879113e-02  4.90065441e-02 -1.49672013e-02
  4.54167947e-02 -3.78452875e-02 -8.18462140e-05 -6.62100911e-02
  2.05765609e-02 -2.96288915e-02 -6.71244264e-02  4.58209142e-02
  6.62210956e-02  3.44034743e-05 -3.10021285e-02  4.01405607e-34
  3.58237363e-02  3.20622185e-03  8.98144580e-03  4.95434552e-02
 -2.42769327e-02  2.06090556e-03 -1.17245086e-01 -2.92063095e-02
  3.61081213e-02 -5.22525534e-02 -4.79476489e-02  9.15477332e-03
 -5.49308471e-02  7.55601376e-02  5.75596802e-02 -5.30270375e-02
 -8.21488649e-02 -5.01489192e-02  3.69104594e-02 -4.25677747e-02
  4.93433923e-02  2.86935898e-03 -4.30813767e-02 -4.48514661e-03
 -8.54637176e-02 -5.76647706e-02  4.00484465e-02  2.03765240e-02
  9.62168910e-03  4.19693626e-03 -6.12393580e-02 -1.51479908e-03
 -1.13196438e-02  9.78027936e-03 -4.35632952e-02 -3.14921848e-02
  9.55455378e-03 -1.60227213e-02  3.85927560e-04 -2.52689235e-02
 -1.00960657e-01  4.15045992e-02 -3.13566215e-02  6.68423343e-03
  1.21528693e-01  1.88719649e-02  8.46857801e-02  1.32395336e-02
 -1.35776192e-01 -1.77143216e-02  6.62754464e-04  7.66525716e-02
  1.95789635e-02 -4.74296361e-02 -1.55445375e-02 -8.78611580e-02
 -2.26292815e-02 -1.98892057e-02 -7.22091049e-02 -4.32460830e-02
 -2.75737997e-02 -3.53221111e-02 -1.92335642e-06  9.21695605e-02
  1.87225491e-02  2.31830981e-02  7.48598576e-02  4.67145145e-02
 -4.67145117e-03  2.54777782e-02  5.01760319e-02 -1.17667774e-02
 -5.34467958e-02 -2.05643382e-02 -4.45511043e-02 -4.70863469e-02
  3.13273333e-02  6.97034299e-02 -3.33652496e-02  3.03217489e-02
  8.79219323e-02  3.41948643e-02  3.82115133e-02 -2.02996694e-02
  7.57485554e-02 -7.42993057e-02  5.98269850e-02 -4.45959419e-02
  1.15398169e-01 -2.26895250e-02 -6.84872642e-02 -1.76722612e-02
  7.46273771e-02 -2.91847009e-02 -3.01520508e-02 -2.41310017e-33
 -6.47125468e-02 -2.73036882e-02 -3.60359028e-02  9.31522995e-02
 -2.17351932e-02 -3.86781874e-03  1.05212461e-02  2.91770808e-02
  3.16623859e-02 -9.50669497e-02 -1.04918808e-01  1.75521113e-02
  6.89890236e-02 -1.08412616e-02 -5.24029471e-02 -7.18272850e-02
  5.52486889e-02 -5.62260821e-02 -4.98452634e-02 -6.66258410e-02
  2.86812633e-02  5.07208752e-03 -2.57209726e-02 -4.34442831e-04
 -1.10405572e-01  9.47831664e-03  3.13313380e-02 -5.11346310e-02
  7.67031983e-02 -2.60081161e-02 -8.83621946e-02  6.41496330e-02
  1.78979486e-02 -3.12524326e-02 -2.58472972e-02  3.89793776e-02
 -5.04650315e-03 -4.07776944e-02 -6.36889935e-02  3.13210338e-02
  4.17942293e-02 -1.80821046e-02 -2.86699329e-02 -1.18822336e-01
 -3.87523472e-02  5.69522530e-02  3.58828641e-02  4.23712358e-02
  4.31736223e-02  5.15597966e-03  6.88451827e-02  3.31398495e-03
  4.69851047e-02 -6.75864443e-02  1.95970275e-02 -4.50552665e-02
  1.15903221e-01 -4.77075167e-02 -4.02119905e-02  7.16915056e-02
 -1.64911281e-02  1.99371874e-02 -4.55641374e-03 -2.57088207e-02
 -1.48823485e-02 -2.26109624e-02 -2.02190387e-03 -1.22421578e-01
 -1.56931244e-02 -6.33707095e-04  3.88483852e-02 -1.01966120e-01
 -1.00020014e-01 -6.96359128e-02  3.93537395e-02  2.47700699e-02
 -4.81930301e-02  7.15093836e-02 -2.87105441e-02 -6.03032969e-02
 -3.62376822e-03  2.28066817e-02  4.19414416e-02  1.07662762e-02
 -4.83085401e-03 -9.51564163e-02 -4.54141162e-02 -5.36874048e-02
  5.34370765e-02  8.09751675e-02 -2.72385068e-02 -7.70445028e-03
 -8.93777385e-02  1.17051946e-02 -2.58566253e-02 -6.02457320e-08
  7.20053911e-02  1.85357574e-02  7.51622245e-02  4.16012481e-02
  2.26681493e-02  8.90658982e-03  1.00196958e-01  4.86450717e-02
  8.89657289e-02  8.83090720e-02  5.28200567e-02  3.97302881e-02
 -4.43734601e-03  5.94366342e-02 -9.93779600e-02  5.95285036e-02
  3.25454958e-02 -1.32892266e-01 -2.30412614e-02  3.11804395e-02
 -1.47849061e-02  5.09104552e-03 -2.15781927e-02 -2.22026519e-02
  3.94994654e-02  1.50417872e-02 -1.40844882e-02  1.12152599e-01
 -1.65796168e-02 -4.39257473e-02 -2.35132482e-02 -9.02670436e-03
 -5.87171353e-02  1.77587513e-04 -2.89976634e-02  4.69573075e-03
  3.56283411e-02  1.12487853e-01 -3.64956781e-02 -1.62429456e-02
 -7.41897337e-03  6.84419945e-02  1.53021337e-02  3.08970530e-02
  2.00358331e-02 -7.05505461e-02 -7.01858550e-02  5.35849519e-02
 -3.05106547e-02  2.57031247e-02  1.56959109e-02 -6.15152679e-02
  2.62888726e-02 -3.60959694e-02 -2.01323554e-02  2.53304467e-03
 -5.47241159e-02  2.37374417e-02 -2.51146667e-02  3.94788682e-02
  6.00989871e-02 -2.29075011e-02 -3.68622281e-02  7.08038732e-02]",True,True
Ben Shapiro on climate change | Lex Fridman Podcast Clips,Ben Shapiro,conservative,"to the other price Dynamics correct. that's why the joke of it, of course, is that like I'm saying that tomorrow there's a tsunami on your Source step and you're like, oh, Bob will buy my house, Bob ain't gonna buy your house. like we all get that, but it's a funny man, I laughed at it. how is your view on climate change, the, the human um contribution to climate change, what we should do in terms of policy to respond to climate change? how has that changed over the years? I would say the truth is, for for years and years, I've believed that climate change was a reality and that anthropogenic climate change is a reality. uh, I don't argue with the ipcc estimates. I know climatologists at places like MIT or Caltech and they know this stuff better than I do. so you know the. the notion that climate change is just not happening or that human beings have not contributed to climate change, I find doubtful. the question is to what extents human beings are contributing to climate change. that 50, is it 70, is it 90? I think there's a little bit more play in the joints there, so it's not totally clear. the one thing I do know- and this I know with with factual accuracy- is that all of the measures that are currently being proposed are unworkable and will not happen. so when people say parent climate, Paris climate Accords, even",0.504,"[-2.81779021e-02  4.95763570e-02  1.04640447e-01  5.00350930e-02
  6.10408410e-02  3.45901586e-02  6.32791873e-03  4.05526534e-02
 -4.00671922e-03  7.13082850e-02 -2.03311052e-02 -1.09501950e-01
 -2.52804626e-02  2.41457839e-02  6.87506283e-03  1.03017641e-03
 -9.73959565e-02 -8.19644798e-03 -5.14271334e-02  4.84395474e-02
 -4.24604043e-02  9.80934408e-03 -1.45405121e-02  1.68781020e-02
 -5.24847619e-02  2.41183713e-02 -3.92555334e-02  4.05536629e-02
 -8.40656459e-02  7.48802871e-02 -6.22504205e-02  3.23414728e-02
 -2.30997205e-02  3.44120525e-02  2.20433678e-02 -2.46179383e-02
  2.35438384e-02  1.49657298e-02 -4.12660837e-02  5.82501702e-02
  1.28885880e-02 -8.85852501e-02 -7.84583837e-02 -4.52488661e-02
 -4.97548655e-02  4.39993031e-02  5.07610999e-02 -1.01895453e-02
 -5.92181161e-02 -1.31641515e-02 -6.29856065e-02  7.42869377e-02
 -2.08207890e-02 -4.18294333e-02 -5.06076254e-02 -5.25974557e-02
  4.52160500e-02 -5.94987683e-02  5.80612458e-02 -1.81159917e-02
  2.78975815e-02 -9.47991386e-02 -3.24793383e-02  1.69869121e-02
  9.41270292e-02 -1.07708592e-02  8.75033531e-03  2.23962832e-02
 -2.32916940e-02 -2.92385090e-02  1.46850497e-02  6.86846226e-02
 -4.14025085e-03 -1.43785337e-02  5.66563830e-02 -6.97449744e-02
  6.33810610e-02  8.07907432e-02  1.41885251e-01 -3.06699965e-02
  1.35705069e-01 -3.12791616e-02  2.02145427e-02 -6.85765296e-02
 -2.65301559e-02 -3.97956744e-02  1.42171765e-02  4.47567925e-02
  7.84819480e-03  8.73177033e-03 -2.05879435e-02 -8.37081522e-02
  5.28445691e-02  5.45204133e-02  4.49735075e-02  1.59278631e-01
 -5.49641177e-02 -3.71727608e-02  5.59946075e-02 -2.32760441e-02
  2.48681642e-02  1.99418562e-03 -4.51393723e-02 -1.21328659e-01
  4.88139316e-03 -3.56029049e-02 -9.36835036e-02 -2.17377441e-03
 -2.75305435e-02  1.62575450e-02 -1.12797551e-01 -2.55969912e-02
 -6.50106072e-02  3.58308293e-02  4.93198298e-02 -5.39088361e-02
  3.13722230e-02 -4.82950434e-02 -3.12448065e-05 -7.88984448e-02
 -5.90372737e-03 -5.12914620e-02  1.53072849e-02  8.41575265e-02
  2.68525295e-02 -2.91172229e-02 -1.58929117e-02 -1.51551179e-33
  2.67630257e-02  1.20856725e-02  6.08750945e-03 -3.68067808e-02
 -3.61213982e-02  2.13479809e-02 -8.85173678e-02  2.42564045e-02
 -1.99291739e-04 -4.14666831e-02  3.87913138e-02  6.35247724e-03
  2.87580211e-03  1.17202841e-01  1.95258837e-02 -2.98448652e-02
 -7.94754997e-02  1.23549614e-03  1.15578976e-02  2.63633151e-02
 -4.16020339e-05  9.22582597e-02  5.22508323e-02  7.27482811e-02
  5.57198050e-03 -5.35883680e-02 -1.61471833e-02  4.22780439e-02
  3.01632397e-02 -1.99338365e-02  1.74731389e-02  1.89575907e-02
 -2.72008851e-02 -4.87674996e-02 -3.11396252e-02 -8.33705440e-02
 -4.76024346e-03  5.58455708e-03 -8.23166296e-02  2.34138332e-02
 -6.86420277e-02  4.36979607e-02 -4.00044248e-02 -2.87440158e-02
  4.39923294e-02  2.73849107e-02  8.41418654e-02  1.84729975e-02
 -1.36450604e-01 -9.33658425e-03 -6.49708882e-02  1.15880750e-01
 -3.34790163e-02 -4.27793264e-02 -1.14804255e-02 -1.21780120e-01
 -1.30902873e-02 -3.41678038e-02 -4.98979725e-02 -5.89593500e-02
  8.12522415e-03 -1.05554834e-02  4.60205860e-02  3.49081717e-02
  1.31143425e-02  1.07491493e-01 -5.52200014e-04 -1.21742685e-03
 -7.74457753e-02  7.73985172e-03  5.14335968e-02  6.18142891e-04
 -1.18844886e-03  4.51841019e-02 -1.51829068e-02  4.75189369e-03
 -4.20609377e-02  3.77633311e-02 -1.39886094e-02  5.28960712e-02
 -8.76726490e-03  2.00838726e-02  7.29603618e-02 -1.90876946e-02
 -2.63040103e-02 -1.11085810e-01  1.54354097e-02  3.24202999e-02
  8.21934342e-02 -2.70266067e-02  1.73679404e-02 -1.33785801e-02
  3.41971368e-02  3.84525359e-02  1.94987599e-02 -2.24800915e-33
 -3.44745852e-02  4.93784212e-02 -2.71940827e-02  1.72140617e-02
 -4.33216505e-02 -3.89638692e-02 -2.36139912e-02  1.15744127e-02
  4.73778248e-02 -6.47636577e-02 -1.70099773e-02  7.65360594e-02
  7.19982684e-02  1.36025334e-02 -3.67432572e-02 -8.17275196e-02
  1.22085242e-02 -2.27749944e-02 -3.72766852e-02 -6.06334135e-02
 -9.40326788e-03 -3.79611030e-02 -1.41701661e-02  5.68575412e-02
 -6.03675619e-02  1.63990650e-02  3.81241888e-02  1.05530843e-02
  5.18169515e-02  1.75682940e-02 -1.02241859e-01  9.76934657e-02
 -4.84424420e-02 -7.46796140e-03 -3.87271270e-02  2.57962011e-02
 -2.36543678e-02 -4.43329923e-02  4.79736738e-03 -1.08664315e-02
  2.20981613e-02 -2.84481850e-02 -1.75662339e-02 -9.39803049e-02
  4.29531224e-02 -4.96550314e-02  1.96801051e-02 -1.45261222e-03
  4.22619842e-02  8.58920906e-03  8.95104259e-02  5.74655943e-02
 -2.91845147e-02 -7.83976614e-02 -3.30903642e-02  1.52830360e-02
  2.41644401e-02 -1.27060395e-02  2.15010196e-02  1.97372842e-03
 -3.39600407e-02  6.84466809e-02  1.73378419e-02  6.80569336e-02
 -4.56836782e-02  8.07981938e-03  1.87986775e-03 -1.33594975e-01
  3.05687115e-02 -5.02157174e-02  1.05335033e-02 -1.06136516e-01
 -6.77662417e-02 -7.52053559e-02  7.41742775e-02  1.23534529e-02
 -3.52758891e-03  1.29879676e-02  2.30561406e-03  3.92292067e-02
 -8.44310690e-03  6.13622088e-03  3.89922485e-02 -2.42600814e-02
  3.47230025e-03 -6.57460615e-02 -2.82082483e-02 -5.49132489e-02
 -4.19879295e-02  1.44639254e-01 -8.23521689e-02 -1.43795516e-02
 -5.80655970e-02  5.11416197e-02 -1.64052267e-02 -5.79649431e-08
  4.00464721e-02  3.21237817e-02  5.75028695e-02  7.30184466e-02
  4.90647629e-02  9.47256852e-03  3.32751870e-02  1.11750923e-02
 -4.37747221e-03  9.19935629e-02  1.05433799e-01  1.18696943e-01
  7.63699040e-02  7.47694150e-02 -8.61600339e-02 -2.13385653e-02
  5.43074869e-02 -6.87224790e-02 -2.37422660e-02 -5.98310726e-04
  3.11420057e-02  6.25359938e-02 -7.02980300e-03  3.86958905e-02
  2.58329231e-02  1.89114939e-02  6.75130915e-03  7.59150162e-02
 -3.51621881e-02  8.68292619e-03 -3.92739661e-02 -5.53178340e-02
 -2.80674193e-02 -1.70325991e-02  4.90536913e-02 -6.86154664e-02
  1.49693396e-02  4.26107012e-02  1.71771497e-02 -1.51063977e-02
  2.72552595e-02  5.37903942e-02 -6.17543086e-02  4.99236472e-02
  5.40408976e-02 -5.25889024e-02 -1.18955798e-01  1.80219095e-02
 -5.96701093e-02 -4.42019217e-02  6.13493845e-02 -1.25244614e-02
 -6.03739284e-02 -1.18062738e-02  7.26442086e-03 -4.02022637e-02
 -7.25793839e-02  8.97200126e-03 -1.35779586e-02  6.01192974e-02
  5.67549421e-03 -1.06148653e-01 -1.06446870e-01  1.79397333e-02]",True,True
Ben Shapiro on climate change | Lex Fridman Podcast Clips,Ben Shapiro,conservative,"if those were imposed, you're talking about lowering the potential trajectory of climate change by a fraction of a degree if? if you're talking about the- if you're talking about you know Green New Deal: Net Zero by 2050.. the carbon is up there in the air and the climate change is going to happen. also, you're assuming that geopol, the geopolitical Dynamics don't exist, so everybody is going to magically get on the same page and we're all going to be imposing massive carbon taxes to get to Net Zero by 2050. I mean, like hundreds of times higher than they currently are. and that's not me saying that's Cloud Schwab saying this of the world economic Forum, who's a big advocate of exactly this sort of policy. and the reality is that we're going to have to accept that at least 1.5 degrees Celsius of climate change is baked into the cake by the end of the century. again, not me talking, William nordhaus, The Economist who just won the Nobel Prize in the stuff, talking. and so what that suggests to me is what we've always known: human beings are crap at mitigation and excellence in adaptation. right, we are. we are very bad at mitigating our own fault. we are very good adapting to the problems as they exist, which means that all of the estimates that billions will die, that there will be Mass starvation, that we will see the migration in just a few,",0.997,"[-4.89986390e-02  4.08045761e-02  7.31373355e-02  2.54641902e-02
  2.59974785e-02  3.74426842e-02 -6.83983117e-02  1.15283960e-02
  4.16418491e-03  7.08272681e-02  3.01029980e-02  3.44558805e-03
 -3.10831722e-02  4.30466570e-02  2.41782796e-02  3.02670635e-02
 -7.10565001e-02 -3.40685770e-02 -4.01505865e-02 -2.04997901e-02
  4.65835668e-02  1.81236062e-02 -2.47364249e-02  7.91891385e-03
 -2.15028729e-02 -6.25835881e-02 -5.33546954e-02 -5.32450899e-02
 -3.31596956e-02  1.41191781e-01 -3.12510766e-02  3.27433981e-02
 -3.33362408e-02  4.14744616e-02 -6.63170125e-03 -9.75400675e-03
  3.95886861e-02 -3.67877143e-03 -4.30866629e-02  1.66534334e-02
  1.48671102e-02 -4.83357273e-02 -5.49656115e-02 -8.28075316e-03
  2.13869615e-03  2.67849956e-02  2.25255992e-02 -2.22217124e-02
 -8.38545486e-02 -4.78767231e-02  1.22066839e-02  2.67449450e-02
 -2.11132001e-02 -5.35616949e-02  2.19734246e-03 -5.64126484e-02
  3.35274152e-02  2.17038188e-02  9.80364718e-03  8.77384096e-03
  7.49583216e-03 -1.24342576e-01 -4.07472998e-02 -2.76854145e-03
  7.54365027e-02 -2.91034151e-02  1.97411682e-02  1.88524334e-03
 -8.66092145e-02  1.17193028e-01 -3.79856266e-02 -5.88102601e-02
  1.62669886e-02 -4.88299094e-02  3.40951681e-02 -8.04279372e-02
 -2.59204842e-02  6.94722310e-02  1.11700781e-01 -2.04314627e-02
  1.18925132e-01 -5.03676943e-02  3.44295390e-02 -1.16032973e-01
 -7.22912252e-02 -3.18780751e-03  7.96851888e-03 -7.80643895e-02
  1.55240193e-01  1.19764050e-02 -5.08597717e-02 -6.85385764e-02
  5.52819818e-02  9.64079201e-02 -3.02982554e-02  3.66862342e-02
 -9.06214677e-03  5.02008805e-03  1.60185695e-02 -2.63017137e-02
  6.00399263e-02 -3.21031618e-03 -6.29517883e-02 -4.18826602e-02
 -1.93891488e-02 -7.16096461e-02 -2.79732756e-02 -3.27465236e-02
 -3.52659333e-03 -8.09770077e-03 -5.61797619e-02  2.23064385e-02
  5.56186121e-03 -4.27424572e-02 -2.28587780e-02 -1.10974433e-02
  7.99458697e-02 -7.94546772e-03  8.36863145e-02 -3.39342467e-02
 -3.04795709e-02  1.77397951e-02 -3.27298529e-02  5.18529564e-02
 -6.57979632e-03  5.68690225e-02 -3.73493396e-02  6.91424227e-35
  8.17748979e-02  7.90124908e-02  4.70148996e-02 -1.12969531e-02
 -1.31637743e-02  4.64172587e-02 -5.99283800e-02  1.75045971e-02
 -3.70018519e-02 -9.96634923e-03  1.51219899e-02 -1.52565530e-02
  3.95121053e-02  1.32181063e-01  6.30529374e-02 -7.06751421e-02
 -5.67585640e-02  2.53707170e-02  6.97836876e-02  1.11510986e-02
  1.48620317e-02  2.22482737e-02  8.33242536e-02  1.38613088e-02
  2.50238311e-02  1.66082848e-02  6.42443728e-03  3.35025322e-03
  2.28319727e-02 -6.72843540e-03 -6.50101341e-03  6.03429936e-02
 -3.62072326e-02 -3.05896867e-02 -2.00605746e-02  3.27157439e-03
 -1.26613593e-02  3.12325079e-02 -1.84482075e-02  5.58570735e-02
  2.44191792e-02  7.24306628e-02 -4.41577062e-02 -5.28208911e-02
  6.53669238e-02  1.49019817e-02  9.04413238e-02  7.15029985e-02
 -8.77045915e-02 -1.90040451e-02 -4.74925786e-02  1.06757060e-01
 -1.21717956e-02 -6.41895533e-02  3.09898029e-03 -7.99596757e-02
 -3.16470452e-02 -4.56579737e-02 -5.02336212e-02 -9.51414481e-02
  3.84699204e-03 -2.67110672e-02  2.18777498e-03  3.57509293e-02
  3.72808985e-02  9.72257853e-02 -4.92046662e-02  4.12815735e-02
 -4.96999435e-02 -1.08962348e-02  2.21646228e-03  1.78882352e-03
 -2.48729642e-02 -4.18448038e-02 -2.59420555e-02  2.94029415e-02
  6.51098341e-02 -3.55837255e-04 -3.48517187e-02 -1.50348544e-02
 -3.28880921e-02  6.13241605e-02  7.75152966e-02 -9.41981822e-02
 -3.56192440e-02 -9.48225558e-02  1.27859870e-02  9.12760198e-02
  1.20920956e-01 -5.49520552e-02 -3.14594060e-02 -7.83231184e-02
  3.91842239e-02  5.09528890e-02 -1.30413231e-02 -2.54225265e-33
 -2.75100092e-03  3.88884507e-02 -7.00212792e-02  2.32051518e-02
 -5.36810094e-03 -3.61729078e-02  4.31950539e-02 -6.99396208e-02
  7.18336971e-03 -5.26004545e-02  3.15955803e-02  2.14060061e-02
  8.15106183e-02  5.65925166e-02  1.54471435e-02 -5.80416173e-02
 -4.96815220e-02 -2.67621111e-02 -1.02132678e-01  3.96023225e-03
  2.56677978e-02 -4.88042831e-02 -7.74622485e-02  9.40415263e-02
 -2.37516351e-02  2.23978180e-02  1.42731695e-02  2.21922458e-03
  1.92379281e-02  1.67996716e-02 -1.20176256e-01  1.18751153e-01
 -6.31316751e-02 -1.37713542e-02  1.10668521e-02  5.48874475e-02
 -1.75670832e-02 -9.10170656e-03  1.53438491e-03  1.98157150e-02
  2.49318313e-03 -3.86926234e-02 -1.12128444e-01 -4.85621691e-02
  5.00737652e-02 -3.56342383e-02 -2.32578907e-02  4.38633300e-02
 -2.40934175e-03  5.03730774e-02  2.32870094e-02  3.77959460e-02
 -4.28812504e-02  3.90761867e-02 -1.27334818e-02 -2.77776551e-02
  2.44416087e-03  1.26710618e-02  3.77376340e-02  9.40824207e-03
 -5.93568124e-02  1.03661671e-01  3.65342246e-03  6.45115646e-03
  3.07947560e-03 -1.59617886e-02 -2.73128003e-02 -5.11830859e-02
  7.92720765e-02 -1.73450671e-02  5.04508789e-04  2.04617828e-02
 -6.89307153e-02 -7.09282309e-02 -7.12426612e-03  6.18841574e-02
  3.88656557e-02  6.22197893e-03 -6.13038354e-02  4.27751727e-02
  4.46543854e-04  3.27301696e-02  7.28550553e-02 -3.15617137e-02
  7.74342567e-02 -6.73727468e-02 -1.76227335e-02 -6.52963743e-02
 -1.90998390e-02  8.33047330e-02 -9.40071568e-02 -5.43756001e-02
 -5.96893802e-02  8.52547809e-02 -1.17830047e-02 -5.94183405e-08
  1.69335194e-02  4.29045483e-02  1.06992631e-03  3.81674469e-02
  4.17875461e-02  4.25384240e-03  2.62460974e-03  2.09527537e-02
  7.74768041e-03  2.86699031e-02  9.26231742e-02  1.44543514e-01
  1.04999244e-01  3.15230824e-02 -3.36575136e-02  1.08144432e-02
 -4.93120663e-02 -5.25286347e-02 -1.77751519e-02  2.82010473e-02
  2.93933731e-02  2.02462580e-02 -5.10735177e-02 -3.95987034e-02
  5.88708259e-02 -1.44384075e-02  3.55109163e-02  6.01136945e-02
 -2.04849578e-02 -3.84999556e-04 -9.15359408e-02 -2.84759458e-02
  4.48338203e-02 -2.98250746e-02  2.61455812e-02  1.23720802e-02
 -6.17900118e-03  1.26044914e-01 -1.07863080e-02 -4.56551090e-03
  6.15313300e-04  4.42730496e-04 -4.66373935e-02  8.51349905e-03
 -1.32105388e-02 -1.09725975e-01 -7.28355125e-02  2.89284661e-02
  3.72856855e-02  2.48433091e-02 -4.95067686e-02  3.91061716e-02
 -6.40559718e-02  3.33683155e-02  2.03601997e-02 -1.41454022e-02
 -1.08678333e-01 -2.37452276e-02 -1.45227239e-01  6.31392077e-02
 -4.74788435e-02 -1.26108363e-01 -6.54508993e-02 -3.36814411e-02]",False,False
Ben Shapiro on climate change | Lex Fridman Podcast Clips,Ben Shapiro,conservative,"years of hundreds of millions of people. those are wrong. what you'll see is a gradual change of living. people will move away from areas that are inundated on the coast. you will see people building sea walls. you'll see people adapting new technologies to stock carbon out of the air. you will see geoengineering, right that. this is the sort of stuff that we should be focused on and the sort of bizarre focus on what if we just keep tossing hundreds of billions of dollars at the same three Technologies over and over in the hopes that if we subsidize it, this will magically make it more efficient? I've seen no evidence whatsoever that that is. that is going to be the way that we get ourselves out of this necessity. being the mother of invention, I think human beings will adapt because we have adapted and we'll continue to adapt. so to the degree we invest in the, the thread of this it should be into the policies that help with the adaptation versus the mitigation. right: sea walls, geoengineering, developing technologies that carbon out of the air again. if I thought that there was more Sort of hope for the green technologies currently in play, Then subsidization of those Technologies I might be a little bit more for, but I haven't seen tremendous progress over the course of the last 30 years in the reliability of, for example, wind energy, uh or or the ability to",0.993,"[-5.49272038e-02  8.98687169e-03  8.78204927e-02 -2.43652351e-02
  7.15630651e-02 -4.04339172e-02 -3.25605199e-02 -3.01015526e-02
 -7.50352293e-02  6.94055250e-03 -6.34346828e-02 -2.72459891e-02
  1.71597581e-02  2.35717557e-02  3.05140540e-02  7.56099969e-02
 -7.51542598e-02 -4.31199260e-02 -6.14654124e-02 -2.45581996e-02
 -3.50054018e-02  3.45517024e-02 -8.15265439e-03 -8.54371767e-03
 -8.53671134e-02  1.31159946e-02 -7.39646181e-02 -6.37858286e-02
 -2.72059869e-02  4.78049926e-02  1.18661346e-02  8.61923620e-02
 -2.47790501e-03  1.00574177e-02  4.47562523e-02  3.64912339e-02
 -1.46186352e-02 -8.49970896e-03  1.13264201e-02  3.49958166e-02
 -7.13903010e-02 -1.13732539e-01 -4.99700755e-02  2.87740007e-02
 -2.45298445e-02 -2.55552749e-03  4.94537093e-02 -1.01430580e-01
 -3.17576900e-02 -6.10234439e-02  1.79814957e-02 -2.23537032e-02
 -5.68962395e-02 -5.56221902e-02  1.80988424e-02 -5.82488850e-02
  2.62985062e-02  1.71180554e-02  5.33804744e-02 -3.24662477e-02
  4.02814709e-02 -6.50681928e-02 -4.45827842e-03 -5.22656813e-02
  7.51764551e-02 -7.97829032e-03  3.23890299e-02  3.43209715e-03
 -3.71097699e-02  4.60386500e-02 -1.11635979e-02  1.29989581e-02
 -3.29932645e-02 -1.72328539e-02  2.34734658e-02 -2.41792500e-02
  3.59619074e-02  4.46355939e-02  9.61052775e-02 -5.32482155e-02
  1.19147204e-01  4.00633402e-02 -2.06203423e-02 -5.45054078e-02
 -1.26895569e-02 -1.17159896e-02 -8.25465992e-02 -2.19969954e-02
  5.25268614e-02 -2.80703753e-02 -9.35086161e-02 -7.77424201e-02
  1.66405793e-02  6.84689283e-02  1.15045370e-03  1.01938643e-01
 -4.50698659e-02  7.11991545e-03  5.24205854e-03 -9.60917771e-03
  3.91489826e-02  3.85572426e-02  5.49130933e-03 -7.84483477e-02
 -5.03831655e-02 -3.60452682e-02 -2.31820736e-02  3.68821993e-02
  3.30069959e-02 -2.59098923e-03 -2.93018166e-02  2.54750382e-02
 -1.39363641e-02  2.61766464e-02 -4.31532972e-02  3.12762298e-02
  7.46190697e-02 -8.43716636e-02  3.78821492e-02  4.65676524e-02
 -3.32680196e-02  9.14612692e-03 -1.70308892e-02  5.42243570e-02
  1.47460252e-02  1.82865243e-02 -2.28984468e-02  1.85895101e-33
 -1.35277817e-02  7.81610012e-02  3.94773558e-02  5.41770682e-02
 -3.32604051e-02 -3.28431055e-02 -1.37749584e-02  2.94021540e-03
  1.12582101e-02 -6.50373772e-02 -3.93990017e-02  6.21949509e-02
 -3.88457067e-02  1.12795971e-01  1.41401976e-01 -1.43368959e-01
 -2.16944721e-02 -5.58736026e-02  1.53844347e-02 -5.64978197e-02
  1.93880778e-02 -3.80041562e-02  6.89737797e-02 -2.10612658e-02
  7.29631186e-02 -7.83224329e-02  7.16895983e-02 -2.25622859e-03
 -2.88827289e-02  1.79410558e-02  1.39829582e-02  8.56415108e-02
 -7.75380731e-02  1.24655413e-02 -1.64413396e-02 -3.50967087e-02
  1.08525716e-02  1.52880847e-02 -1.07774893e-02  5.07016703e-02
 -5.19885607e-02  8.92886519e-02 -1.20712630e-02 -6.09811172e-02
  9.45029333e-02 -1.05342213e-02  1.18273795e-01  4.49824259e-02
 -6.99564442e-02 -4.94924299e-02  3.32123809e-03  7.02481568e-02
 -4.99901213e-02 -4.40603234e-02  5.60329445e-02 -5.16023114e-02
  5.44590764e-02 -7.60569945e-02  3.01776882e-02 -4.47725691e-02
 -7.03013539e-02 -3.19141746e-02  2.03725602e-02  9.99121889e-02
  4.10525575e-02  1.36971623e-01  7.80314207e-02  7.27239251e-02
 -7.42997378e-02  2.07289103e-02 -5.93549125e-02 -6.33044019e-02
 -1.58307385e-02 -1.62176918e-02 -7.86952674e-03  3.70539539e-02
  6.48275092e-02 -9.45592020e-03 -6.76499307e-02  3.10123675e-02
 -3.92393619e-02  1.04393147e-01 -1.88750401e-02 -2.37854775e-02
  4.59678359e-02 -7.41109848e-02  5.54142334e-02  1.39433295e-02
  6.49359152e-02  1.15563050e-02 -3.27444226e-02 -6.21174574e-02
  2.01351922e-02 -3.23660858e-03 -4.12488952e-02 -3.84084477e-33
  2.31495984e-02  8.27665720e-03 -2.86868587e-02 -9.48518515e-02
 -9.90818162e-03 -1.13456652e-01  3.74084078e-02 -5.61476052e-02
 -3.78337912e-02 -3.37208360e-02 -7.31064081e-02  3.59004885e-02
  1.30335614e-01  4.02076021e-02 -8.88932571e-02 -3.88364047e-02
 -5.37842847e-02 -1.25269406e-02 -4.79037538e-02 -4.19545732e-02
  5.05703017e-02 -6.69056475e-02 -4.75227535e-02  2.40462441e-02
 -4.98831645e-02  3.79477926e-02 -8.71133581e-02  1.36199861e-03
  7.57410973e-02  9.03318077e-03 -9.51086953e-02  6.07856326e-02
  1.83286387e-02 -1.39762154e-02  2.54775211e-02  3.18793654e-02
  5.77107891e-02  1.73345320e-02 -8.54581036e-03 -1.49298310e-02
  1.22111628e-03 -6.74168095e-02 -4.13331613e-02 -3.43682095e-02
  2.14822311e-03  3.98066938e-02 -8.96053948e-03 -2.10953367e-04
 -5.66337705e-02  1.96578838e-02  1.19118460e-01  8.08643103e-02
 -4.57093492e-02 -9.65193436e-02  7.55642541e-03  3.35142505e-03
  9.66331214e-02  3.74316536e-02 -3.66678461e-02  7.63580482e-03
 -3.69152776e-03  3.40604000e-02 -1.52734434e-02 -4.18519676e-02
  2.39966400e-02  6.69323513e-03  7.47135878e-02  1.73841026e-02
  2.89271981e-03 -2.75428146e-02 -3.36034107e-04 -4.54676561e-02
 -1.32531241e-01 -5.02028055e-02 -2.85902759e-03  2.02835035e-02
  1.94289647e-02  5.26392693e-03 -3.62833329e-02  6.44739121e-02
  2.53843609e-03 -8.58736970e-03  9.51245800e-02 -7.62648433e-02
  2.66655311e-02 -2.47273985e-02 -4.05328274e-02 -5.50873503e-02
  2.51569785e-02  2.01112609e-02 -1.17209122e-01 -7.98266679e-02
 -6.19305260e-02  4.16359156e-02 -2.67408267e-02 -5.61527287e-08
  1.41489459e-02  8.71641338e-02  5.77546917e-02  1.14624575e-02
  1.04122153e-02 -4.80741449e-02  7.18237320e-03  8.53235498e-02
  2.33118180e-02 -3.16471085e-02  4.00605835e-02  6.18533269e-02
  1.72742292e-01  6.01285137e-02  4.02022041e-02  2.89470591e-02
 -3.23797129e-02 -4.26608250e-02 -3.19493935e-02  2.25758199e-02
  9.61645320e-02  5.10736853e-02 -7.97194988e-02  7.54396757e-03
  9.51484963e-03 -3.63829881e-02 -3.90497148e-02  8.22039135e-03
 -3.25036086e-02  2.59244442e-02  4.11688797e-02 -4.15475033e-02
 -3.04631260e-03  3.25886905e-02 -1.18365586e-02 -9.24773663e-02
 -4.00251243e-03 -2.15457492e-02 -1.43959103e-02 -3.45319510e-03
  2.05400609e-03  2.93687917e-02 -3.91194820e-02  4.42130975e-02
 -1.23367168e-03 -4.55075577e-02 -6.56621680e-02  6.83581783e-03
  6.45602401e-03  4.84239450e-03 -1.12778340e-02 -2.36344282e-02
  4.08649864e-03  2.51885410e-02  1.00434288e-01  4.65846173e-02
 -3.81424762e-02  1.17281056e-03 -5.71008921e-02  2.50124652e-02
 -1.93216112e-02 -8.48124474e-02 -1.49946641e-02  2.81599760e-02]",True,False
Ben Shapiro on climate change | Lex Fridman Podcast Clips,Ben Shapiro,conservative,"store solar energy to the extent necessary to actually power a grid. what's your thoughts on nuclear energy? is nuclear? nuclear energy is a proven source of energy and we should be radically extending the the use of nuclear energy. it's one one to me that, honestly, this is like a litmus test question as to whether you take climate change seriously. if you're on right or left and you take climate change seriously, you should be in favor of nuclear energy. if you're not, I know that you're just, you have other priorities. yeah, the fascinating thing about the climate change debate is the Dynamics of the fear-mongering over the past few decades because, uh, some of the nuclear energy was tied up into that. somehow there's a lot of fear about nuclear energy. it seems like there's a lot of social phenomena, social dynamics involved versus dealing with just science. it's interesting to watch and if, on my darker days, it makes me cynical about our ability to use reason and science to uh to deal with the threats of the world, I think that our ability to use reason in science to deal with threats of the world is almost a time frame question. so I think that we're again, we're very bad at looking down the road and saying: you know, because people can't handle, for example, even things like compound interest. yeah right, like the idea that if I put a dollar in the bank,",0.969,"[-2.21175961e-02  9.76668075e-02 -3.35719786e-03  9.20590162e-02
  1.02410153e-01  3.01154684e-02 -1.34565961e-02  1.87219046e-02
  2.66656708e-02  3.44452858e-02 -4.56732810e-02 -2.92029511e-02
 -4.27001389e-03  3.26412059e-02  3.68719883e-02 -7.42834993e-03
 -4.13297340e-02 -6.38773888e-02 -3.89128588e-02  7.28439316e-02
 -7.83593953e-02 -1.74627770e-02  2.32943669e-02  1.63364096e-03
 -7.50070363e-02  2.65353243e-03  6.49519078e-03  9.05510224e-03
 -1.07325904e-01  8.58710632e-02 -3.05933505e-02  3.12929638e-02
 -3.92444804e-02 -1.70204695e-02  4.88644727e-02  4.83414419e-02
  3.44977938e-02  5.28080447e-04  2.89053880e-02 -1.32826949e-02
 -5.44263702e-03 -8.69822353e-02 -4.11054790e-02 -1.31673571e-02
 -1.41713411e-01  1.65376645e-02  2.69943196e-02 -9.25635099e-02
 -3.03930398e-02 -4.62478325e-02 -5.38053503e-03  7.83263939e-04
 -1.26233567e-02 -3.22561897e-02  2.62651294e-02 -7.06692634e-04
  9.61243287e-02  2.49705762e-02  5.68556152e-02  1.31743448e-02
  2.38637417e-03 -1.03103645e-01 -5.50126731e-02  1.83755513e-02
  4.67940271e-02 -1.86107606e-02  1.24864317e-02  1.06911995e-01
 -1.42148053e-02 -8.76791030e-03  1.57829784e-02  6.97777867e-02
 -4.09099832e-03 -2.34640781e-02 -1.81118529e-02 -2.79861968e-03
  3.40196379e-02  6.43976731e-03  8.16044733e-02  7.14562787e-03
  1.73023999e-01  3.25577632e-02  2.70156171e-02 -5.96810728e-02
  3.78120551e-03  1.56469420e-02 -1.65505949e-02  2.99648196e-02
  1.01204410e-01  1.71459485e-02 -7.60715529e-02  3.11914925e-02
  1.07440732e-01  7.04637766e-02  7.97440112e-02  1.23864681e-01
 -2.60117128e-02 -7.27264956e-02 -4.09923407e-04 -1.14738550e-02
  2.56651752e-02 -1.34168810e-03 -4.37466651e-02 -2.24615186e-02
  2.24539060e-02 -4.07850109e-02 -1.00283898e-01 -6.75723478e-02
 -2.34101117e-02 -1.22959772e-02 -6.48933351e-02  4.88145538e-02
 -1.69170462e-02 -1.66859441e-02  6.01375252e-02 -8.65444075e-03
  1.17264375e-01 -9.62503068e-03  2.51438897e-02 -2.92573683e-02
 -3.88598330e-02  1.52213921e-04 -1.22263087e-02  3.50319408e-02
  7.34026805e-02 -3.37948427e-02  1.02055380e-02  1.09782338e-33
 -6.64305501e-03  4.78720069e-02 -9.52357147e-03  1.96643509e-02
 -3.46802780e-03  7.20322803e-02 -2.25236621e-02 -2.25269198e-02
 -4.56102937e-02 -5.52415196e-03  6.48326799e-02  3.89066478e-03
  7.83168972e-02  1.92375649e-02  2.95354333e-02 -4.54301387e-02
 -1.19968913e-02  9.62001155e-04  1.45249944e-02 -5.22457948e-03
 -2.58827060e-02 -7.69209070e-03  1.14205196e-01 -6.58537960e-03
  4.63376902e-02 -1.03002228e-01  1.00990068e-02 -6.89278916e-02
  5.14334477e-02 -2.62514669e-02 -7.15194223e-03 -7.50759942e-03
 -3.50608341e-02  1.66762471e-02  7.00260280e-03 -5.47258891e-02
 -4.26895358e-02  1.93765908e-02 -5.04106283e-02 -5.86113706e-02
 -5.40281320e-03  7.21212253e-02 -5.33118248e-02  8.00871402e-02
  1.03181578e-01  3.58399190e-02  1.12745300e-01 -1.57944541e-02
 -1.69013828e-01 -2.15609726e-02 -2.54837312e-02  8.86500105e-02
 -1.15313772e-02 -1.98215693e-02  4.38544434e-03 -8.42305273e-02
  6.50654808e-02 -6.08642362e-02 -2.50871126e-02 -1.17211573e-01
 -2.22815722e-02 -3.11145429e-02 -4.70820582e-03 -1.34440307e-02
  9.51278433e-02  3.30800191e-02 -6.76552877e-02 -1.78721715e-02
 -3.12037952e-02 -3.61053683e-02  2.07137112e-02 -1.16697423e-01
 -4.16915193e-02 -2.59053390e-02  3.51927169e-02  2.61423681e-02
 -7.33751059e-03  3.26454863e-02 -7.67573267e-02 -1.69387870e-02
 -2.86794193e-02 -1.61161944e-02  4.14924063e-02 -3.02697830e-02
  6.45772321e-03 -1.03268892e-01 -1.80937815e-02  3.32890488e-02
  9.71212983e-02 -2.19751224e-02  2.74019651e-02 -3.45376544e-02
  9.51142162e-02  2.60849707e-02 -8.27271789e-02 -1.72484364e-33
 -2.35278644e-02 -1.76424533e-02 -2.73662396e-02 -1.52869979e-02
 -1.51721612e-02 -4.65534851e-02 -8.65235925e-02 -1.14734091e-01
 -2.21468695e-02 -3.44553143e-02 -1.21366121e-02  2.45543034e-03
 -2.18013823e-02 -8.36638957e-02 -1.52714755e-02 -3.34790275e-02
 -1.97088812e-02  3.40549052e-02 -4.80550043e-02 -3.05061899e-02
  6.30569039e-03 -6.47182344e-03 -8.90566558e-02  2.96105146e-02
 -2.74802409e-02  4.58309054e-02  7.21231773e-02 -7.95782730e-02
  1.07807420e-01  2.72276178e-02 -1.46738693e-01  3.50941308e-02
  1.66335236e-02 -4.30327095e-02  6.95537589e-03  6.11827262e-02
  2.92495172e-02 -3.52339521e-02  1.46130379e-02  5.25249727e-02
 -2.12715357e-03  5.28453179e-02 -5.39906919e-02 -7.23651424e-02
 -2.77440436e-02 -3.35684866e-02  2.19134390e-02  9.59962383e-02
 -5.04149944e-02  6.05459213e-02  4.17216383e-02  2.32517421e-02
 -2.32326090e-02 -5.85307032e-02  3.69731784e-02 -6.34256676e-02
  1.59050226e-02  2.03771275e-02 -4.64266837e-02  3.36001925e-02
  3.97934765e-02  1.17626088e-02  5.81219047e-02 -1.24852965e-02
 -4.75921929e-02  1.01666069e-02  9.62192938e-03 -3.68008204e-02
  4.51398492e-02 -1.59602873e-02 -3.01016755e-02  7.54149980e-04
 -5.17868549e-02  1.90145010e-03  3.66198123e-02  2.25482080e-02
  8.18588436e-02 -1.03163603e-03 -3.06466762e-02  4.95110154e-02
 -2.49685887e-02 -5.72158908e-03  2.39094570e-02 -4.35459837e-02
  1.06241172e-02  1.89021584e-02  3.96123976e-02 -5.89827485e-02
  5.73296100e-03 -2.84086093e-02 -5.73393777e-02 -5.80190495e-02
 -8.49380717e-02  4.14711200e-02  1.22025488e-02 -5.64776457e-08
  7.49130622e-02  7.32902205e-03  6.32358342e-02 -1.14276418e-02
  5.57684675e-02 -1.48792434e-02  2.56079547e-02 -3.95261571e-02
 -1.87847763e-02  4.51577678e-02  1.00573868e-01  8.10240135e-02
  8.66984203e-02 -1.24234264e-03 -4.59758230e-02  2.97509674e-02
  5.87121099e-02 -4.00719941e-02 -2.39595044e-02  4.91532348e-02
  5.56523204e-02 -2.60152016e-02 -9.21436921e-02  6.69575185e-02
  5.02469651e-02 -1.93434693e-02  1.78353135e-02  7.12065864e-03
 -1.07603185e-02 -2.65584905e-02  3.90436756e-03 -5.70588373e-02
  1.27205020e-02  1.54584525e-02 -7.21057504e-03 -1.71269029e-02
  1.56316403e-02 -5.25692329e-02  2.43183970e-02  6.28176704e-02
  7.21191429e-03  9.66607854e-02  8.20606202e-03  6.60532564e-02
 -1.22031331e-01 -4.61723432e-02 -2.86310166e-02  2.78225224e-02
 -2.11891420e-02  1.05654910e-01 -5.94912283e-03 -3.73836756e-02
 -8.93956516e-03 -1.09632770e-02 -3.59814130e-02  9.80508402e-02
 -8.12596157e-02  5.11122979e-02 -6.53926134e-02  2.90999282e-02
  9.56258252e-02 -5.37360273e-02 -9.58342925e-02  2.64737569e-02]",False,False
Climate Change Is NOT An Emergency — Here Are The Facts,Ben Shapiro,conservative,"hi ben, my name is ember. in 2021, you said that the potential rise of global temperatures by four degrees celsius due to climate change is- quote- not an emergency, and even made fun of top scientists for calling climate change a climate emergency. a new study by the journal of natural science says that if, by the end of the century, climate change will total up to 83 million deaths because of climate-related causes, yeah, they're wrong. sorry, go ahead, but continue. but i'll explain why go ahead. i'm wondering, ben, why you believe that climate change is not an emergency. okay, because they're wrong. so now here's the sorry. i didn't let you get to the question mark. the reason that they are wrong is because all of these studies are done in the absence of mitigating measures. so, as i've said before, when i talk about climate change, when you're talking about climate change, there are a couple of things human beings can do and, by the way, i accept ipcc estimates. they. they range from sort of the mild, like 1.5 degrees celsius, all the way up to the not very mild, like four degrees celsius, again over the course of the century. and because there is this range, the more extreme versions of this, the four degrees celsius, whenever you read the ipcc reports which i have. when you read those reports, they say in them that they have very low confidence that some of",0.784,"[-2.15066038e-02  2.76069362e-02  1.59841701e-01  9.27715153e-02
  6.14740066e-02 -3.23365908e-03 -3.38911563e-02  6.57911897e-02
  5.24248108e-02  8.41702819e-02  2.18727365e-02 -7.96801075e-02
  1.65825877e-02  3.10982316e-04  1.55281145e-02  1.12307193e-02
 -5.86972982e-02  5.66700287e-03 -1.08078301e-01  4.56790105e-02
 -4.65400591e-02  3.36548723e-02 -1.74073763e-02 -8.26705422e-04
 -1.07256904e-01 -4.65065800e-02 -2.68284809e-02  5.57902195e-02
 -1.11147545e-01  7.56996945e-02  1.22452686e-02  8.06083381e-02
 -5.57638472e-03  3.48840229e-04  1.33955153e-02  4.57957089e-02
  1.37765212e-02  6.20003901e-02 -6.72859401e-02  4.37860675e-02
  3.47324647e-02 -4.57545444e-02  1.69588756e-02  1.36982473e-02
 -3.40358843e-03  1.08678471e-02 -2.66561303e-02  6.03973307e-03
 -5.03128171e-02 -5.31181619e-02  3.33131589e-02  2.64292471e-02
 -2.79411916e-02 -6.22453727e-02 -4.19230647e-02 -8.85776728e-02
  1.90850180e-02 -3.31213549e-02  2.05415003e-02  1.79250687e-02
  3.84233110e-02 -5.22021800e-02 -5.62889278e-02 -2.90356576e-02
  6.97506219e-02 -4.85460311e-02  8.05766582e-02 -1.94820762e-02
 -2.40782201e-02  6.41493872e-02 -1.77639164e-02  3.23528498e-02
 -4.64152033e-03 -1.56051479e-02  1.84745882e-02 -1.82681084e-02
 -1.71059370e-02  7.06576407e-02  1.33296043e-01 -3.71173024e-02
  9.76755843e-02 -7.14373887e-02  2.91871373e-02 -1.15604512e-01
 -6.40701829e-03 -3.83952446e-02  4.58329991e-02  5.05691161e-04
  4.92217764e-02  2.30889581e-02 -8.98039842e-04 -7.44581074e-02
  8.01031068e-02  1.11913234e-01  2.26508994e-02  9.39859003e-02
  5.49760647e-03 -6.56342655e-02  1.29194995e-02 -4.44820188e-02
  1.33380861e-04 -1.03741204e-02 -1.04824908e-01 -3.33523527e-02
 -1.85576081e-02 -5.44599295e-02 -1.87158417e-02 -4.27934900e-02
  1.22817112e-02 -2.07259203e-03 -8.04532990e-02 -1.76503677e-02
  3.47704603e-03 -3.88115719e-02  6.00610226e-02 -5.27931117e-02
 -1.70729812e-02  3.73834111e-02  3.37346345e-02  6.13079779e-03
 -6.40454367e-02  4.55398252e-03 -9.29882110e-04  6.74219131e-02
 -2.16032825e-02 -3.80906239e-02  2.31531858e-02  2.18142731e-33
  8.67777169e-02  1.37704536e-02 -8.41968693e-03  2.90065408e-02
  4.94540334e-02  1.67749953e-02 -5.09247817e-02  1.79832906e-03
  2.60115974e-02 -5.23411855e-02  2.03124285e-02  6.45785173e-03
  6.34186566e-02  9.47239846e-02 -2.42822822e-02  1.68740302e-02
 -2.69569382e-02 -3.01242783e-03 -2.65912293e-03 -3.27386893e-02
 -3.12894173e-02  3.53729888e-03  9.80359390e-02  1.61814801e-02
  1.40523911e-02 -4.25751135e-02  4.38595079e-02  1.08422199e-02
  4.28107195e-02 -6.40192884e-05 -2.57206280e-02 -2.35338006e-02
 -4.67224568e-02 -2.84396391e-02  1.18165230e-02  8.15331005e-03
  5.56942038e-02  6.14513457e-02 -2.62020156e-02  1.96233187e-02
 -3.61628719e-02  4.68761511e-02 -1.28133707e-02 -2.93479115e-02
  8.19151625e-02  3.37983668e-02 -1.03761768e-03  2.72389315e-02
 -7.35912696e-02  3.26171815e-02 -5.16188629e-02  3.41354795e-02
 -2.88072657e-02 -5.46590015e-02 -3.45228016e-02 -3.91037837e-02
 -4.01850715e-02  3.67436334e-02 -3.27560143e-03 -5.31109646e-02
  3.66421929e-03  6.83858395e-02 -3.03282943e-02 -4.97913025e-02
  9.25053507e-02  1.05680101e-01 -2.07925327e-02  4.33481904e-03
 -1.54577028e-02  3.02505214e-02  5.72274998e-02  4.45130467e-03
  2.07259431e-02  4.21918137e-03 -3.44336927e-02  1.29281403e-02
 -1.75865449e-03  5.48148006e-02  5.49496971e-02  5.32359630e-03
  9.98664368e-03  7.51751438e-02  7.07929507e-02 -8.26433208e-03
 -6.20528124e-02 -1.08793400e-01  1.05324807e-02  1.32043988e-01
  4.32519130e-02  3.76559421e-02  4.77094874e-02 -3.72297056e-02
  8.06219950e-02  6.70121759e-02 -4.60438691e-02 -3.84059902e-33
 -3.85276787e-03  3.55153047e-02 -6.20043017e-02 -2.62503400e-02
 -2.55070981e-02 -1.22762956e-02 -2.62611806e-02  1.15888193e-02
  3.61016504e-02 -5.53700775e-02  3.69761251e-02 -1.43327350e-02
  1.95378829e-02  6.84598519e-04 -2.63444968e-02 -1.11262381e-01
 -5.66891246e-02 -5.26602529e-02 -1.10316634e-01  1.81464422e-02
 -2.18836293e-02 -4.92059439e-02 -5.71655594e-02  3.37709337e-02
 -4.94701415e-02  4.22693789e-02  2.58234013e-02  3.70377186e-03
 -2.75532212e-02 -1.00513790e-02 -9.22326967e-02  7.23348558e-02
 -2.24380661e-02  5.67872636e-02 -4.65596505e-02  1.23539260e-02
  5.76469488e-03 -7.05812499e-02 -4.63999882e-02 -3.09110079e-02
  2.27567293e-02  1.52398869e-02 -1.68647803e-02 -9.06913429e-02
  4.32302579e-02 -2.22740062e-02  5.31180911e-02  9.84970108e-02
  1.78575274e-02 -3.45120614e-04  5.88884689e-02 -7.43238553e-02
 -6.14650883e-02 -7.86411390e-03  7.85203651e-03 -1.70482323e-02
  1.82150546e-02 -4.63679135e-02 -1.18595093e-01 -8.59592669e-03
 -3.72992381e-02  4.69634235e-02  4.32013944e-02  1.42728183e-02
 -4.36904700e-03 -2.85864770e-02 -7.92779326e-02 -9.01084617e-02
  7.29762316e-02 -6.80537820e-02  1.83358770e-02 -2.69376440e-03
 -8.84545296e-02 -1.31107748e-01  8.18502083e-02 -1.44974990e-02
 -4.24802750e-02  4.80145169e-03 -2.39285063e-02  2.78035775e-02
 -4.86590490e-02  6.58351136e-03 -9.31106135e-03  2.42024492e-02
  4.62058708e-02 -7.94545710e-02  2.27634143e-02 -7.30985180e-02
  2.28766594e-02  9.30802077e-02 -8.93884227e-02  2.18353495e-02
 -1.49148433e-02  9.28035229e-02  2.64360979e-02 -5.99224208e-08
  5.13611287e-02  6.94329441e-02  8.28021299e-03  5.86535558e-02
  1.29974133e-03 -7.02085942e-02 -4.18651812e-02  8.37980676e-03
  3.97733226e-02  3.31951715e-02  8.87005627e-02  1.43545285e-01
  8.73184949e-02  7.28325546e-02 -5.21713756e-02 -8.13472047e-02
  4.12908718e-02 -4.84478809e-02 -6.47798507e-03 -3.50062959e-02
 -8.29391088e-03  3.43211070e-02  4.52114874e-03 -5.61286882e-03
  1.20713636e-01  6.34166587e-04 -1.21826604e-02  5.55172488e-02
 -7.99332261e-02  1.26557406e-02 -5.69052510e-02 -8.15061256e-02
  4.60781902e-03  5.37959021e-03  2.34963037e-02 -1.80258434e-02
  4.16072980e-02  5.91156036e-02 -5.56373224e-03  8.22701957e-03
  2.37077344e-02 -2.03867052e-02 -4.47495840e-02  4.20738198e-02
  3.92809622e-02 -1.47969097e-01 -6.10296205e-02  4.38523963e-02
 -3.53260152e-02 -3.73507515e-02 -5.83919771e-02 -2.42998675e-02
 -1.86123345e-02  2.65990924e-02  2.51997672e-02  1.88678093e-02
 -1.05021827e-01 -2.15587649e-03 -2.23359950e-02  5.28132804e-02
  4.89376895e-02 -8.86303857e-02 -1.29291266e-01  3.55840996e-02]",False,False
Climate Change Is NOT An Emergency — Here Are The Facts,Ben Shapiro,conservative,"the more catastrophic sort of predictions are going to occur- they will say low to moderate confidence. the less catastrophic predictions. they'll say more like high confidence, or or fair, fair, high confidence, that kind of stuff. okay, here is the thing: when people suggest that there is not going to be any sort of mitigation measures, this is wrong. or adaptation. so there's two ways you can know that. one is mitigation, which is we all stop driving cars, we stop using electricity, we don't have kids anymore. right, we really cut down on our carbon usage in ways that are catastrophic to the world economy and what it really mostly does. it says to people in the developing world: hey, you're screwed, because those are the people who really need carbon-based emissions. it's very easy for those of us who live in extraordinarily prosperous societies to say: you know what? i'm cutting down my carbon emissions a little bit because we live in very prosperous societies. carbon-based energy is by far the most efficient form of energy on the planet and it's worthwhile to notice that people who are living in developing or undeveloped countries- those people are still in large part burning things like dung for fuel, which is not only carbon intensive but also a horrifying way to live, and telling those people. you can't use carbon-based energy is a mistake. in order for us to take the mitigation measures that would be necessary in order.",0.986,"[ 6.55275723e-03  1.01474099e-01  9.73439962e-02  6.23495877e-02
  1.03946082e-01  1.21947741e-02  9.22783860e-04  9.93112028e-02
 -2.94501502e-02  5.63265942e-02 -3.90316211e-02 -5.95393144e-02
 -1.92169531e-03 -2.88707186e-02 -5.02713323e-02  2.09410135e-02
  8.24642275e-03 -2.37540696e-02 -7.32818320e-02 -2.35507842e-02
  9.46982577e-03  5.34220561e-02  3.79342176e-02  6.27570525e-02
 -2.16535348e-02 -1.24893533e-02 -4.25487496e-02 -1.36425337e-02
 -5.65648563e-02  4.96068709e-02  1.70704946e-02  2.46683117e-02
 -3.92486416e-02 -8.08502722e-04 -3.05628683e-02  2.24003363e-02
 -2.25216020e-02  3.00669335e-02  3.82591784e-02 -6.42352253e-02
 -6.41987696e-02 -5.29768206e-02 -2.80534644e-02 -7.22365230e-02
 -5.54412343e-02  9.88930371e-03  5.08587472e-02 -7.14969113e-02
 -1.08266361e-01 -1.15976349e-01 -2.15645339e-02 -2.97485162e-02
  1.40459109e-02 -7.27473646e-02  9.30977333e-03 -9.61458758e-02
  1.03238840e-02 -3.20966318e-02  3.28019038e-02  1.00645423e-02
  3.48713831e-03 -1.65499166e-01 -7.06900805e-02 -3.73681560e-02
  5.09339906e-02  4.33700718e-02  7.24699050e-02  1.92111209e-02
 -5.65527566e-02  7.15657547e-02 -3.58091928e-02 -1.28371231e-02
 -2.61458699e-02 -4.80234474e-02  8.85748770e-03  6.21939264e-03
  1.57136079e-02  4.40473109e-02  9.12424177e-02  2.28288639e-02
  9.77210030e-02  3.35532683e-03  1.46499490e-02 -2.26141494e-02
 -2.15074755e-02  1.10412110e-02 -1.72237214e-02 -6.47597313e-02
  2.94099357e-02 -2.92922724e-02 -9.03702751e-02 -5.52720809e-03
  1.02316141e-01  1.23489156e-01 -1.25809927e-02  5.59536107e-02
  6.25720471e-02 -3.27836126e-02 -6.55525713e-04  1.36297392e-02
  1.05701992e-02  3.92715111e-02 -3.96730229e-02 -6.80132508e-02
 -1.70177482e-02 -3.03458478e-02 -4.42866189e-03 -9.50573664e-03
  5.87462522e-02  3.29495850e-03 -1.16715971e-02  5.45057543e-02
 -3.61103155e-02 -1.43509253e-03  2.03923844e-02  3.16890441e-02
  8.54426399e-02 -2.21052803e-02 -5.26229329e-02  8.54276344e-02
 -5.43070100e-02 -5.03641739e-03  1.91617608e-02  1.60589628e-02
  6.36948943e-02 -5.24159847e-03 -2.50026453e-02  5.85607335e-33
 -5.80221275e-03  5.60350567e-02  6.54266924e-02  2.37666592e-02
  1.40377963e-02 -4.93113790e-03 -1.20479457e-01 -2.91158818e-02
  3.64692397e-02  8.13899375e-03  1.75225195e-02 -5.80332354e-02
  1.24719506e-02  1.23315267e-01  7.58330896e-02 -1.58507805e-02
 -5.86488955e-02 -3.78612354e-02 -2.28083916e-02 -3.12546897e-03
 -3.69713381e-02 -4.59549949e-02  3.72474529e-02  4.85213513e-06
  8.52892622e-02 -1.67597458e-02  5.77274337e-02  4.37463447e-02
  1.41530612e-03  6.96004042e-03 -1.04465205e-02  5.65947816e-02
 -3.38955820e-02 -1.82462055e-02 -4.11681794e-02 -4.25249934e-02
 -8.35803524e-02  6.79968223e-02 -7.89280087e-02  3.37634236e-02
  3.09144463e-02  8.60152766e-02 -6.38940036e-02 -2.79806480e-02
  1.24336816e-01 -3.75029668e-02  7.42881820e-02 -1.64803918e-02
 -1.18215732e-01  1.30084697e-02 -3.25064100e-02  5.61773255e-02
 -4.61342670e-02 -9.62302834e-03 -1.47551168e-02 -2.07443386e-02
  2.39105541e-02 -9.38249230e-02 -4.00955454e-02 -8.99420604e-02
 -3.10706794e-02 -5.14621511e-02 -3.83715332e-02 -7.43345963e-03
  7.64281163e-03  6.90556467e-02  4.31738235e-02 -2.70330347e-02
 -3.32543850e-02 -4.59533669e-02  1.33328931e-02 -4.10832055e-02
 -1.90014020e-02 -3.17930132e-02  7.07502756e-03  3.59768495e-02
 -2.06301641e-03  6.58470690e-02 -5.75307244e-03  1.36004509e-02
 -7.95214903e-03  1.34650888e-02 -1.30232610e-02 -9.28079784e-02
  1.52250277e-02 -6.90297708e-02  5.28135430e-03  4.69912551e-02
  5.05275689e-02 -1.11627560e-02 -4.73944731e-02 -2.61879172e-02
  3.55414972e-02  6.32380992e-02 -9.54154581e-02 -6.95778412e-33
  2.33255816e-03  4.91583496e-02 -1.43214623e-02 -2.43038870e-02
 -4.87761982e-02 -4.79962640e-02 -1.87553614e-02 -7.23539218e-02
  1.15884272e-02 -7.31240213e-02 -1.33226495e-02  4.60028648e-02
  8.32738578e-02  3.76440063e-02 -2.74317469e-02 -7.03779981e-02
 -1.23635028e-02 -2.19144598e-02 -2.38653067e-02 -5.54945953e-02
  2.45862771e-02 -5.86705357e-02 -9.15366039e-02 -4.64137738e-05
 -3.86398509e-02  2.66854763e-02 -6.58076406e-02 -4.83025284e-03
  1.11007959e-01 -5.72356544e-02 -1.15105174e-01  7.59552494e-02
 -1.89835695e-03  2.10374743e-02 -5.49756782e-03  1.51764592e-02
 -3.67607996e-02  5.31997792e-02 -2.65396573e-02  3.48816477e-02
 -2.44427714e-02  2.53198091e-02 -1.33879364e-01 -8.02949071e-02
 -1.54116387e-02 -4.20244820e-02  2.26902310e-02  1.57931726e-02
  3.51149514e-02  5.59085645e-02  1.34751007e-01  8.72923508e-02
 -5.18497154e-02  3.18947397e-02  1.22356275e-02 -7.85816275e-03
  1.01340108e-01 -8.51693470e-03 -8.21968913e-03  8.12413543e-02
 -6.08108714e-02  9.29389820e-02  1.12034883e-02  4.70456034e-02
  3.65173891e-02 -5.44943498e-04 -1.02247573e-01 -1.20701839e-03
  1.44758850e-01 -3.28577124e-02 -2.49222685e-02  5.62894763e-03
 -7.71758929e-02 -8.50197822e-02 -1.17442047e-04 -1.83221195e-02
  1.53089864e-02 -2.67703813e-02 -2.18675062e-02  2.72171237e-02
  1.99640505e-02  1.63894761e-02  6.82547912e-02 -4.73085828e-02
  2.04689484e-02 -7.96633884e-02 -5.79114147e-02 -2.94892788e-02
  2.39871964e-02  8.04528743e-02 -8.45825300e-02 -1.75346769e-02
 -6.53252378e-02  7.80212320e-03 -5.36799617e-02 -6.08375714e-08
  2.73550674e-02  2.11383849e-02  4.78128158e-02  6.04191283e-03
  8.73768106e-02  2.72757635e-02  1.38943521e-02  8.75959769e-02
 -1.59084355e-03  5.79551840e-03  7.16503337e-02  6.78962022e-02
  9.47057009e-02  1.62914693e-02  2.87125465e-02  4.68049832e-02
 -3.96873169e-02  3.39064822e-02 -6.66952087e-03  1.87218562e-02
  5.36020100e-02 -4.51501347e-02 -4.47713807e-02  1.06066652e-03
  7.89297223e-02 -8.57582465e-02  1.51387816e-02  7.76391849e-02
 -7.29361847e-02  5.68459593e-02 -4.97723706e-02 -3.75856855e-03
  6.62669763e-02 -1.78962052e-02 -2.17210799e-02 -1.53726535e-02
  3.99474204e-02 -2.84339152e-02  8.34078491e-02  1.32212671e-03
  4.42461148e-02  7.13022053e-02 -3.57462801e-02  4.44725007e-02
 -1.85740422e-02 -8.20937008e-02  3.32080014e-02  1.29864654e-02
  2.61067487e-02  5.64961880e-02 -3.33683193e-02 -2.44202688e-02
  1.08946254e-02  2.21473072e-02  4.22200561e-03  4.38499153e-02
 -6.51648641e-02 -7.54514290e-03 -7.10803643e-02 -5.69358643e-04
  7.23223388e-02 -5.06891236e-02 -7.06413388e-02 -2.01966837e-02]",False,False
Climate Change Is NOT An Emergency — Here Are The Facts,Ben Shapiro,conservative,"to dramatically lower the trajectory of global climate change. you'd have to get china to sign on, which they will not. you have to get india to sign on, which they will not. those are the two largest carbon based emitters on planet earth and we live in a geopolitical world in which a carbon emission from china counts the same as a carbon emission from the united states, which says, again, this doesn't mean there's nothing we can do. it means what we ought to be doing is the thing that will prevent the 83 million deaths, which is why i'm very confident it'll prevent the 83 million dots adaptation. this means, for example, that we build sea walls. the simple fact of the matter is that new orleans exists below sea level. when the sea walls, when levees, were breached because the levees were poorly built, it killed 10 000 people. when the levees last time around this last year there was a major hurricane, it swept directly through the exact same area and pretty much no one was killed, the reason being the levees were much better built. when you're looking at coastal, low-lying areas, sea walls have been built in places in miami, in places in seattle. geo-engineering, which is a methodology that's being explored largely in some of the northern european countries for actually changing the climate itself by, for example, shooting particular types of material into the air. you know these sorts of solutions.",0.999,"[-2.26579420e-02  6.91733509e-02  1.18880816e-01  1.81436795e-03
  4.23936397e-02 -1.10743120e-02 -8.74526575e-02 -3.38441432e-02
 -4.87839021e-02 -8.35224427e-03 -1.85538996e-02 -1.82972755e-02
  6.20449185e-02 -2.73703933e-02 -2.69593461e-03  5.79032488e-02
 -1.85256395e-02  9.67884902e-03 -6.05532974e-02 -5.04249968e-02
 -7.46575091e-03  2.94409208e-02 -8.11030064e-03  1.23036066e-02
 -1.27355218e-01 -8.73339828e-03 -2.05027442e-02 -1.23180961e-02
 -6.59420788e-02  1.76666547e-02  4.28185612e-02  6.54512569e-02
 -3.37150767e-02  8.11331719e-03 -2.43686941e-02  4.26933505e-02
  4.80037741e-02  6.55117109e-02  1.47410976e-02 -2.78661698e-02
  3.58541049e-02 -4.39091064e-02  3.00473943e-02  9.31700505e-03
  3.54374163e-02  1.52605015e-03  4.41475131e-04 -2.20201854e-02
 -3.27954739e-02 -7.39772394e-02  1.44955022e-02  6.47453144e-02
 -1.16517723e-01 -4.30966541e-02 -8.26661941e-03 -2.66159885e-02
  4.79561947e-02  1.52459731e-02  1.89568438e-02 -1.25972936e-02
  7.78084761e-03 -9.35237668e-03  1.63926296e-02 -1.77407674e-02
  9.01633427e-02 -5.49031645e-02  7.05917105e-02 -2.16818824e-02
 -3.38945240e-02  1.11074530e-01  1.90462880e-02  7.45865479e-02
  7.93092418e-03 -1.56022720e-02  1.32209912e-03 -5.06566130e-02
 -4.40607108e-02  1.09620113e-02  8.69397372e-02 -4.33191620e-02
  9.07160789e-02 -3.50705981e-02  7.60072246e-02  8.02690536e-03
 -8.99542868e-03  2.81146970e-02 -4.49597649e-02 -5.92452064e-02
  1.20092751e-02  1.88595913e-02  5.08639030e-03 -4.64088470e-02
  1.05790518e-01  1.43435553e-01 -2.47853398e-02  8.14279839e-02
 -4.11725678e-02 -1.33331241e-02 -4.20568930e-03  1.63421361e-03
  5.81612699e-02 -3.52812372e-02 -6.14156164e-02 -5.57109341e-02
 -4.04944159e-02 -5.16564660e-02  8.47728830e-03 -5.24707744e-03
 -2.54913792e-02  2.40782145e-02 -7.47771515e-03 -1.04797101e-02
 -7.45414346e-02 -6.89253735e-04 -4.98820283e-02 -4.63971980e-02
  6.83593452e-02 -4.09518592e-02 -3.21088545e-02 -2.45305374e-02
  5.14663057e-03  3.00946757e-02 -3.84787135e-02 -2.75263446e-03
  3.41207720e-02  5.49160205e-02 -4.42906953e-02  2.90199801e-33
  8.67455080e-02  6.05030470e-02  1.67461503e-02 -3.78792956e-02
 -3.35332491e-02 -1.20098442e-02 -4.05282229e-02 -4.77527715e-02
  1.33486614e-02 -2.09804438e-02  8.54804926e-03  3.79358302e-03
  3.37323500e-03  1.23367198e-01  1.27139762e-01 -1.04605481e-01
  2.03162301e-02 -9.85530484e-03  9.18307435e-03 -6.65365830e-02
 -1.40954005e-02 -6.44955486e-02  2.38929056e-02 -4.09241319e-02
  3.15668657e-02  3.98777016e-02  3.22001725e-02  4.52219732e-02
 -4.76172194e-02 -3.19274084e-04 -4.58442569e-02  3.49296257e-02
 -8.26247334e-02  2.85420250e-02  2.17767917e-02 -2.73670703e-02
 -6.54515028e-02 -1.22030061e-02 -5.65257706e-02  1.66794434e-02
  1.76185519e-02  1.15152746e-01 -9.40473303e-02 -1.31301470e-02
  1.17231131e-01  4.04736884e-02  8.58667344e-02  4.81798239e-02
 -8.86475891e-02  5.40544512e-03  2.82805730e-02  1.58092286e-02
 -1.18187897e-01 -2.39103865e-02  2.22863760e-02 -2.49830633e-03
  8.74128286e-03 -1.55479491e-01  1.46596553e-02 -4.29335944e-02
 -3.97465075e-04 -8.71378854e-02  1.49303563e-02  1.17378138e-01
  4.97543178e-02  1.02539755e-01  7.28048533e-02 -7.44413352e-03
 -5.23888990e-02 -3.47730592e-02 -8.75338633e-03 -6.59582838e-02
  5.99939637e-02 -3.97268496e-02 -2.65992060e-02 -2.86221988e-02
  3.00083756e-02  8.78968835e-03 -3.97303887e-03  1.64585956e-03
 -4.38884050e-02  6.79720342e-02  1.22476388e-02 -5.74186593e-02
  8.91330987e-02 -4.46914062e-02  4.32662778e-02  6.95322528e-02
  1.88934561e-02 -7.06643760e-02 -3.18178944e-02 -6.43568560e-02
  1.44417016e-02  5.66622941e-04 -7.75795653e-02 -3.66848057e-33
 -5.85491434e-02  8.42948351e-03 -2.85692420e-02 -2.30137110e-02
 -6.98396564e-02 -9.13004428e-02  3.39310244e-02 -7.16055259e-02
  2.74085980e-02 -4.43472192e-02 -7.37345815e-02  1.21120457e-02
  1.38354763e-01  1.59856398e-02 -5.13710342e-02 -7.57108629e-02
  6.21928163e-02  3.63151878e-02 -7.11912066e-02 -4.32036482e-02
  1.15629332e-02 -9.55235865e-03 -7.73105696e-02  4.36122976e-02
 -6.90303817e-02 -5.29035321e-03 -7.71362558e-02 -6.35270253e-02
  3.33341882e-02 -8.82448070e-03 -7.48398155e-02  6.76034838e-02
 -2.76076831e-02  1.50552550e-02 -6.39805794e-02  8.98117423e-02
  6.49367273e-02 -3.76272909e-02 -4.38700318e-02 -2.87118666e-02
 -2.00958941e-02 -1.35962025e-03 -3.12017817e-02 -9.39065292e-02
 -1.32503058e-03  9.73961726e-02  1.32122291e-02  1.09980911e-01
 -9.58924890e-02  8.72091874e-02  7.41338581e-02  3.41009200e-02
 -4.22530770e-02  4.23291745e-03 -1.84956025e-02 -1.82230156e-02
  5.31203113e-02 -1.87233146e-02  4.10043336e-02 -3.98216173e-02
 -7.25674583e-03  5.36403060e-02 -6.96089398e-03  5.21399789e-02
  5.58887832e-02 -6.91306777e-03  4.90210615e-02  5.27900644e-02
  5.67122512e-02 -4.21182923e-02  3.52697000e-02  2.53136065e-02
 -7.37299845e-02  6.29844097e-03  4.49428055e-03 -4.26927395e-02
 -4.12554704e-02 -1.02732386e-02 -3.33468877e-02  6.93041310e-02
 -2.62827333e-02 -1.00766169e-02  2.47376040e-02 -1.27605982e-02
 -3.58093879e-03 -1.59491617e-02 -7.51208607e-03 -5.64756356e-02
  3.64979059e-02  6.73787743e-02 -1.34469911e-01 -5.71816564e-02
 -9.47399363e-02  3.34051028e-02 -6.90052807e-02 -5.95985910e-08
  6.41059829e-03  2.72053815e-02  1.96513701e-02  1.37665011e-02
 -3.26921679e-02 -6.35129139e-02 -1.43373534e-02  1.24030888e-01
  1.28656507e-01 -5.73632047e-02  1.06065817e-01  3.37852724e-02
  5.67824095e-02  7.64785185e-02 -1.31237824e-02 -4.45687631e-03
  9.27576050e-03  2.22496763e-02 -4.65311296e-02  1.94831640e-02
  5.77915087e-03  4.26008776e-02 -8.44758749e-02 -6.19566208e-03
  1.19533785e-01 -3.97831351e-02  1.01683186e-02  7.88467005e-02
 -3.99389528e-02  1.13557104e-03 -1.62176844e-02 -6.03046045e-02
  1.03631979e-02 -6.40712259e-03 -2.71340869e-02  1.10697132e-02
  2.81173605e-02  3.86117920e-02  3.63826938e-02  4.20398228e-02
 -3.45459394e-02  5.82072437e-02  2.59358268e-02  3.55164260e-02
  3.12932469e-02 -7.12121055e-02 -4.45812866e-02  1.05736461e-02
  1.50561305e-02 -1.12327933e-02 -6.14628720e-04  3.08270915e-03
 -3.69157096e-05  1.88785922e-02  8.37108418e-02  3.30667570e-02
  2.71051074e-03 -8.42179637e-03  1.15205143e-02  6.76559731e-02
  8.22350755e-03 -5.28116301e-02 -2.54919715e-02 -8.54442734e-03]",False,False
Climate Change Is NOT An Emergency — Here Are The Facts,Ben Shapiro,conservative,"are things we should be pursuing. they're a lot easier to do, because technology is a lot easier to do than anything remotely approaching a global carbon tax, which will, number one, be unsuccessful and, two, will not mitigate the effects on the climate nearly as much as you're talking about. human beings are great at adaptation and we suck at mitigation and, as i've said before and been mocked for it, the simple fact of the matter is, over the course of the next 100 years, when you see all these maps, it's like this area will be flooded and all those people will be dead. no, because they won't be living there, because, as it turns out, when the tide rises, people move inland. this is what has been happening throughout human history. not a huge number of people were killed, presumably when the land bridge between russia and alaska- that that from which sarah palin could see right when, when that land bridge ended up being covered up in water, there weren't tens of thousands of people who died in that, because it took thousands of years for that to be covered up by water. slow-moving crises are not crises. they're problems, not emergencies.",0.998,"[-3.04353517e-02  4.14482169e-02  1.37096018e-01  1.62208751e-02
  1.39022442e-02  7.61790853e-03 -3.95975634e-02 -1.59833487e-02
 -3.48691083e-02  4.49530855e-02 -4.34163101e-02  4.41309996e-03
  1.47563638e-02  5.64630851e-02 -1.88770071e-02  4.90113236e-02
 -1.13172241e-01 -2.35839598e-02 -1.26806262e-03  5.89036308e-02
 -3.86082195e-02  4.82013486e-02 -5.25296144e-02 -4.46814811e-03
 -6.34725466e-02  8.84732977e-03  3.09925303e-02 -4.61810417e-02
 -7.38377720e-02  6.93421662e-02  2.09466014e-02  1.28359313e-03
 -5.07997498e-02  2.98079401e-02 -1.12898983e-02  1.05759278e-01
  2.50956174e-02 -2.03649122e-02 -3.26913269e-03  3.19752912e-03
  3.78538808e-03 -5.00185937e-02 -2.00914238e-02  2.14841273e-02
  1.16173935e-03 -1.27785541e-02 -2.75716633e-02 -5.43015189e-02
 -2.23447708e-03 -2.15512887e-02 -1.05269803e-02 -9.78469476e-03
 -6.31124899e-02 -4.03478183e-02  2.14541401e-03 -8.46475437e-02
  4.67761345e-02 -4.83741313e-02  2.11264752e-02 -5.33851013e-02
  5.58820181e-02 -8.53578821e-02  3.48768607e-02 -2.63870768e-02
  1.00674808e-01  2.06164829e-02  3.49411182e-02  6.59351647e-02
  4.47499705e-03  4.16216478e-02 -1.19322687e-02  8.06197152e-02
 -3.71430330e-02 -4.04804163e-02  2.82671899e-02 -9.64217782e-02
 -7.68496767e-02  1.15003604e-02  1.74690373e-02  3.00530028e-02
  1.21354178e-01 -8.90141726e-02  4.61404845e-02 -4.91634011e-02
 -5.42627536e-02  1.07785910e-02  2.31142864e-02 -7.22769648e-02
  1.00795269e-01 -2.95234695e-02 -1.37077756e-02  3.56569118e-03
  1.55313268e-01  4.42853495e-02  4.77536060e-02  1.42945468e-01
 -2.70640291e-02 -9.79967322e-03  1.18065365e-02 -1.51348393e-02
  2.97973603e-02 -9.86099988e-03 -3.52414437e-02 -8.62394199e-02
 -1.33814421e-02 -3.60693336e-02 -3.48602310e-02 -5.69426604e-02
 -1.93172488e-02  6.86727697e-03 -4.90467995e-02 -1.78594440e-02
 -3.45216468e-02  4.19361331e-02  8.75796750e-03 -4.79698256e-02
  3.32789160e-02 -8.18119049e-02  2.56188437e-02 -2.18895618e-02
 -3.97502184e-02 -7.35771935e-03 -5.83599173e-02  7.32505769e-02
  8.72237012e-02  5.71203008e-02 -5.24950773e-03  1.65740406e-33
  7.34221786e-02  9.20488872e-03  2.23999545e-02  3.05643659e-02
 -4.25230600e-02 -2.41259895e-02 -5.43154627e-02 -1.12814412e-01
 -1.17194438e-02 -3.07819974e-02 -4.34633642e-02 -5.55844279e-04
 -3.61200944e-02  1.02782331e-01  2.73510516e-02 -8.27436224e-02
 -2.90901028e-02 -2.76301969e-02 -6.02079667e-02  1.11647008e-03
  1.27549637e-02 -2.60058101e-02  2.34033428e-02 -2.43141875e-02
  4.66077104e-02 -3.82372364e-02  3.45448852e-02  4.87252139e-02
 -1.32361352e-02 -1.69163402e-02 -4.09561023e-02  2.83713546e-02
 -4.03787345e-02  1.64258499e-02 -2.62571070e-02  9.02929809e-03
 -3.36755700e-02  5.11773229e-02 -3.96815576e-02  2.95769703e-02
 -1.32324994e-02  2.06211153e-02 -7.15155303e-02 -4.19947319e-03
  1.54577181e-01 -2.01473534e-02  1.68180972e-01  6.71063289e-02
 -9.42583531e-02  2.27174014e-02 -5.10497093e-02  5.95377982e-02
 -9.82001051e-02 -2.31110677e-02 -3.55323008e-03 -5.54717369e-02
  2.16879435e-02 -5.96419014e-02 -6.88702688e-02 -5.61850518e-03
 -9.41720977e-03 -8.49227458e-02  5.98468184e-02  8.35822575e-05
  8.70976746e-02  5.26482500e-02  8.83660242e-02  6.69878647e-02
 -1.64746810e-02 -2.57220697e-02 -2.08973885e-03 -2.22631432e-02
  1.22524295e-02 -8.12033005e-03  3.05202175e-02 -1.56622697e-02
  5.50001115e-02  3.58992554e-02 -7.43954778e-02  7.18083382e-02
 -3.26034948e-02  7.88712781e-03  4.40286659e-03  4.65936288e-02
  3.82371359e-02 -5.24475425e-02  2.60246750e-02 -9.49970167e-03
  4.43641469e-02  3.27627659e-02 -3.84937599e-02  1.91317517e-02
  4.49358337e-02  7.34701231e-02 -3.83474007e-02 -2.91821799e-33
  5.46330288e-02 -5.76241873e-02  1.44047914e-02 -6.98197633e-03
 -6.75633475e-02 -6.28735125e-02  6.98515326e-02 -1.17658754e-03
 -6.80006994e-03 -2.71032993e-02 -7.79692605e-02  4.11643088e-02
  7.38777593e-02  4.02429178e-02 -3.08789723e-02 -8.30226913e-02
  1.11384705e-01  4.27029282e-03 -6.28797635e-02 -5.37855551e-02
  5.23909777e-02 -7.97282346e-03 -1.07918806e-01  6.85731992e-02
 -2.91159600e-02  4.11998481e-02  1.76332779e-02 -6.27564192e-02
  1.01788593e-02  2.38736551e-02 -5.30930422e-02  7.74675980e-02
  5.48919253e-02 -2.43395194e-03 -2.68169008e-02  9.10321176e-02
  7.40034729e-02 -2.58748066e-02 -5.03806062e-02  1.36202658e-02
  3.08176503e-02 -2.85317618e-02 -4.70207147e-02 -7.81304538e-02
 -1.13419462e-02  2.44406294e-02  4.68303077e-02  1.08527452e-01
 -5.67818098e-02  5.34811318e-02  3.66935618e-02  5.28895333e-02
 -7.20364824e-02 -1.84616651e-02  4.14054804e-02  1.12178677e-03
  2.15966050e-02 -1.38712907e-02 -3.69669087e-02 -1.50410291e-02
 -7.41391703e-02  3.14735547e-02  4.56484370e-02 -5.32235578e-02
  3.63939488e-03 -2.82658562e-02  4.03203741e-02 -5.65190017e-02
  4.90952022e-02 -9.25333798e-03 -1.22806057e-02 -2.42878739e-02
 -1.07354082e-01 -2.55162492e-02  7.54256099e-02 -2.52365787e-02
 -3.06114033e-02  6.63496740e-03 -3.87074449e-03  3.74740250e-02
  3.56541132e-04 -1.56382204e-03 -8.20119865e-04 -1.43859657e-02
 -2.50543840e-02  3.11134327e-02 -6.42670877e-03 -8.99787620e-02
  2.31942534e-02  6.35704175e-02 -1.25011235e-01 -5.01137637e-02
 -9.48076323e-02  3.89773101e-02 -1.05207853e-01 -6.09291391e-08
  8.57916921e-02  8.34236369e-02  3.64952125e-02 -5.51279925e-04
 -9.91363850e-05 -6.71853079e-04  6.23305291e-02  8.47271383e-02
 -1.60940401e-02  2.82736290e-02  3.66928987e-02  7.84095451e-02
  8.03843439e-02  5.58827780e-02  2.41346937e-02 -3.53686772e-02
  2.25150976e-02 -3.30746658e-02 -6.89288825e-02  2.35936474e-02
 -3.85493273e-03  3.54747623e-02 -7.44336918e-02  9.72223468e-03
  2.64540613e-02  1.00478735e-02  6.27373680e-02  6.24141358e-02
  2.73397397e-02 -6.43334240e-02 -1.71985570e-02 -5.32902889e-02
 -4.95044626e-02  2.71068197e-02 -3.13851871e-02 -3.89207639e-02
  4.16062623e-02  6.77834600e-02  1.03204744e-02  3.05960011e-02
 -2.33580042e-02  8.84257630e-02  3.19631509e-02  3.77051309e-02
 -2.89060324e-02 -5.45273535e-02 -3.94113325e-02 -5.24524075e-04
  3.26549746e-02 -1.35877104e-02 -4.48253006e-02 -3.13675217e-02
 -8.41480717e-02  9.54430103e-02  1.78584494e-02  3.63289714e-02
 -3.24774161e-02 -3.08333114e-02 -7.07325339e-02  8.54254961e-02
 -2.26211306e-02 -1.18782640e-01 -7.45917857e-02 -3.16219516e-02]",True,False
Charlie Kirk Destroys Climate Crazies!,Charlie Kirk,conservative,"that having children is necessary, and those of us that believe in the Bible, we we have an answer for that. it's like the second chapter of the Bible: be fruitful and multiply might be the third. anyway, the point is that it's right there. then why have if you, if you actually believe that climate change is an existential threat, which is complete gibberish, nonsense and boulder dash, and all of you guys should be unafraid to push back against, against all that garbage, because it's designed for one thing: power and control. and let me just tell you something that is a general rule: if your biggest worry in life is existential, you live a great life. if your biggest worry is the sky falling and not sanitation, nutrition, getting murdered on the way home or being beaten, you live a very nice life. you do this. climate change nonsense can only happen in a rich, generally peaceful Society. this. doesn't you think that the people in the slums of India who have to worry- the 300 million that don't have access every single day to functioning toilets- you think that they're worried about the sky falling? or maybe that they want a coal P, Coal fire power plant to be able to have a hospital or a school? and so I guess the final point I'll make on this, which is so important, is reject the premise. the premise of that whole thing is that more people",0.996,"[ 4.07248270e-03  4.31274176e-02  3.18956636e-02  6.39201179e-02
  6.34713396e-02  4.03059786e-03 -1.00502307e-02  8.42502061e-03
  8.52844790e-02  7.99416453e-02  2.18966999e-03 -7.32128993e-02
  7.50731155e-02 -1.08447708e-02 -1.36616044e-02  2.53906921e-02
 -1.22783944e-01 -5.23305535e-02 -6.22490346e-02 -8.61153472e-03
 -2.17710789e-02  8.14386606e-02  4.48670685e-02  1.71927810e-02
 -6.59422353e-02  6.15165159e-02  3.69618386e-02 -4.67068283e-03
 -7.25924596e-02  1.19499728e-01  8.62429813e-02  2.52897888e-02
 -3.97861935e-02 -1.42341703e-02  2.12657847e-03  6.43563047e-02
  1.15217716e-01 -2.16183206e-03  1.14280116e-02 -7.18057379e-02
  2.76794434e-02 -4.27060388e-03 -6.03784481e-03 -6.79869801e-02
  8.05897173e-04 -9.01132356e-03 -2.64303349e-02 -4.11277562e-02
  2.78005023e-02 -9.31685790e-02 -5.90898236e-03 -8.77962727e-03
 -4.23620781e-03 -1.95929594e-02 -2.09472422e-02 -1.61657333e-02
  1.78171098e-02 -4.48972248e-02  7.55184330e-03 -2.35358421e-02
  5.58675639e-02 -8.00372474e-03 -6.61742762e-02  1.01179201e-02
  6.06522225e-02  1.10388864e-02  7.39519969e-02  6.71940297e-02
  4.49839840e-03  4.96610850e-02 -7.73652419e-02  1.02063082e-01
  1.43457642e-02 -1.97713096e-02 -3.42333578e-02  1.02838054e-02
 -1.00491177e-02 -1.48201371e-02  4.68745641e-02  5.36471233e-03
  1.37663454e-01  3.05670523e-03  8.70589167e-02 -3.37726139e-02
 -2.84855533e-02  1.52183212e-02  7.68460333e-02 -2.34433152e-02
  1.04847521e-01  1.48900994e-03 -5.54490797e-02 -2.37934086e-02
  1.35044560e-01  6.68586642e-02  1.30475601e-02  2.88005755e-03
 -4.91813645e-02 -2.02677250e-02 -3.99564356e-02  9.39022377e-03
 -1.97057314e-02 -1.12960346e-01 -1.56756733e-02 -5.89903863e-03
 -4.71796244e-02 -6.98737875e-02 -1.14100993e-01 -5.69997206e-02
 -1.30621558e-02 -2.61193253e-02 -6.57663047e-02 -4.71656360e-02
 -2.22153720e-02  1.33583676e-02 -1.34132532e-02 -6.71562506e-03
  9.49594378e-02 -7.59026781e-02 -5.25451824e-02 -2.88960487e-02
 -9.35360566e-02  4.13181670e-02 -3.65347378e-02  5.65978289e-02
  4.18228544e-02 -6.92275912e-02  4.67342101e-02  2.63926253e-33
  4.25479487e-02  4.94758924e-03  8.64665583e-02 -3.29379849e-02
 -2.75928061e-02 -3.56855948e-04 -3.60669978e-02 -2.84350172e-05
  6.50167540e-02 -5.34763038e-02 -3.10581224e-03 -3.45468037e-02
  2.38204328e-03  1.75260305e-02  2.59405188e-02 -4.42201924e-03
 -1.09062426e-01 -4.92038019e-02 -1.53743075e-02  3.08989175e-02
 -6.99897185e-02 -2.40914747e-02  5.82740754e-02  2.90678497e-02
  1.86399405e-03 -2.59925053e-02  9.70475003e-02  8.31902996e-02
  1.45345125e-02  6.74800389e-03 -1.48258824e-02  2.33789883e-03
 -4.25735191e-02 -2.90726908e-02 -2.16490086e-02 -4.90256622e-02
 -6.42906278e-02  2.69991048e-02 -2.56653447e-02  1.44762360e-03
 -6.42190427e-02  2.75857579e-02 -1.21325776e-02  3.06640193e-02
  7.01976791e-02  9.53165255e-03  6.30682930e-02  1.98536720e-02
 -1.43978164e-01  5.69226705e-02 -4.91579846e-02  9.82465297e-02
 -3.49887484e-03 -4.29498367e-02 -3.17517482e-02 -8.27152878e-02
  9.56042111e-03  1.88041683e-02 -4.28400971e-02 -1.05476424e-01
 -6.34829774e-02 -1.46390498e-01  1.05145480e-02  5.56951575e-03
  4.94948030e-02  3.87485810e-02  7.41825104e-02  3.48745026e-02
 -6.05214946e-03 -3.01691089e-02  2.59489305e-02 -4.71370295e-02
 -2.75896024e-02  5.20993248e-02 -3.10585070e-02  2.19294932e-02
  3.41168791e-02  2.05153320e-02 -9.24666449e-02  1.29616670e-02
  2.05735620e-02  1.11520309e-02  5.03615551e-02 -3.30240950e-02
  7.00499564e-02 -1.00321233e-01  5.97192347e-02  6.43720701e-02
  4.54104953e-02  3.23862908e-03  5.77142686e-02 -1.99669879e-02
  6.03165887e-02  1.68325715e-02 -5.05301952e-02 -3.12706881e-33
  2.17294339e-02 -2.36098487e-02 -3.74859348e-02 -1.35151325e-02
 -5.62634915e-02 -1.14136217e-02 -2.92155948e-02 -6.16995655e-02
  1.65655725e-02 -2.03019828e-02 -1.29545303e-02  9.55402330e-02
  8.98359939e-02 -2.77395211e-02 -1.48327546e-02 -6.81430250e-02
  9.51985922e-03 -8.03686585e-03 -4.73079495e-02 -5.73509857e-02
  3.11140455e-02 -8.26991349e-03 -1.02681138e-01 -9.54791438e-03
 -5.24090007e-02  3.77656296e-02 -1.26879299e-02  1.10134259e-02
  3.71373296e-02  2.43558232e-02 -1.86702423e-02  7.61573017e-02
 -2.51050238e-02  4.12791073e-02 -2.26824009e-03 -3.13877277e-02
  5.10000344e-03  5.15445359e-02  3.64679582e-02  6.97406149e-03
 -9.23144445e-02 -3.76878679e-02 -4.58182953e-02 -3.08210608e-02
 -5.03680818e-02  3.83482128e-02  1.04320087e-01  5.21966629e-02
 -4.77635069e-03 -1.37494393e-02  7.51807839e-02  4.90070358e-02
 -1.90094113e-02 -3.26562412e-02  7.56725967e-02 -9.48481634e-02
 -2.94589205e-03 -6.46684915e-02 -3.85191701e-02  3.97596508e-02
  1.51297366e-02  5.46215661e-03  4.58647944e-02 -1.13776503e-02
 -1.96596049e-02 -6.83330223e-02 -6.74384311e-02 -1.86243933e-02
  5.82600050e-02  1.82070844e-02  1.69443095e-03 -6.97809383e-02
 -5.04474007e-02 -7.99528360e-02  2.64576934e-02 -1.07816244e-02
  3.13217356e-03  2.90514436e-02 -1.26520814e-02  3.45122330e-02
 -2.44347937e-02 -3.39942351e-02  1.01407856e-01 -2.99809966e-02
  4.70121875e-02 -9.03421193e-02 -1.28651708e-02 -1.16532687e-02
  5.21621741e-02  1.09140083e-01 -6.73989728e-02  2.16660835e-02
 -8.12829435e-02  5.64672658e-03  4.47236300e-02 -5.77606443e-08
  1.18141592e-01  2.77174786e-02  4.89242226e-02  5.72690181e-02
  4.44631130e-02 -1.61896460e-02  2.88020968e-02  5.16480245e-02
  4.73698676e-02  4.90954369e-02  2.20489856e-02  5.08277901e-02
  1.03591241e-01  7.13759586e-02 -6.01598993e-02  9.28378478e-03
  3.67347174e-03 -8.48017037e-02 -4.84394580e-02 -6.88927621e-03
  9.35835578e-03 -2.68913005e-02 -1.15961740e-02 -2.62859631e-02
  9.95776728e-02 -3.98779064e-02 -1.72724389e-02  2.40493193e-02
 -3.32459919e-02 -5.08320192e-03 -1.57548096e-02 -8.04282352e-02
 -5.38652204e-02 -1.00051863e-02 -2.57906560e-02 -2.57578213e-02
  5.65036684e-02  1.16140231e-01  2.89719142e-02  7.98224751e-03
  4.11713943e-02  7.02788383e-02 -2.98313517e-02  6.32499754e-02
 -3.03124841e-02 -7.69032016e-02 -6.57768920e-02  7.83619285e-02
 -6.49897829e-02  2.84385718e-02 -1.00968145e-02 -3.96951213e-02
  2.41803154e-02  1.65925324e-02 -8.58622231e-03 -2.11808421e-02
 -5.56485094e-02  6.67906180e-02 -1.43577540e-02  7.92746842e-02
  2.75027286e-02 -4.58207764e-02 -1.25736609e-01  9.22510982e-04]",True,True
“The Climate Change Agenda Is A Hoax” - Vivek Ramaswamy,Vivek Ramaswamy,conservative,"young people in this country are so hungry for a cause, they are starved for purpose and meaning, and so when you lose faith and when you lose patriotism, you start bending the need of new religions like the climate religion instead. I stand by what I said at the debate stage. the climate change agenda is a hoax. more people are dying of bad climate policies then they are of climate change itself, and we have to be clear that you know what the climate disaster. death rate is down by 98 because of more use of fossil fuels, not less, and so I ask: what advances American Prosperity? not what emits carbon or not into the atmosphere. that is the wrong question to ask, and I feel sad for young people who are so, so starved for purpose and meaning that they're turning to this new cult instead of actually just asking what it means to be an American. that's how we win and dilute these agendas to irrelevance.",0.997,"[ 5.50516583e-02  4.25230227e-02  5.64063005e-02  8.84669647e-03
  9.92738381e-02  1.39692854e-02 -2.90531050e-02 -2.07401868e-02
  4.77395467e-02 -8.13840516e-03  4.44792844e-02 -2.05846075e-02
 -2.90520601e-02  2.45083036e-04 -2.44441489e-03  6.07084371e-02
 -7.94878528e-02 -7.65206059e-03 -3.03502139e-02 -1.79999135e-02
 -9.54171568e-02  6.95038885e-02  2.14444511e-02  1.06166705e-01
  3.86865921e-02 -2.82374136e-02  6.06867136e-04  1.46594886e-02
 -5.70122413e-02  1.12963669e-01  8.09400529e-02  8.84683989e-03
 -7.92108625e-02 -3.12101897e-02  2.02690717e-02  4.57211584e-02
  1.28516793e-01 -1.17198844e-02 -1.43779693e-02 -3.56869809e-02
 -3.72497663e-02 -5.77619188e-02 -3.73554341e-02 -6.82030767e-02
 -1.76456086e-02  2.92712171e-02 -2.70348378e-02  2.94671170e-02
 -1.65625867e-02 -6.77485019e-02  1.76910423e-02  1.52009213e-02
 -2.04458330e-02 -3.47933918e-02 -1.05559910e-02 -7.00692311e-02
 -1.50751146e-02  3.08751110e-02  4.12616367e-03  1.32389152e-02
  2.00062376e-02 -8.27489048e-02  4.97445650e-03  3.06028575e-02
  2.11875234e-02 -4.04912196e-02  1.35925086e-02  2.54802369e-02
 -7.59534165e-03  1.28651026e-03 -5.85743003e-02  7.54320174e-02
  1.16865449e-02 -6.60136417e-02 -8.48280415e-02 -1.15755172e-02
 -1.94442924e-02  1.36602446e-02  9.23956484e-02 -8.10533017e-03
  1.51442960e-01  1.80184823e-02  2.80343159e-03 -3.23921964e-02
  3.30327600e-02  1.95163616e-03  5.01028437e-04  9.92930401e-03
  2.39661429e-02  2.14442573e-02 -1.19908065e-01 -2.16642190e-02
  8.39085609e-04  7.77354464e-02 -2.73588058e-02  2.87639741e-02
 -2.08684132e-02 -4.89617474e-02 -3.70985903e-02  2.79706437e-02
 -1.54347830e-02  2.08271798e-02 -2.60445252e-02 -3.35028619e-02
 -1.13302534e-02 -7.08530024e-02 -6.75706416e-02  7.22961593e-03
  2.32003652e-03  6.87164590e-02  1.20417485e-02  1.33163529e-02
 -6.92520812e-02 -2.30339728e-02  7.67138675e-02  1.56033896e-02
  4.68287356e-02  1.23690385e-02 -8.50006714e-02 -5.46578225e-03
 -9.16588083e-02  1.46104945e-02 -8.81621242e-02  7.85028040e-02
  4.88767736e-02 -1.63261533e-01 -2.58601103e-02  2.86492548e-33
  1.44975185e-02  4.27098721e-02  3.13521959e-02  6.61855713e-02
 -6.25903383e-02  3.08766384e-02  1.93714746e-03 -5.53872576e-03
 -3.45139205e-02 -5.71031831e-02  6.71881288e-02  1.51013918e-02
  2.50541717e-02  1.02256373e-01  7.88195506e-02 -1.29793748e-01
 -9.97400880e-02 -3.46116945e-02  1.52515620e-02 -9.51035395e-02
 -7.51335248e-02 -1.66690489e-03  3.53552438e-02  5.75784110e-02
  8.61433521e-02 -9.69369635e-02  4.42903452e-02  2.49256697e-02
 -4.85298149e-02 -1.08984532e-02 -4.89905151e-03 -5.04874438e-02
 -6.97780102e-02  2.57349778e-02  1.86666958e-02 -9.12502259e-02
  3.66723463e-02 -2.43155621e-02  4.96419705e-02 -5.19378930e-02
 -5.60812652e-03  8.74403194e-02 -3.47694121e-02  2.43198108e-02
  7.38391355e-02 -1.03490222e-02  1.05352931e-01  2.77921762e-02
 -7.29129538e-02 -9.33749229e-03 -6.17325008e-02  9.72549021e-02
  1.83144677e-02 -1.09516896e-01 -6.79466687e-03 -5.97779863e-02
 -3.07279825e-02 -3.35009024e-03 -1.18324971e-02 -1.69466749e-01
 -3.72936763e-02 -5.42879179e-02 -2.24315338e-02  6.73444942e-03
  1.76253654e-02  6.26199841e-02  3.74339446e-02 -1.95826218e-02
 -1.05891917e-02  4.98934351e-02  8.08078349e-02 -6.51308289e-03
 -4.50450107e-02  1.43675013e-02  1.73832439e-02  4.02995721e-02
 -5.87439165e-03 -4.52004671e-02 -7.67753413e-03  1.32090761e-04
  5.81389740e-02  5.73442616e-02  3.29109542e-02 -3.24010253e-02
  1.41602438e-02 -6.73212186e-02  6.16137646e-02  3.73155251e-02
  1.23488054e-01 -5.75958826e-02 -1.57190880e-04 -7.04322010e-02
  2.70550530e-02  1.04890168e-02 -6.54218495e-02 -2.95693731e-33
  9.42014977e-02 -2.43778192e-02  1.87584274e-02 -2.22353712e-02
 -8.33052956e-03 -5.70422076e-02 -3.62610407e-02 -3.19902971e-02
  3.04552540e-02 -5.71924262e-02  4.90275100e-02  8.66800100e-02
  1.35188373e-02  6.21738099e-02 -2.93422081e-02 -5.70914857e-02
  1.72385070e-02  2.49845423e-02 -2.90931575e-02 -2.62205210e-02
  3.11198458e-02  7.25130662e-02 -1.21775813e-01  1.58343613e-02
 -7.75817782e-02  2.02135113e-03  1.77416783e-02  2.16896534e-02
  6.13748617e-02 -2.78352853e-02  9.61747114e-03  1.16878904e-01
  5.25166728e-02  4.26861383e-02 -1.18385926e-02  1.06888987e-01
 -5.05080633e-03 -6.89768326e-03 -2.76101884e-02 -4.81365547e-02
 -7.23358383e-03 -5.37279472e-02  1.51657332e-02 -7.62266219e-02
 -4.76691574e-02  1.09377934e-03  4.59779017e-02  6.97118714e-02
 -3.75085361e-02  3.26479860e-02  6.83451742e-02 -3.61083052e-03
 -4.80232276e-02  4.07255292e-02  2.01614574e-02  3.17248479e-02
 -4.13518064e-02 -7.02520460e-02  1.06413169e-02  4.97373985e-04
  3.34439948e-02 -1.02124754e-02  9.52556077e-03 -5.89526892e-02
  5.75361541e-03 -5.86439781e-02 -4.46459055e-02  5.83199318e-03
  3.64894085e-02  9.00527835e-02  1.80460643e-02  3.02064326e-02
 -5.85565306e-02 -7.57011548e-02 -1.03631606e-02  1.07035600e-02
  2.20868690e-03 -3.55396904e-02 -2.53583137e-02  3.81841175e-02
  1.64350513e-02 -3.69901359e-02 -5.71238762e-03  1.68448538e-02
  7.24178329e-02 -7.29586855e-02 -1.16353311e-01 -1.80429593e-02
  3.22570279e-02  8.28896984e-02 -4.56734635e-02 -5.92352599e-02
 -3.87523435e-02  3.12854610e-02 -4.67284061e-02 -4.93370607e-08
  5.60157783e-02  1.91162080e-02 -6.22533588e-03  7.81368986e-02
  4.55268398e-02  1.48075819e-02 -5.27591305e-03  2.42465152e-03
  4.98876199e-02 -4.51582894e-02 -3.06412354e-02  6.19185753e-02
  5.88260256e-02  5.75734116e-02 -4.39363681e-02 -4.81905937e-02
  2.30560806e-02 -4.12911735e-02  8.27654451e-03 -5.36688566e-02
  9.00255740e-02  1.21309623e-01  3.07358149e-02 -6.43235147e-02
  2.72130147e-02  1.49204759e-02 -3.50329541e-02  5.05493656e-02
 -3.71323340e-02 -9.34966840e-03  1.34115163e-02 -6.76031634e-02
 -2.20511947e-02 -7.20790448e-03 -9.36103612e-03 -2.94038970e-02
 -6.98902383e-02  1.11575574e-01 -2.12609544e-02  1.51467687e-02
  9.54438522e-02  6.61004335e-02 -4.39427719e-02  3.00671589e-02
 -2.39931755e-02 -5.87726943e-02 -5.17280884e-02  6.95988610e-02
  1.21710682e-03  4.17865105e-02  4.28269105e-03 -7.69198537e-02
  4.30084318e-02 -1.60834920e-02  3.23113501e-02  1.41825778e-02
 -4.25008871e-02  9.68195274e-02  3.56422849e-02 -1.95744038e-02
  6.91868551e-03 -5.73637076e-02 -3.49020138e-02  2.45557725e-02]",True,True
It's Time To Acknowledge The Climate Crisis For What It Is - A SCAM,Vivek Ramaswamy,conservative,"Vic ramaswamy is the founder and executive chairman of strive Asset Management, who sees the big picture of these ideas on our country, and we're happy to have Vic. thank you so much for coming on. so you're, I would say, a very rational man. um, these don't seem like rational ideas, like there's no way to justify this on the basis of science or economics. I don't think there's another explanation apart from religion. religion is absolutely an explanation, Tucker, but here's the dirty little secret about the climate religion. it has nothing to do with the climate and everything to do with making the west, and America in particular, apologize for its success, which it views as a sin, and I can prove that to you. okay, because if it was about the climate, then this movement would care about shifting oil production to places like China, but somehow it only attacks oil production in the United States, and last time I checked it was called global warming. you can also take the hostility of this movement. the big mystery is actually its hostility to nuclear energy, which would be the best known solution to mankind for carbon-free energy production, even if you subscribe to this religion. and yet the hostility of the environmental and ESG movement and related climate religion to nuclear energy reveals what's going on. that might be too good at solving the problem, where they no longer have the Trojan Horse for Global Equity.",1.0,"[ 6.75674295e-03 -2.60388339e-03  7.57410154e-02  5.54704182e-02
  7.99196661e-02  6.14347197e-02 -3.26701254e-02 -4.19311412e-02
  5.71275316e-02 -4.92562726e-02 -5.68552762e-02 -1.22072464e-02
  1.66029623e-03 -4.94230725e-02 -4.64722365e-02  2.55290270e-02
 -1.07844494e-01 -4.89603244e-02 -5.58808967e-02  2.68411823e-02
 -3.63172889e-02  4.01149541e-02  3.28467228e-02  7.32059106e-02
 -1.26131242e-02  2.67551541e-02  2.76899897e-02 -6.80791782e-05
 -7.08444864e-02  8.96621868e-02  3.72804739e-02  2.58746464e-02
 -5.99345528e-02  3.92277837e-02  2.48024222e-02  8.53014961e-02
  7.85407145e-03  4.59282845e-02 -5.25545217e-02 -4.38510701e-02
  3.79251391e-02 -1.05765171e-01  4.67986688e-02 -7.66853541e-02
 -8.15680400e-02  4.44592349e-02  1.90474596e-02 -4.97206226e-02
 -3.32266502e-02 -1.33235425e-01  1.24076707e-02 -3.55972424e-02
 -1.16363028e-02 -8.63987952e-02 -9.25450772e-03 -2.50123878e-04
  1.95818879e-02  3.66006829e-02 -1.04013858e-02 -2.70440690e-02
  6.58358410e-02 -2.79678050e-02 -2.19850261e-02  3.37360390e-02
  9.42067057e-02 -4.27899100e-02  6.08507358e-02  4.43140715e-02
 -7.42525235e-02 -1.78427398e-02  2.36655232e-02  1.32989781e-02
  3.97389829e-02 -1.81766767e-02 -6.61483482e-02 -8.01978707e-02
  2.63504423e-02  1.92543305e-02  7.26190433e-02 -4.04127501e-02
  1.03573970e-01 -3.45571786e-02  6.80479407e-02 -1.11015216e-02
  2.30114534e-02  1.19836964e-02  3.70338596e-02 -2.08697212e-03
  1.29774094e-01  4.05481346e-02 -7.90177584e-02 -5.04842997e-02
  2.89738812e-02  2.83843428e-02  7.82569051e-02  1.10809647e-01
 -2.02747844e-02 -1.43323955e-03 -4.75169122e-02  2.68180985e-02
  5.58264041e-03  5.64904176e-02 -6.77957311e-02 -9.41068828e-02
 -1.22706369e-02 -8.46580938e-02 -7.86084980e-02 -2.44729314e-02
 -7.12913880e-03  4.97694267e-03 -7.35056624e-02  1.02564683e-02
 -6.33500442e-02 -2.93284133e-02  3.29055041e-02  3.99886854e-02
  4.44232225e-02 -3.76514532e-02 -1.02042668e-01 -8.43315497e-02
 -5.75693361e-02  3.01937293e-02 -5.76386862e-02  1.25366583e-01
  7.03486651e-02 -6.50566146e-02 -4.48655337e-03 -1.70643324e-34
  2.73447670e-02  3.30461748e-02  2.07816549e-02 -1.38046695e-02
 -5.33443736e-03  3.07070948e-02 -2.26850770e-02 -7.09555671e-02
 -2.71991510e-02 -3.90992388e-02  2.84487866e-02  8.10448304e-02
  4.43121344e-02  8.76258612e-02  6.87345024e-03 -6.10869154e-02
 -2.54960172e-02 -2.21287273e-02  2.54744813e-02 -9.44084898e-02
 -3.69932540e-02  4.50469553e-02  3.50118205e-02  2.67572384e-02
 -5.22034019e-02 -6.90152496e-02  6.37311190e-02  3.10703665e-02
  3.56922224e-02  3.38877663e-02 -5.86519800e-02  2.82531641e-02
 -5.53113408e-02 -4.21713069e-02  5.77502213e-02 -4.77720387e-02
 -2.49656420e-02 -4.61802296e-02 -3.22502963e-02 -1.34776803e-02
  5.17044105e-02  9.02079493e-02 -4.07703817e-02 -4.41671200e-02
 -1.01672271e-02  2.29367688e-02  1.21726267e-01 -1.36448517e-02
 -5.50517999e-02  7.92146474e-02 -1.04980299e-03  5.95413595e-02
  6.30338416e-02 -9.41108614e-02 -1.36282369e-02 -5.92413470e-02
 -4.92153689e-02 -3.42669673e-02 -4.61477377e-02 -6.66573644e-02
 -7.05465153e-02 -2.81044766e-02 -3.07008717e-02  9.86292120e-03
 -6.98119076e-03  6.16333336e-02 -4.63239383e-03  5.71173653e-02
 -4.21889164e-02  5.35970815e-02  7.26828277e-02 -5.26119694e-02
 -1.85909513e-02 -1.20846629e-02  1.14283459e-02  3.38563807e-02
 -3.49708535e-02  2.13189200e-02 -2.13706717e-02  1.87745392e-02
 -3.68350334e-02  3.51819284e-02  9.88624692e-02 -1.73103679e-02
 -6.42696917e-02 -4.31641527e-02  8.23599927e-04  5.87324686e-02
  8.29066783e-02 -2.20215153e-02 -3.95251438e-02  7.98430294e-03
  1.41387209e-01  2.11159326e-02 -1.10681459e-01 -2.46486233e-33
 -7.48470565e-03 -3.07973363e-02 -1.46538047e-02 -4.35101278e-02
 -8.95575993e-03 -8.24088603e-03 -6.61758110e-02 -2.07577609e-02
 -1.86230009e-03 -6.20012209e-02  5.68216741e-02  1.42480796e-02
 -1.74909905e-02 -1.11236768e-02 -2.57145166e-02 -3.61407101e-02
  4.39697877e-02  2.14189645e-02 -1.01620302e-01 -6.46047741e-02
  4.48930040e-02  5.31880260e-02 -4.70271520e-02  1.38544301e-02
 -5.75906858e-02  5.80060966e-02  6.08224571e-02 -7.98064284e-04
  2.59424113e-02  2.75815111e-02 -5.49928052e-03  1.22243471e-01
 -7.23888651e-02  1.27993291e-03 -2.24951524e-02  8.26294497e-02
 -3.48816924e-02  3.31563950e-02 -2.52003614e-02  1.21928500e-02
  1.68236718e-02 -8.02538469e-02  2.14603990e-02 -7.61327520e-02
  2.64292932e-04 -1.48020443e-02  5.86197972e-02  7.52296522e-02
 -1.08183501e-03  3.30087985e-03  5.13173714e-02 -2.31261719e-02
 -1.54382642e-02 -2.94960607e-02 -2.11086199e-02 -4.97057661e-03
 -3.03811766e-02 -2.02919561e-02 -3.88527922e-02 -2.45379470e-02
  1.05905281e-02  4.82651889e-02  3.16677354e-02 -1.03334859e-02
 -2.17504706e-02  1.63760781e-02  4.39640731e-02 -1.07415602e-01
  8.51472169e-02 -6.35310188e-02 -4.78852689e-02  1.87213754e-03
 -6.79097772e-02 -1.50350668e-02 -3.70676070e-03  2.25852225e-02
 -3.60591784e-02 -4.63450998e-02 -8.23532417e-03  1.19944587e-02
  1.35167344e-02 -2.78700609e-02  9.56111867e-03 -2.85586752e-02
  9.35549363e-02 -8.16695169e-02 -1.02679916e-01 -7.05539882e-02
  7.51813278e-02  5.34761027e-02 -1.25510275e-01 -5.24591170e-02
 -3.48765589e-02  7.40124211e-02  3.60730896e-03 -5.94985679e-08
  7.51349702e-02 -6.90993620e-03 -2.11401982e-03  6.09250180e-02
  1.12930341e-02  2.51758583e-02  1.25285620e-02 -1.10339345e-02
  4.36697863e-02  8.11970159e-02  3.80666368e-02  3.39999869e-02
  5.60676819e-03  1.36261165e-01 -1.09379925e-01 -3.16936187e-02
  2.46819146e-02 -7.89648620e-04 -3.50832045e-02 -6.16055690e-02
  5.99973425e-02  1.04776779e-02  1.78069379e-02 -1.05679352e-02
  6.93105012e-02  1.55231077e-02 -8.44733790e-02  9.11438763e-02
 -3.32940393e-03  1.10264290e-02  2.34868284e-02 -1.88412741e-02
 -4.36026528e-02 -1.27004143e-02 -5.34115843e-02 -1.51000656e-02
  2.59774085e-02  6.93835989e-02 -3.09078139e-03  2.28569582e-02
  1.33835832e-02  9.04320329e-02  2.33424250e-02  7.07103088e-02
  3.96784432e-02 -3.02210469e-02 -4.37143221e-02  7.62905702e-02
  3.16623189e-02  7.90223852e-02  2.40550973e-02 -4.16806377e-02
  2.82274019e-02  1.05386637e-02 -4.15511429e-02 -1.79520175e-02
 -7.97805861e-02 -5.32801569e-05 -7.67578110e-02 -1.67318676e-02
  1.99012849e-02 -8.48952085e-02 -5.82282851e-03 -4.65221936e-03]",True,True
Fox News is Definitely Certain that Climate Change is a Hoax,Fox News,conservative,"you don't go see Joseph goal's films to see the truth about Nazi Germany. you don't want to go see Al gor film to see the truth about global warming. global warming- well, I rudely put it in the myth chapter with psychics and astrology. it is some of the coldest air in this part of the country in 20 years, proof that all of this hype over global warming could be just that height. today's headlines about global warming prove the news Axiom. if it bleeds, it leads. the warming is due to the sun. thermonuclear war might threaten the survival of our civilization, but warming up the planet? I think not. no doubt that it's man-made. it's a hoax, a total hoax. it's an outrageous lie. you're a meteorologist. what do you think scientists really agree on? there is no agreement that the warming we've seen is due to man. it is more fiction than fact. just to rush to judgment and assume that it's human emissions of carbon dioxide and other greenhouse gases is really foolish. CO2 is not a pollutant. the hysteria we're all going to drowned. this is the alarmist scientists who always get the most play on the media. the thing about Al Gore is I've always thought of him as such an inauthentic man. Planet fever or PR fever. Al Gore is wrong in a science. I want to point out something. he's got the Bella legosi haircut. Al Gore is unhinged if",0.996,"[-7.54695013e-02  5.37026934e-02  5.36821559e-02  4.97961603e-02
  1.36207744e-01  3.74997146e-02 -7.18189329e-02  2.66000275e-02
  2.28283051e-02 -1.50652854e-02 -6.44512624e-02 -8.05258974e-02
  1.10627515e-02  6.76216707e-02 -2.89560556e-02  1.02300793e-02
 -1.10607468e-01 -5.39144240e-02 -1.21364519e-02 -2.29773168e-02
 -4.67431098e-02  7.80545995e-02  6.20855354e-02  5.90636954e-02
 -2.84959953e-02 -2.40220241e-02 -1.76786259e-02  6.09247200e-02
 -1.30920917e-01  7.92267323e-02  4.09899317e-02  6.69762120e-02
 -7.46105909e-02 -5.03449701e-02  5.50162867e-02  5.08461008e-03
  8.70419145e-02 -2.71779262e-02 -9.92573705e-03  4.55914810e-03
  1.82866529e-02 -9.15318280e-02  2.02653203e-02 -1.48725258e-02
 -3.16206068e-02  1.49965733e-01 -6.05111523e-03  1.25903813e-02
 -6.90043718e-02  1.32318232e-02 -5.99972792e-02 -2.16255197e-03
 -1.54555971e-02 -5.57562672e-02  9.74200739e-05 -3.58125046e-02
 -2.22720653e-02 -1.92043409e-02  3.31074446e-02 -5.40895052e-02
  2.92915255e-02 -7.24047869e-02 -6.18430302e-02  8.49130191e-03
  3.64906415e-02  2.38795672e-02  1.33573692e-02  1.03656566e-02
 -3.75430137e-02  3.55681628e-02  2.06729155e-02  4.01036181e-02
  6.24899678e-02 -2.61772405e-02 -7.30440319e-02 -1.05896294e-01
  1.94291328e-03  2.48623453e-02  7.88480788e-02 -4.02143076e-02
  9.55455005e-02 -5.29894605e-02  1.03967749e-02 -5.06452583e-02
 -6.45037219e-02 -1.18732108e-02  1.11798653e-02  1.29590863e-02
  1.90725122e-02  1.07032195e-01 -6.10433221e-02 -1.07422128e-01
  1.96148399e-02  9.05613154e-02 -2.92411004e-03  7.41600394e-02
  1.05491960e-02  2.77582072e-02  2.02100389e-02 -2.46062782e-02
  1.06848627e-02 -4.42841575e-02 -4.61528711e-02 -7.36330822e-02
  2.21140590e-02 -3.69332731e-02  3.29517722e-02 -2.08630729e-02
  3.81617695e-02  9.12833726e-04 -6.43767938e-02  6.91994429e-02
 -2.63831373e-02 -3.55773084e-02  6.41682371e-02  2.32081115e-03
  6.48264512e-02 -1.41161084e-02 -7.87892416e-02 -3.02885659e-02
 -1.63518973e-02  4.89980690e-02 -1.86125580e-02  1.35422498e-01
  5.80107719e-02 -8.95926058e-02  6.78151753e-03  1.03813655e-33
  3.36214453e-02  5.82937263e-02  4.80225962e-03  3.41480710e-02
  7.35353772e-03  5.07892035e-02 -4.43466529e-02  2.41925661e-02
 -6.27305135e-02  3.58496164e-03 -2.07269620e-02  1.89797021e-02
  9.40895174e-03  8.35856423e-02 -2.82767508e-02  2.64880024e-02
 -2.18425989e-02 -1.68756675e-02 -4.48923074e-02  4.18685423e-03
 -8.68308707e-04 -5.28849754e-03  4.04393189e-02  3.81633155e-02
  1.90265309e-02  2.07794886e-02  8.20833519e-02  1.11440578e-02
 -2.64757518e-02 -7.85930362e-03  1.06771216e-02 -5.31367026e-02
 -6.27665445e-02 -4.85018315e-03  4.94660214e-02 -6.80098832e-02
 -5.81396855e-02  2.23957114e-02 -4.30942662e-02 -9.94018558e-03
  2.86632366e-02  3.05141918e-02 -1.38013080e-01  2.11239904e-02
  9.96619388e-02  5.46542965e-02  6.69757873e-02  8.68788827e-03
 -9.62145254e-02  8.98862630e-03 -8.78500752e-03  5.01808710e-02
 -3.94478627e-02 -8.88087961e-05  1.24578644e-03  5.47903478e-02
  1.84837822e-02 -1.74476523e-02  2.76739756e-03 -6.94185048e-02
 -2.18559075e-02  4.40602079e-02 -6.38595596e-03  8.78084823e-03
 -3.56376991e-02  1.14048995e-01 -5.89711815e-02 -2.21399963e-02
 -3.04943025e-02  2.66977064e-02  5.87430708e-02 -2.84211915e-02
 -1.41204719e-03 -1.01047745e-02 -4.85460227e-03  5.49446382e-02
 -1.18378713e-03  3.98350731e-02  8.73026345e-03  2.98384354e-02
  5.65243028e-02 -3.32344919e-02  7.63026103e-02 -8.19316730e-02
 -6.24265708e-02 -8.61276016e-02 -3.66079956e-02  4.15281951e-02
  2.69351415e-02  3.91325355e-02 -1.91745814e-02 -6.65133744e-02
  9.42156389e-02 -1.98545251e-02 -1.23329379e-01 -1.32982280e-33
  3.57546238e-03 -1.10300835e-02  1.32408096e-02 -4.18336578e-02
 -9.39045027e-02 -1.87508501e-02 -1.01781666e-01  5.00892010e-03
 -6.98629953e-03 -3.72475199e-02  2.81465016e-02  4.22741510e-02
  5.78233041e-02 -2.73931380e-02 -2.62402706e-02 -2.86523905e-02
  4.28860933e-02 -3.16597335e-02 -3.53413671e-02 -8.65704939e-03
  3.69682983e-02 -1.98166929e-02 -1.30232364e-01 -4.69658896e-02
 -9.94929075e-02  5.79203703e-02  7.51568526e-02  3.97604369e-02
  7.24611878e-02  4.46892977e-02 -8.27182978e-02  2.22319420e-02
 -6.06141649e-02 -9.49627087e-02  2.91069001e-02  4.94052954e-02
  7.46850371e-02 -1.62197053e-02 -2.65186615e-02 -1.83735229e-02
  5.19780116e-03 -2.43402366e-02 -1.05842628e-01 -8.04649889e-02
 -3.71144759e-03 -4.24532369e-02 -4.54413099e-03  8.76927823e-02
 -3.57444398e-02  7.58803263e-02  9.98966675e-03  1.52519476e-02
 -6.32482618e-02 -5.32407239e-02  1.43544553e-02 -3.31820510e-02
 -4.31894735e-02 -4.33927774e-02 -1.15654580e-02  9.04237106e-03
  3.93313766e-02 -3.00213625e-03 -4.63262498e-02 -2.17911601e-02
 -4.78261616e-03 -6.70168996e-02 -3.04975361e-02  4.01657037e-02
  7.48034045e-02  4.59851660e-02 -3.94403748e-03  2.10585743e-02
 -5.65428063e-02 -3.82798463e-02  2.99227331e-02  7.45082833e-03
  4.20306735e-02 -2.49028560e-02  1.31764673e-02  3.97728495e-02
 -7.33805762e-04 -4.20512334e-02  1.26255751e-01 -5.38490480e-03
  1.27196074e-01 -2.99068782e-02  2.41637472e-02 -4.43222709e-02
 -4.15200256e-02  8.43254849e-02 -4.62535694e-02 -4.94862981e-02
 -1.87413748e-02  9.82318521e-02 -2.81747751e-04 -5.60287710e-08
  3.08932289e-02  7.63719901e-03  6.16514422e-02 -1.10250600e-02
  2.74843313e-02 -1.97666716e-02  2.39134114e-02  1.02267507e-02
 -9.41947510e-04 -2.48110318e-03  2.96777580e-02  5.68921566e-02
  5.50232045e-02  6.03920296e-02 -1.58608872e-02  1.22690864e-03
  1.41119666e-03 -1.02442890e-01 -5.21483086e-03  4.11853679e-02
  9.84910056e-02  3.83191779e-02 -3.30845304e-02  2.06241291e-02
  7.92761371e-02  4.10125405e-02  1.40498951e-02  5.09436689e-02
 -6.90683536e-03 -2.96277218e-02 -9.10377577e-02 -2.87116114e-02
  2.22164374e-02 -1.60588864e-02  1.81943234e-02 -3.92342545e-02
  6.43385127e-02  8.45865458e-02 -3.45080509e-03 -2.38776878e-02
  9.53348912e-03  1.14386030e-01  1.14076482e-02  8.79252851e-02
  6.53486699e-03 -7.09559172e-02  7.19137862e-03 -8.98196101e-02
 -1.70047805e-02  8.26466978e-02  3.52517553e-02 -2.80716773e-02
  1.52342729e-02  4.04782444e-02 -1.93463080e-02  2.63024848e-02
 -9.63348597e-02  1.52753834e-02 -7.52896145e-02  6.23619594e-02
  4.07468341e-02 -7.40500987e-02 -8.50623548e-02 -8.66260845e-03]",True,True
Fox News is Definitely Certain that Climate Change is a Hoax,Fox News,conservative,"we are to connect with our audiences on this issue, we learned that we must first get our own house in order. companies themselves have realized that there is some way to make some bucks by getting on board of some sort of climate change program. acting on this issue is simply good business. alarmist messages about global warming are counterproductive, but I'm a little more worried about akmad with a nuclear weapon than stupid Glacier melting outrage over dams who want to fight global warming at the expense of fighting terrorism.",0.989,"[ 1.98950106e-03  3.13263908e-02  1.07138723e-01  6.89638704e-02
  8.26217011e-02 -3.13232909e-03 -2.62144557e-03 -1.46107748e-02
 -3.98102738e-02 -1.02829048e-02 -7.32411817e-02 -1.17085893e-02
  1.52002526e-02  1.43700000e-02  5.20551205e-02  8.32869671e-03
 -1.86226200e-02 -5.76844625e-02 -7.23533425e-03 -4.39418741e-02
 -8.71743709e-02  3.20680514e-02  5.91325760e-02  4.57925387e-02
 -1.14299720e-02 -2.30430812e-02 -2.24608760e-02  4.19878252e-02
 -8.13967809e-02  7.78212771e-02 -1.43707432e-02 -1.55757763e-03
  8.35422054e-03  2.02221610e-02  8.25204849e-02  5.44053316e-02
 -2.66920961e-02  1.72875058e-02 -2.72669531e-02  1.67625695e-02
  8.23793411e-02 -7.84787983e-02  3.42567898e-02 -3.16559523e-02
 -7.33407140e-02  2.95903925e-02 -7.91640952e-03 -3.74830328e-02
 -2.50555370e-02 -1.58177651e-02  1.16454577e-03 -5.48829287e-02
 -7.54212076e-03 -7.86716491e-02 -1.57631263e-02 -7.41203278e-02
  7.74525758e-03 -3.89070176e-02  2.08050385e-02 -6.63140498e-04
  7.07591772e-02 -7.91929439e-02 -5.01465462e-02 -1.20466715e-02
  9.08606127e-02  3.39031331e-02 -4.60168859e-03  6.40524477e-02
 -1.80155002e-02 -6.87775910e-02  8.40495899e-02  2.65170019e-02
  4.80501503e-02  2.18237005e-02 -3.98838930e-02 -7.90142268e-02
  9.67709254e-03  3.76370102e-02  1.66329339e-01 -3.62794590e-03
  5.88800870e-02 -6.86997399e-02  4.07108329e-02 -3.16177495e-02
 -3.35348174e-02 -1.07859829e-02  2.96982583e-02  6.80985600e-02
  8.49910676e-02 -1.00685433e-02 -3.81403863e-02 -6.19153455e-02
  1.20724656e-01  4.76928465e-02 -6.34931028e-02  1.09817222e-01
 -5.54835796e-02 -2.49123089e-02 -6.02744333e-02 -4.07689065e-02
 -2.45170109e-02 -2.99874451e-02 -3.94551232e-02 -4.72367369e-02
 -3.35812941e-02 -4.01082896e-02 -3.91661301e-02 -1.40412310e-02
 -2.55182590e-02  8.82686023e-03 -8.68037641e-02  2.02789474e-02
  3.32650095e-02  5.75678283e-03  6.17141239e-02 -3.75320157e-03
  8.08866601e-03 -3.57749499e-02  4.37554158e-02 -5.08064255e-02
  1.34470928e-02 -3.07361074e-02 -1.23101822e-03  1.39959482e-02
  9.05876085e-02  1.47629082e-02 -2.02421006e-02  4.47342236e-33
  1.60536692e-02  1.34725481e-01  2.24631839e-03 -2.44147386e-02
  2.50008926e-02  2.81287078e-02 -8.11715052e-02 -1.27344597e-02
 -4.72369511e-03 -9.26511944e-04  5.66840693e-02  5.90221286e-02
  4.74943779e-02  9.34404209e-02  3.94404959e-03 -4.45854142e-02
 -2.19333023e-02  8.01347755e-03 -2.45029032e-02  4.60146664e-04
 -1.77037604e-02  8.20965692e-03  1.80595927e-02  9.76359770e-02
 -5.60632208e-04 -3.26015502e-02  7.66062289e-02  2.59793177e-02
  3.54407616e-02  1.29633825e-02  4.14882638e-02 -7.22708600e-03
 -8.87485873e-03  3.42226662e-02 -1.84947439e-02 -1.57159716e-02
 -8.16598684e-02 -1.06274919e-03 -5.53485900e-02  2.42780373e-02
  3.03691346e-02  6.03696564e-03 -2.37392727e-03 -2.99500283e-02
  7.10669458e-02  1.18982671e-02  6.55516908e-02 -1.91656966e-02
 -5.59922680e-02  8.73128418e-03 -2.49413028e-02  7.74271786e-02
 -6.87812194e-02  3.68023999e-02  2.45899893e-02 -4.34286334e-02
  5.30945025e-02 -1.58559665e-01  2.92347651e-02 -9.34357271e-02
 -7.45586008e-02 -1.50369219e-02  2.29024086e-02 -2.78800856e-02
  1.13114938e-02  1.68048516e-02  3.34204286e-02  2.57764235e-02
 -4.17987444e-02 -1.71604138e-02  5.51226474e-02 -8.27069059e-02
 -2.51739807e-02 -4.71118912e-02 -5.82114905e-02  2.05521192e-02
 -6.44774362e-02  6.07306957e-02  2.25675628e-02  4.81044017e-02
  2.13804264e-02 -3.33567411e-02  1.39443353e-01  3.86267304e-02
  2.64477208e-02 -5.93695380e-02  4.57510874e-02  8.24579597e-02
 -1.99393220e-02  1.06158473e-01 -1.77929904e-02 -9.42136906e-03
  9.54824686e-02  7.48228207e-02 -2.00629849e-02 -4.78882991e-33
 -1.38860233e-02 -1.20517835e-02 -5.26695661e-02 -6.84316754e-02
 -1.39925573e-02 -4.17466946e-02  1.37982512e-04 -1.03085347e-01
  4.85967435e-02  3.64545807e-02 -5.63822612e-02  5.96796200e-02
  4.17586043e-02 -2.36612521e-02  5.05117374e-03 -4.67567779e-02
  8.37483183e-02 -2.55257487e-02  4.42602119e-04 -5.96495494e-02
 -1.51896244e-03 -2.28182506e-02 -8.77732709e-02  5.83890043e-02
 -4.58197445e-02  4.16795984e-02  3.35046016e-02  1.00864954e-02
  6.30843490e-02 -1.36302384e-02 -1.73634887e-01  8.01216587e-02
 -6.99948221e-02  1.55736469e-02 -4.34712172e-02  5.44398241e-02
  2.65272465e-02 -7.03477487e-02 -7.13665485e-02  1.17335478e-02
  9.00252312e-02 -2.06158590e-02 -1.19664252e-01 -4.32921164e-02
 -4.47356999e-02  1.21757761e-02  2.28289682e-02  2.99569611e-02
 -3.44071463e-02  4.18658070e-02 -1.01927714e-02  2.93485429e-02
 -4.34492379e-02 -8.86980221e-02 -5.06451130e-02 -1.03543820e-02
  6.74681589e-02  1.22588268e-02 -1.47713497e-02  6.01095147e-02
  1.44185564e-02  2.49890983e-02  9.31335539e-02 -6.80415407e-02
 -5.71479462e-03 -9.32553969e-03 -3.52955125e-02 -4.76738922e-02
  6.50086477e-02  1.00827099e-04  1.24589102e-02 -2.19406411e-02
 -8.02785903e-02 -4.77663241e-02 -3.92102487e-02  3.68659943e-02
  1.26031879e-02  1.11856253e-03 -5.49915545e-02  1.93925446e-03
  4.08215597e-02 -1.05482163e-02  4.42289375e-03 -1.16337584e-02
  1.14427939e-01 -8.65872279e-02 -1.01784114e-02 -9.61856842e-02
 -5.83549915e-03  1.08378887e-01 -1.26840606e-01 -1.69772822e-02
 -3.88213918e-02  6.88717812e-02  1.09865330e-02 -5.06277225e-08
  9.19492077e-03 -1.35502350e-02  7.09840059e-02 -1.03933224e-02
  1.95480250e-02 -5.16163744e-02 -8.35782476e-03  1.44794164e-02
  3.97426262e-02  3.34728621e-02  4.33500744e-02  7.80578330e-02
  4.81645688e-02  8.48500580e-02 -6.47874475e-02 -4.23724800e-02
  5.28301671e-02 -2.19490044e-02 -7.46623278e-02 -9.46275238e-03
  3.02433912e-02  4.26553078e-02 -7.18608871e-02 -2.40377318e-02
  2.33602952e-02  3.07283495e-02  3.73432151e-04  1.91546064e-02
  5.02598193e-03  3.84104555e-03 -6.45572171e-02 -3.22427377e-02
  1.91657059e-02  2.87480615e-02  3.07958610e-02 -2.95382403e-02
  5.12205698e-02  5.25609702e-02  1.92224104e-02 -1.83483586e-02
 -5.59418276e-02  6.28816038e-02 -5.95414974e-02  6.36751205e-02
 -6.19740263e-02 -4.76103649e-02 -1.30734935e-01 -2.33527571e-02
  2.43642014e-02  8.53034258e-02  1.20025668e-02 -6.95654452e-02
 -4.60947491e-02 -9.62751545e-03  2.69764345e-02  1.94205344e-02
 -3.61188799e-02 -5.48200496e-02 -4.64690151e-03  7.58128390e-02
 -4.79736924e-02 -1.03874862e-01 -7.97104612e-02  1.35960691e-02]",True,True
BREAKING | Trump At UN: 'Climate Change Is The Greatest Con Job' | Blasts UN Over Climate Warning,Donald Trump,conservative,"air conditioner is like, very uncommon to see one in some of these countries because the electric cost is so high. So, while the US has approximately 1,300 heat related deaths annually- and it's a lot- Europe loses more than 175,000 people to heat deaths each year. because the costs are so expensive, you can't turn on an air conditioner. What is that all about? That's not Europe. That's not the Europe that I love and know. All in the name of pretending to stop the global warming hoax. The entire globalist concept of asking successful industrialized nations to inflict pain on themselves and radically disrupt their entire societies must be rejected completely and totally, and it must be immediate. That's why, in America, I withdrew from the fake Paris climate accord where, by the way, America was paying so much more than every country. Others weren't paying. China didn't have to pay until 2030.. Russia was given an old standard that was easy to meet- 1990 standard. But for the United States we're supposed to pay like a trillion dollars. And uh, I said this is another scam. The fact is, United States has been taken advantage of by the world for many, many years, but not any longer. As you probably noticed, I unleashed massive energy production and signed historic executive orders to hunt for oil, But we don't have to do much hunting because we have the most oil of any nation anywhere- oil and gas in.",0.917,"[-4.09709737e-02  2.50301063e-02  8.02479461e-02  4.17459533e-02
  1.05590045e-01  1.01673948e-02 -3.94208580e-02 -1.19035421e-02
 -3.17236520e-02  2.52116378e-02  5.96138928e-03  2.03362294e-02
  4.09124307e-02  2.03777049e-02 -1.36536211e-02  2.27888976e-03
 -5.31395525e-02 -9.35941860e-02 -6.53171763e-02 -1.52800884e-02
 -1.47912465e-02  8.46708938e-03  2.05128621e-02  3.99789177e-02
 -8.02762210e-02 -3.62114981e-02 -1.43319881e-02  7.71777797e-03
 -5.90050071e-02  1.19019449e-01  2.47187242e-02  1.76848006e-02
  5.67546533e-03 -3.09962383e-03  5.31475060e-02 -3.12570296e-02
 -1.69150531e-02 -1.29496530e-02 -5.46438843e-02  1.87291950e-02
  3.44910957e-02 -1.21722341e-01 -2.40032859e-02 -2.55443566e-02
 -4.91344035e-02  8.82902741e-02 -4.59344536e-02  7.83999562e-02
 -2.96046324e-02  7.00062187e-03  4.15472500e-02  7.27181211e-02
  1.88633986e-02 -5.27918786e-02  1.96701493e-02  1.43728433e-02
  5.49538210e-02  1.01681035e-02 -3.84238325e-02 -1.76567249e-02
 -3.19737829e-02 -7.01137409e-02 -2.42046709e-03 -1.06789721e-02
  3.45907770e-02 -2.85270754e-02 -2.62266919e-02 -7.54867727e-03
 -1.18231848e-02 -1.01605784e-02  2.20258515e-02 -6.56138510e-02
  4.85036746e-02  7.21224248e-02  2.88277436e-02 -8.80513806e-03
  1.57948062e-02 -3.65654714e-02  9.31841955e-02  1.83443911e-02
  1.46362215e-01 -5.04046269e-02  4.03785557e-02 -5.00816666e-02
 -2.41633737e-03  1.82466500e-03  3.03863976e-02 -2.53972746e-02
  1.00960962e-01 -2.58477908e-02 -1.02057062e-01 -6.24840744e-02
  6.83844760e-02  4.69767153e-02  8.24494883e-02  7.16715232e-02
  4.22484949e-02  1.00941002e-01 -1.18517950e-01 -3.59230004e-02
  5.92970923e-02 -2.13902202e-02  1.67137245e-03 -4.98081185e-02
 -6.06002323e-02 -3.63365300e-02 -3.82013544e-02 -2.06788070e-02
  4.65251356e-02 -4.58519757e-02 -6.17885217e-02  1.70854479e-02
 -2.24291664e-02 -1.23486497e-01  3.64726633e-02 -5.47944456e-02
  9.69392210e-02 -5.98684140e-02  2.09115855e-02 -5.73327020e-02
  2.61646677e-02  4.45449464e-02 -4.45459969e-02  5.64286485e-02
  1.59761366e-02 -5.31126745e-02  1.14126159e-02  9.12259197e-34
 -2.77672317e-02  2.96350550e-02  9.01399851e-02 -5.66282645e-02
 -8.12351778e-02 -9.45970695e-03 -3.35492082e-02  3.05974800e-02
  1.93882287e-02  1.32740196e-02 -3.50099499e-03  5.93103394e-02
  5.88551201e-02  9.53152329e-02  1.00323074e-01 -5.24513684e-02
 -9.41943284e-03 -2.24216841e-02  3.10246553e-02 -1.27168139e-02
  5.86267971e-02 -1.39866909e-02  8.99815485e-02  2.30553951e-02
  1.32040298e-02 -3.18513364e-02 -5.06008379e-02  1.26641579e-02
  7.42537901e-02 -2.54121479e-02  3.16593722e-02  3.83201018e-02
 -4.59521934e-02  1.56732872e-02 -6.98917583e-02 -3.92662734e-02
 -1.46012390e-02 -3.13341129e-03 -4.45649959e-02  2.34512240e-02
 -1.40612265e-02  2.66292896e-02 -4.23658416e-02  6.11139238e-02
  1.02414422e-01 -3.45003768e-03 -9.13474802e-03 -1.05638066e-02
 -9.71846059e-02 -5.36408164e-02  1.90871749e-02  9.92404297e-02
 -1.08968159e-02 -1.29115963e-02  5.70778027e-02 -1.01958830e-02
  2.52176337e-02 -7.92866349e-02  4.69720140e-02 -5.25965579e-02
 -1.02799788e-01 -1.22890305e-02 -6.40440080e-03  3.34270000e-02
 -4.97607589e-02  2.24792808e-02  3.68931368e-02 -3.05778589e-02
 -1.30738258e-01  3.16781551e-02  4.82741073e-02 -1.46636823e-02
 -1.81824958e-03  3.69461300e-03 -2.51904898e-03  6.80235028e-03
  3.54633853e-02  7.51930848e-02 -6.71140105e-02 -3.97777967e-02
 -2.12364197e-02 -2.51446813e-02  9.42581370e-02  5.32439910e-03
  1.93614280e-03 -9.57605243e-02 -3.79426102e-03  5.87621555e-02
  2.95080412e-02 -5.56440465e-02 -9.57689658e-02 -3.43449935e-02
  7.10565597e-02  9.46393162e-02  2.63395309e-02 -2.55251931e-33
 -3.00604235e-02 -1.44301821e-03  7.98378699e-03 -2.31406670e-02
 -4.59123030e-02 -4.16720621e-02 -5.82926311e-02 -5.78734875e-02
 -2.77396701e-02  2.32587699e-02 -2.38683708e-02  7.69200223e-03
  8.49436820e-02 -2.64014527e-02  1.19621335e-02 -1.87348090e-02
  1.45512330e-03 -1.62785072e-02 -4.59666103e-02 -1.79526326e-03
  3.41235250e-02  3.51296812e-02 -5.06072789e-02 -6.30837260e-03
 -1.28579810e-01  2.06697620e-02  6.23332243e-03 -2.31019147e-02
  1.20943300e-01  1.64095312e-02 -7.98736140e-02  1.13094926e-01
 -2.06517316e-02  9.90710035e-02  1.78419389e-02  7.60755464e-02
 -1.89948059e-03 -9.06066876e-03 -4.79364879e-02 -3.92014943e-02
  1.25726815e-02 -8.74301568e-02 -4.68902700e-02  2.35968437e-02
 -9.36494581e-03  1.52143808e-02  7.09753111e-03  2.49958914e-02
 -2.39875596e-02 -4.37885746e-02  2.95843780e-02 -3.97239327e-02
 -5.94335981e-02  2.69477870e-02 -2.80278362e-02 -3.24996421e-03
 -1.51864309e-02 -9.47892293e-03  7.20476208e-04 -7.01024458e-02
  4.29069698e-02 -9.94966086e-03 -1.72188189e-02  1.21832418e-03
  4.60348697e-03 -4.65595387e-02  4.70658541e-02  5.47718431e-04
  6.69024289e-02 -7.35730976e-02 -4.72907312e-02  4.01583835e-02
 -5.63048385e-02  1.71665307e-02  6.10814914e-02  5.04522398e-02
 -3.08018853e-03 -8.46039131e-03 -5.16379327e-02  5.59504367e-02
  3.43591836e-03 -4.81504500e-02  6.04823753e-02 -4.44894060e-02
  1.13276102e-01 -2.66784839e-02 -2.02543959e-02 -1.09839194e-01
  4.86225169e-03  7.85717443e-02 -1.23509668e-01 -1.02703869e-02
 -3.28780413e-02  5.95345385e-02  3.63339577e-03 -5.79437263e-08
  3.56910527e-02  2.20580455e-02  8.57682973e-02 -1.91207901e-02
 -5.76549880e-02 -5.95999435e-02 -1.36775998e-02  2.81104390e-02
 -2.63304021e-02 -8.33389256e-03  1.47837969e-02  5.25780097e-02
  7.53232762e-02  2.66150869e-02 -1.16934124e-02 -2.75952686e-02
 -8.07695091e-02  1.01846896e-01  2.65099760e-02  7.32700825e-02
 -1.22267827e-02  7.99171701e-02 -7.27391914e-02 -8.19544494e-02
  3.68937664e-03  5.80521226e-02  4.38328721e-02  3.18519324e-02
 -1.50456065e-02  4.38383128e-03 -5.07209674e-02 -8.59430060e-02
  5.61886542e-02  1.16931824e-02 -2.61213686e-02 -4.75968309e-02
  3.75351049e-02  2.45783608e-02  7.09223561e-03 -8.20298046e-02
  6.92492910e-03  4.48261052e-02 -1.86281689e-02  3.25135589e-02
 -2.22361600e-03 -1.35233074e-01 -9.66310352e-02 -1.50003284e-02
  7.76158571e-02  1.13095932e-01 -1.67920496e-02 -5.14809191e-02
  5.34725562e-02  1.56925507e-02  4.24516313e-02 -5.91064245e-02
 -5.80644272e-02 -2.41594911e-02 -2.66738539e-03  5.40581308e-02
 -4.52629589e-02 -7.26372898e-02 -9.26366448e-02  8.07296336e-02]",True,False
Donald Trump's Best Lines on Climate Change,Donald Trump,conservative,"and I think I know more about the environment than most people can have Clean Coal, really clean coal, I don't think science knows. actually, a windmill will kill the Eagles. so Obama's talking about all of this with the global warming and that a lot of it's a hoax. it's a hoax. I mean, it's a money-making industry. okay, what do you think the world should be doing about climate change and do you still Harbor that skepticism? I feel that the United States has tremendous wealth. if we ignore that science and sort of put our head in the sand and think it's all about vegetation management, we're not going to succeed together. protecting Californians: okay, it'll start getting cooler. I wish you just watch. I wish science agreed with you. I think something's happening, something's changing and it'll change back again. you'd have to show me the scientists, because they have a very big political agenda. our numbers are very, very good. our environmental numbers, our water numbers are. our numbers on air are tremendous. I'm a big believer in the environment, the number one Environmental president since Teddy Roosevelt. who would have thought Trump is the great environmentalist? you hear that, Ed? do you hear that I'm an environmentalist? a lot of people don't understand that. I have done more environmental impact statements. probably than anybody, more than anybody that's ever been president or vice president or anything even close to president, my Administration is putting.",0.968,"[-1.43218683e-02  3.66831641e-03  1.04334265e-01 -1.64530128e-02
  1.11807674e-01 -1.37740271e-02 -8.86946358e-03 -3.53744477e-02
 -5.02812210e-03  5.59122376e-02 -5.35878018e-02 -6.01166487e-03
  1.28522608e-02 -3.31197940e-02 -9.59447920e-02  1.02095433e-01
 -1.21626459e-01 -3.12259253e-02 -4.32858206e-02  9.37013775e-02
 -8.34425315e-02  7.18567520e-02  2.85216328e-02  5.02294488e-02
 -9.92217436e-02  1.44200381e-02 -6.27798885e-02  5.51233925e-02
 -1.18884102e-01  3.01452298e-02  7.30555654e-02  6.32252246e-02
 -2.64227521e-02 -1.65571850e-02  6.26024008e-02  4.28617597e-02
  4.86103483e-02  1.33232605e-02  6.71607861e-03 -4.18063765e-03
  9.20439977e-03 -5.71285374e-02  3.66324070e-03 -6.33896608e-03
 -9.43304524e-02  6.77356347e-02  1.80522371e-02 -6.67459592e-02
  3.31624970e-02 -8.57148413e-03  1.78573448e-02  1.68509334e-02
 -1.64227691e-02 -4.40788120e-02 -5.06802723e-02 -2.12111901e-02
  4.01519984e-02 -3.00061479e-02 -1.51114017e-02  2.24505477e-02
  3.87941897e-02 -6.19973242e-02 -2.37356480e-02  3.78554948e-02
  6.11394495e-02  6.63732663e-02 -8.55959728e-02  5.34586757e-02
 -2.14711241e-02 -5.15104383e-02  1.72209623e-03  7.95293078e-02
  3.34167629e-02 -4.98422422e-03 -3.57060805e-02 -4.76442613e-02
  2.52185222e-02  5.00106514e-02  1.33766904e-01 -2.60104723e-02
  6.40334636e-02 -2.03019567e-03  3.65371667e-02 -9.26629901e-02
  7.78846256e-03  3.67218405e-02 -2.50470042e-02 -1.33116795e-02
  1.16735939e-02 -8.87633115e-03 -7.55295977e-02 -9.68837515e-02
  3.34753543e-02  6.58484697e-02  3.08556333e-02  1.25977457e-01
 -2.24627797e-02  1.31201111e-02 -7.26818219e-02  3.58379893e-02
  2.40895990e-02  2.41522249e-02 -4.91259545e-02 -8.90666991e-02
 -1.56709347e-02  3.88927874e-03 -4.29497957e-02  2.37370860e-02
  2.29899399e-02 -2.56710500e-02  2.67115561e-03  3.51755917e-02
 -5.14696874e-02  7.95311555e-02  3.18423547e-02  2.46978626e-02
  1.15412071e-01 -4.79696654e-02 -1.35482773e-02 -4.37883809e-02
 -1.58106480e-02  3.22490148e-02 -2.08803974e-02  4.96048518e-02
  4.29177694e-02 -5.82265779e-02  1.49784042e-02 -3.10257334e-33
  5.98567836e-02  5.87310456e-02  6.17766380e-02 -4.24613070e-04
  1.75211132e-02  5.60068786e-02  3.03129840e-04 -2.77308263e-02
 -3.86908650e-02 -1.18251927e-02  1.25845009e-02  7.33981133e-02
  1.15409680e-02  6.54590055e-02  1.58565771e-02 -2.70310622e-02
 -5.75181395e-02 -7.60652497e-02 -6.35119295e-03 -9.29525644e-02
 -1.40209179e-02 -2.48736180e-02 -2.28224676e-02  4.58282679e-02
  7.40324929e-02 -3.08233295e-02  2.10293718e-02  1.80173758e-03
  1.26426285e-02  1.09548541e-02 -2.30746232e-02 -2.27978174e-02
 -5.55392466e-02  5.11988066e-02  8.39613844e-03 -1.06571957e-01
 -8.54566135e-03  2.30337325e-02 -2.67202295e-02 -8.63986090e-03
 -7.96909619e-04  2.67176479e-02 -6.03636280e-02  3.71666849e-02
  8.71860534e-02 -2.67166831e-02  1.40960440e-01  7.35101178e-02
 -6.57824725e-02 -6.59018941e-03  9.09164455e-03  7.93955028e-02
  4.96681966e-02 -5.60471602e-02 -4.16973094e-03 -7.60360435e-02
  3.49387862e-02 -6.74502924e-02 -5.01767993e-02 -7.03703910e-02
 -2.30431575e-02  7.19456971e-02 -2.97456011e-02  1.19995438e-02
  5.10992599e-04  8.17887187e-02 -1.54914446e-02  1.20562734e-02
 -1.94482710e-02 -6.35515060e-03  2.93755694e-03 -6.44940883e-02
 -8.51523280e-02  3.26558948e-02 -3.52971256e-02  3.25595289e-02
  9.87240393e-03  3.68523523e-02 -5.57514317e-02  3.12625580e-02
  3.63032594e-02 -1.69339124e-02  7.25601315e-02 -4.02799360e-02
 -1.83935165e-02 -7.31054917e-02  2.39426475e-02  5.46475314e-02
  8.92003328e-02 -1.51777547e-02 -2.84266379e-02  7.98004270e-02
  1.08265072e-01 -1.57920942e-02 -1.12660065e-01  1.79194030e-33
 -4.30164523e-02 -2.51353229e-03  5.30245826e-02  1.40554961e-02
 -4.87439483e-02 -7.71662369e-02 -1.62155181e-02 -2.41503362e-02
 -3.65113728e-02 -1.00417532e-01 -1.01800440e-02  1.15239888e-01
  6.48095980e-02 -4.39739116e-02 -7.17050256e-03 -7.32732043e-02
 -5.69264311e-03  4.43198049e-04 -3.89427431e-02 -6.66962117e-02
  6.76532602e-03  5.57113551e-02 -7.52468705e-02  2.75174156e-02
 -8.88421014e-02  2.52275243e-02  8.15849528e-02  1.46590130e-04
  1.07587427e-01 -8.77770595e-04 -8.64813775e-02  5.54856248e-02
  1.62266362e-02  3.67171913e-02 -3.46399844e-03  6.86566625e-03
  3.70928384e-02 -1.06404841e-01 -4.05359752e-02  7.68919615e-03
  1.01352064e-03 -6.07459582e-02 -7.86956400e-02 -1.10301383e-01
 -6.07964955e-02  2.24097669e-02 -1.99681111e-02  5.68116345e-02
 -3.90239842e-02  7.63082206e-02  5.59881963e-02  4.18081656e-02
 -7.72570893e-02 -2.46791318e-02  3.53750102e-02  9.80762206e-03
  1.92041304e-02  3.51729654e-02 -3.60918194e-02  3.25984545e-02
  6.62794942e-03  3.65618877e-02 -2.18722019e-02 -7.06388578e-02
  1.57380048e-02  1.53176463e-03  2.65615080e-02  8.20469111e-03
  7.68546574e-03 -9.48208757e-03 -1.46467192e-02 -3.19797583e-02
 -6.77767023e-02 -3.05012036e-02  1.04990825e-02  2.88782623e-02
  2.04647370e-02 -3.54718603e-02 -1.43819088e-02  8.15673023e-02
  9.01719439e-04 -3.60609740e-02  6.71173260e-02 -3.63952778e-02
  8.69484767e-02  3.41297276e-02 -6.46557659e-02 -1.17042236e-01
 -2.66667940e-02  1.29597768e-01 -7.10356236e-02 -4.96893264e-02
 -6.69478551e-02  2.84264423e-02 -2.57328246e-02 -5.33404290e-08
  8.27625170e-02  3.64662074e-02  5.21435924e-02 -1.50723197e-02
  2.59516556e-02 -1.64161215e-03  3.32421623e-02 -2.71468777e-02
 -1.16475094e-02 -1.64009829e-03  6.76846057e-02  2.32590362e-02
  7.72379786e-02  6.25855178e-02 -4.18261997e-02 -4.07970771e-02
  5.84013481e-03 -6.39963374e-02 -5.62005378e-02  1.34633984e-02
  2.08487138e-02  5.86236455e-02 -4.36915904e-02  5.90896048e-02
  7.04656467e-02 -3.19353119e-02 -1.75070483e-02  7.08999261e-02
  2.19665915e-02  9.09867790e-03 -3.66390161e-02 -7.01526403e-02
 -1.51620274e-02 -1.11258952e-02 -3.66895907e-02 -7.54030049e-02
  1.40428147e-03 -1.55743968e-03  2.70405244e-02 -4.03062068e-02
  1.21790578e-03  1.10351861e-01 -2.16485634e-02  6.36088327e-02
 -1.16179036e-02 -8.14715326e-02 -2.55829412e-02 -3.33813727e-02
  2.29117069e-02  7.60441646e-02  5.09228781e-02 -4.45570126e-02
  4.19331565e-02  5.68749160e-02  3.89851816e-02  1.95176918e-02
 -5.11086956e-02 -3.49131189e-02 -9.20064300e-02  1.63098294e-02
  3.94824594e-02 -7.51748905e-02 -3.58293205e-02  8.84511322e-03]",False,True
Why Do Republicans Deny Climate Change Science?,Republican politicians,conservative,"and is the climate change threat real? climate scientists are telling you it's not warming to the degree predicted. in fact, it hadn't really warmed at all in the last 15 years. keep hearing that 2014 has been the warmest year on record. I ask the chair: you know what this is? It's a snowball, and that's just from outside here, so it's very, very cold out. does climate change occur? yeah, yes, of course we have climate change. we've had climate change forever. uh, is human involvement involved? yes, it is. what extent? I don't know. I do not think the science clearly supports the global warming Theory. uh, so I would not support any of that sort of cap and tax legislation. there has been an increase in the surface temperature of the planet over the course of the last 100 years or so. I think it's clear that that has happened. the extent to which that has been caused by human activity, I think, is not as clear. for the last 17 years, there has been no significant recorded warming- none. and the problem is the satellites when they're measuring the temperature. it's not happening. I'm keeping an open mind about the science of all of this, but, uh, you know, are you convinced that climate change is man-made? well, I look, I. I don't know that that is a resolved issue in science today. I would hope my colleagues would devote more of their time to",0.998,"[-4.11048681e-02  3.02092656e-02  1.14581510e-01 -1.13752428e-02
  7.08022267e-02  6.71957480e-03 -1.95401423e-02 -1.29638612e-02
 -2.73522176e-02  1.34913996e-01 -4.48601469e-02 -2.88342312e-02
  2.62177680e-02  2.64892373e-02  2.23994385e-02 -4.47364114e-02
 -7.52916709e-02 -6.65367916e-02 -1.42915053e-02  6.83285529e-03
 -3.20825055e-02  6.40327632e-02 -2.34399401e-02  6.38453215e-02
 -5.70257455e-02 -4.95580100e-02 -1.01722665e-02  1.30894640e-02
 -1.36599228e-01  1.25194862e-01 -2.06940137e-02  6.08669855e-02
 -2.96835843e-02  7.48627260e-03 -1.86160412e-02  4.13456410e-02
 -1.70735084e-03 -7.91927874e-02 -4.29696478e-02 -3.14385718e-04
  6.46768659e-02 -8.84598270e-02 -2.07286645e-02 -4.23936397e-02
 -4.04030085e-02  2.35793814e-02  1.51361758e-03 -6.06851541e-02
 -4.40016501e-02 -5.01654623e-03 -8.37191045e-02  4.01957817e-02
  5.34896217e-02  3.59053388e-02 -8.30367059e-02 -1.09900437e-01
 -7.16003310e-03 -1.99837126e-02  6.43221214e-02 -5.86047657e-02
  3.86027917e-02 -3.46861146e-02 -6.40115142e-02 -3.04353377e-03
 -1.16260685e-02  2.15548258e-02  1.32224802e-02 -1.97601039e-02
  4.71610092e-02  1.54963089e-02  4.60600145e-02  7.13825300e-02
 -1.99853652e-03 -9.08552557e-02  5.17562851e-02 -5.59067130e-02
  6.31782133e-03  1.05554022e-01  1.50674894e-01 -5.07112928e-02
  9.80754420e-02 -3.49641368e-02  4.28888127e-02 -1.06791444e-02
 -7.95050636e-02  8.36838153e-04  5.68622425e-02  2.73638554e-02
 -1.02488352e-02  4.02750485e-02 -5.60192317e-02 -5.51993251e-02
  7.09771588e-02  8.20684209e-02 -1.06467335e-02  8.03914294e-02
  2.26081423e-02 -8.45864229e-03  1.42591605e-02 -1.58487614e-02
 -5.10840602e-02  3.96172665e-02 -3.20408605e-02 -3.38908657e-02
  1.15319518e-02 -2.90169120e-02 -2.51497980e-02 -7.98171833e-02
 -1.08899716e-02 -4.54599448e-02 -3.31333242e-02  4.01989035e-02
 -8.15899745e-02 -2.62497328e-02 -1.09057128e-02  2.09486787e-03
 -4.34023910e-04  4.26694611e-03 -4.21588346e-02  1.38910534e-03
 -1.73151621e-03  5.35300858e-02 -2.05856021e-02  8.46636966e-02
  6.49175346e-02 -3.65722179e-02 -6.25535324e-02  5.43598064e-35
  8.15295354e-02  6.11980595e-02  3.10489126e-02 -3.52737345e-02
  1.61209740e-02 -1.19343372e-02 -8.70257095e-02  5.93047440e-02
  2.10224409e-02 -3.54994014e-02  8.20133183e-03 -4.23969189e-03
  4.37687971e-02  2.97979992e-02  3.18106897e-02  1.77101663e-03
 -1.42277852e-02 -3.09207421e-02  7.38433097e-03  3.61409485e-02
 -4.25589792e-02  2.76498962e-03  4.50572595e-02  3.59153561e-02
 -5.35113551e-03  2.46929694e-02 -3.11694462e-02  3.98272090e-02
  1.31279612e-02 -1.04220980e-03  1.18948538e-02 -2.22308990e-02
 -4.22792137e-02  4.79761185e-03 -7.59691745e-03 -5.73995523e-02
  3.09913559e-03 -2.34446600e-02  2.30432302e-02  4.25451947e-03
  9.30924248e-03  4.04448574e-03  3.17494385e-02 -1.44053176e-02
  1.12272307e-01  8.71852133e-03  9.50275138e-02 -2.67406031e-02
 -7.30737597e-02  5.11158556e-02  1.55359516e-02  1.03540428e-01
 -4.79981638e-02 -5.72334081e-02 -4.85269055e-02  7.35632610e-03
  2.06361879e-02  2.60158852e-02  4.82753478e-03 -3.85208726e-02
  3.59536260e-02 -3.76990326e-02  3.97822410e-02 -2.23334264e-02
  3.62333693e-02  7.07750022e-02  4.34491597e-02  6.11933228e-03
 -5.81090599e-02 -5.07697165e-02  3.24403085e-02  3.53916711e-03
  2.57848613e-02 -1.62649099e-02  2.38436516e-02  3.04738265e-02
  3.95048112e-02 -3.74057479e-02  3.54968421e-02  1.12230312e-02
 -2.24016389e-04  2.15802938e-05  8.40874612e-02 -8.28806236e-02
 -8.82516056e-02 -9.17554647e-02  6.18007546e-03  1.01752035e-01
  9.75468904e-02  4.44456786e-02 -7.66902268e-02 -3.29463929e-02
 -8.09241459e-03  5.78534380e-02 -6.29935488e-02 -1.99645391e-33
 -4.10753302e-02 -4.83284704e-03 -2.70024640e-03 -4.74328250e-02
 -7.88026974e-02 -4.77934033e-02  1.89949025e-03  3.54845338e-02
  9.30313393e-03 -4.95268255e-02  3.54587138e-02 -3.60479467e-02
  2.86144502e-02 -2.07130220e-02 -2.52115969e-02  4.44034971e-02
 -1.08866999e-02 -2.87963208e-02 -6.43805042e-02 -4.66730855e-02
 -2.07680855e-02 -1.32996291e-02 -3.57271209e-02  2.97330506e-02
 -8.39499086e-02  2.06145756e-02  9.96394306e-02  6.34751320e-02
  2.78502982e-02  3.13232318e-02 -5.12823276e-02  4.54533398e-02
 -1.49894627e-02 -2.56437585e-02  7.60688854e-04  4.73132804e-02
  3.04504931e-02 -4.75772806e-02 -7.89536256e-03 -5.17252386e-02
  5.39720133e-02 -1.35935824e-02  3.29642883e-03 -4.62073684e-02
  3.71939428e-02 -4.64009531e-02 -2.59226989e-02  1.03167951e-01
 -2.67984122e-02  1.34576391e-02  5.45559190e-02  2.51757000e-02
 -1.07025646e-01 -5.02312407e-02 -2.39884928e-02  8.50459859e-02
 -4.84977290e-02  2.61897873e-02  1.72632420e-03 -6.76559284e-02
  7.34244883e-02  3.89521150e-03  9.07574664e-04 -7.14673009e-03
  3.15827727e-02  7.95639120e-03 -1.97932385e-02 -9.21791047e-02
  9.89491493e-02  5.32480516e-02  3.14573199e-02 -7.80259818e-02
 -8.85432959e-02 -7.03224689e-02  4.02687676e-02  1.88358761e-02
  7.36097479e-03 -3.16897854e-02 -5.40578156e-04  2.87729967e-02
  2.35725213e-02 -2.12129708e-02  1.91773809e-02 -2.05767583e-02
  1.08605810e-01  3.88589874e-02  8.23363662e-03 -2.14328952e-02
 -7.05453828e-02  7.85767511e-02 -1.13816455e-01 -3.23943474e-04
 -9.79009718e-02  1.09739386e-01 -2.99218055e-02 -5.67398395e-08
  9.32491869e-02  7.33904168e-02 -5.32833301e-03  5.53851835e-02
  1.53417410e-02 -9.53565463e-02  1.71064446e-03 -3.28413136e-02
 -3.10289320e-02  4.47571278e-02  1.18953541e-01  2.94099152e-02
  1.05094165e-01  6.33325754e-03 -2.43281983e-02 -1.92402769e-02
  5.03981896e-02 -3.86728458e-02 -8.46016780e-02 -4.42178138e-02
  3.20847109e-02  3.71223986e-02 -3.36912908e-02  3.37827168e-02
  4.83136699e-02 -8.08388460e-03  1.40079772e-02  1.21170774e-01
 -5.15733361e-02 -1.81487780e-02 -8.41354728e-02 -7.13959262e-02
  2.96257678e-02 -2.30360348e-02 -1.13110188e-02 -6.37680963e-02
  3.38754766e-02  4.44765836e-02  1.13617592e-01  6.04679482e-03
  1.80874411e-02  3.16848643e-02 -8.19904581e-02  9.86725837e-02
 -2.03274172e-02 -7.08205998e-02 -3.82716544e-02  1.88201200e-02
  3.32627445e-02  6.52381629e-02 -4.38781455e-03 -1.48718180e-02
 -1.18792960e-02  3.49841416e-02  2.07138644e-03  1.49715301e-02
 -9.16249901e-02  1.31672788e-02 -1.01899952e-02  4.87223789e-02
 -2.81186085e-02 -1.19010888e-01 -1.64417863e-01  4.17652875e-02]",True,False
Why Do Republicans Deny Climate Change Science?,Republican politicians,conservative,"trying to find real solutions for the American people instead of trying to please their liberal base with alarmist rhetoric about climate change. the the truth is climate's always changing. it's always been changing and it will continue to change. what percentage of it is due to human activity I don't know the answer to, and scientists don't know the answer to, the exact amount of it that's due to human activity. I barely made it back here because of June, a May snowstorm in Wyoming. they got 18 in in C in Cheyenne. uh, it's a little hard to convince Wyoming people there. global warming- no, I absolutely do not believe that. uh, you know the science of man- man caused climate change- is, uh, proven, not not find any stretch of imagination. [Music].",0.999,"[ 3.32935160e-05 -2.61614602e-02  1.46213457e-01  6.56052232e-02
  1.24629483e-01  5.36586568e-02 -2.76071783e-02  3.80876176e-02
 -3.97916958e-02  6.19275272e-02 -7.37429876e-03 -5.29620387e-02
 -7.20501179e-03  3.21251154e-02 -5.59224980e-03  6.67576194e-02
 -5.97968027e-02 -5.46188578e-02 -7.27310451e-03  1.92924812e-02
 -8.87844712e-02  2.80973110e-02  8.02540556e-02  6.48017302e-02
 -4.38155383e-02 -4.19839174e-02 -5.81917353e-02  6.55686902e-03
 -1.15820013e-01  5.66311665e-02  7.30140209e-02  1.04330905e-01
  1.91989560e-02 -5.29033430e-02  4.27842289e-02  3.91234122e-02
  2.94303223e-02  2.08167061e-02 -3.27257216e-02  1.39384540e-02
  1.50270211e-02 -9.18261185e-02 -1.55241881e-02 -1.49018061e-03
 -4.79463637e-02  6.08820654e-02 -6.02736138e-02  1.99517123e-02
 -1.92144804e-03  4.19312203e-03 -1.57637279e-02  1.58348717e-02
 -3.09204999e-02 -3.50261256e-02 -2.01719142e-02 -1.24694593e-01
  9.10399407e-02  3.44191045e-02  3.41985822e-02 -7.13554397e-03
  7.91473985e-02 -4.76646423e-02 -6.76456019e-02 -6.68720435e-03
  6.63667545e-02  5.40273897e-02  1.60196749e-03  3.82100269e-02
  2.56351698e-02  1.41816884e-02  4.11996730e-02  1.50411412e-01
  5.04247332e-03 -4.19263616e-02 -1.09948497e-02 -6.54534623e-02
  1.45062595e-03  5.00603653e-02  1.13997474e-01 -2.17667706e-02
  8.61563385e-02 -2.07228325e-02  8.65793750e-02 -4.70298305e-02
 -2.29790481e-03  6.15714758e-04  1.48934508e-02  3.73634771e-02
  9.13492218e-03 -5.38282320e-02 -1.17927305e-01 -8.49304497e-02
 -1.06275622e-02  5.12893796e-02 -2.92199180e-02  1.30474448e-01
 -5.52270748e-02 -1.56582091e-02 -3.51532474e-02 -2.00718306e-02
 -5.11277616e-02 -1.13529665e-02 -2.74570826e-02 -6.99384436e-02
  4.63982038e-02  4.81754262e-03 -4.72686924e-02  7.81768281e-03
 -2.28944141e-02  5.72610274e-02 -8.09928961e-03  1.22226058e-02
 -5.12031913e-02  4.96028736e-02  7.95485079e-02 -5.13076186e-02
  6.69037923e-02 -1.61418803e-02 -7.05299601e-02 -3.72604355e-02
 -5.11607490e-02  4.92369011e-02 -2.13316530e-02  5.44669442e-02
  8.58198628e-02 -5.59832118e-02  6.79344498e-03  6.01202775e-34
  7.64520317e-02  1.65187325e-02  9.42410678e-02  6.32060245e-02
  2.84086191e-03 -1.25328014e-02 -4.06858660e-02 -1.98254045e-02
  1.94026642e-02 -2.99548022e-02  2.83255801e-02  5.68660796e-02
  4.98544835e-02  1.03569500e-01  2.39163171e-02 -7.28012100e-02
 -7.52494410e-02 -5.32851415e-03 -2.04005279e-03 -1.43978233e-02
 -6.11194968e-02  1.62488909e-03  4.50910442e-02  1.31821642e-02
  2.28761062e-02 -3.51170786e-02  2.30874047e-02  2.41512973e-02
  1.82710011e-02 -3.59144211e-02  4.16904092e-02 -2.76145223e-03
 -4.83331606e-02  3.54651622e-02  1.62304211e-02 -8.01400840e-02
  5.98646235e-03  4.56546666e-03 -5.19469520e-03  3.23010571e-02
 -2.75384728e-02  6.58675656e-02 -5.81993833e-02 -6.48581982e-02
  7.59455860e-02 -1.19887274e-02  1.02325141e-01  3.87452357e-02
 -9.59331617e-02  1.49937971e-02 -3.32221575e-02  1.56536430e-01
 -1.39600029e-02 -7.40968212e-02 -2.06426438e-02 -3.33930850e-02
  5.46628758e-02 -1.49525655e-02  1.61188245e-02 -5.38722053e-02
  3.09945475e-02 -3.83459590e-03  5.42485081e-02 -3.05299163e-02
  2.87976372e-03  1.77046452e-02  6.91969460e-03 -2.14233808e-02
 -5.63747399e-02  5.43960370e-02  2.21115220e-02 -3.09665576e-02
 -3.44456248e-02  5.35562821e-02 -3.53364944e-02 -3.54434690e-03
  6.54963544e-03 -2.07195766e-02  1.03922626e-02 -6.26416365e-03
 -3.28399427e-02 -2.30218042e-02  2.94287726e-02 -4.76860963e-02
 -1.79367885e-02 -2.69095749e-02  5.82851516e-03  7.57428557e-02
  5.48916822e-03  2.25457065e-02 -3.23961070e-03 -7.08182529e-02
  4.89742123e-02  5.58884032e-02 -4.39056046e-02 -2.01666507e-33
 -2.63639614e-02  7.40683731e-03  1.95445679e-02  1.16356798e-02
 -2.92408541e-02 -3.72454375e-02  1.59021653e-02 -2.73069050e-02
  3.39700617e-02  4.56701964e-03 -7.45958043e-03  6.11659065e-02
  4.63146195e-02  8.81961454e-03 -7.84635544e-02 -5.68968803e-02
  1.31534580e-02  7.19417408e-02 -1.46063473e-02 -3.48477215e-02
 -2.80367378e-02 -3.29447649e-02 -8.63883048e-02 -1.10970493e-02
 -4.81068417e-02  1.53411403e-02  1.65869817e-02  2.51838863e-02
  5.51489331e-02 -1.03302440e-02 -9.02209431e-02  8.66417885e-02
 -4.59642746e-02 -2.47424599e-02 -4.57986034e-02  6.80604428e-02
  2.52892589e-03  1.89038441e-02  2.71873991e-03 -1.73734967e-02
  2.41887197e-02 -3.54575142e-02 -2.66180150e-02 -7.32412636e-02
 -2.26447862e-02  9.55351721e-03  6.77272119e-03  5.37140593e-02
 -1.20393403e-01  1.20330378e-02  7.86538869e-02 -1.01144724e-02
 -5.62452674e-02 -4.24366333e-02  2.80866530e-02  4.87290770e-02
  1.43128019e-02 -5.59057482e-02 -2.80398857e-02  3.76017690e-02
  2.64104665e-03  5.97941242e-02 -5.57373790e-03 -6.59034923e-02
 -5.92625060e-04 -3.77853848e-02 -2.01600399e-02 -6.24956042e-02
  2.71477606e-02  2.42605861e-02  6.90257028e-02  2.55351067e-02
 -6.28783330e-02 -8.24170634e-02  3.57361510e-02  5.32295741e-02
 -7.38679315e-04 -2.85849422e-02 -2.60468088e-02 -1.56243788e-02
  3.86161916e-02 -7.03451112e-02  2.12739781e-02 -1.16632320e-01
 -1.58048403e-02  6.71118032e-03  5.55684557e-03 -7.15297535e-02
 -2.92299874e-02  1.14416562e-01 -1.40839428e-01  8.39382235e-04
 -1.35210082e-01  3.94770466e-02 -3.82182039e-02 -5.23503410e-08
  4.03983146e-02  6.69316053e-02  3.48353945e-02  4.09383066e-02
  5.36570363e-02  2.92503461e-02  4.80558872e-02  3.26667950e-02
 -5.90262515e-03  7.69096287e-03  4.49165404e-02  6.62371889e-02
  1.01561174e-01  6.99584186e-02 -4.45768982e-02 -9.45546553e-02
 -3.38406418e-04 -8.30036961e-03 -7.76992813e-02 -9.43917967e-03
  6.13485575e-02  8.21506456e-02 -1.71839073e-02 -2.15812400e-02
  2.39585377e-02  1.52857602e-02  1.34638334e-02  9.57184955e-02
 -4.87792194e-02 -4.55540791e-02 -2.22070515e-02 -1.11980490e-01
 -2.15839222e-02 -2.50124540e-02  5.72295748e-02 -6.45873547e-02
  9.98145249e-03  6.63095266e-02 -2.52888221e-02 -7.82646611e-03
  3.78236510e-02  9.52988788e-02 -1.74336955e-02  3.83084826e-02
  1.74401223e-03 -8.12862813e-02 -5.38913719e-02  2.70418804e-02
 -5.23452321e-03  1.16838045e-01  4.07077633e-02 -1.16015196e-01
 -6.89528286e-02  7.69952266e-03  3.06723416e-02  2.42645033e-02
 -3.80964242e-02 -4.24825819e-03 -4.57221530e-02 -1.33768264e-02
 -4.16626446e-02 -8.27705711e-02 -8.24993104e-02  9.69048683e-03]",True,True
Republicans are ignoring the climate crisis,Republican politicians,conservative,"all of this with the global warming and that a lot of it's a hoax. it's a hoax, I mean, it's a money making industry. okay, I've always rejected the politicization of the weather. clearly, the climate has changed, not as dramatically as the radical environmentalists like to present. they'll be modest changes in temperatures. it'll start getting cooler. I wish you just watch. I wish science agreed with you. hey well, I don't think science knows actually.",1.0,"[-2.83720102e-02  2.80503780e-02  1.29555434e-01  8.28057304e-02
  1.11521296e-01 -2.40702406e-02 -5.38864210e-02 -1.85348839e-02
 -2.08983365e-02  6.75904304e-02 -8.00571740e-02 -3.90022919e-02
  2.36058552e-02  3.12618027e-03 -6.64445907e-02 -2.61185365e-03
 -1.00617498e-01 -5.16902581e-02 -3.58831882e-02  2.40989756e-02
 -1.09304130e-01  3.29659656e-02  1.39153469e-02  3.61409523e-02
 -2.14838721e-02  8.11367482e-03 -4.47176993e-02  7.14165121e-02
 -1.00028448e-01  4.66044806e-02  1.02650411e-02  1.35070562e-01
 -7.59839863e-02 -1.46773914e-02  4.05927077e-02  2.49067843e-02
  7.36794844e-02 -3.68002467e-02 -1.18316682e-02  4.95895296e-02
 -4.02360689e-03 -5.48530892e-02 -1.02340709e-02 -1.91149898e-02
 -9.53652617e-03  5.39847203e-02 -4.01503928e-02  8.34348518e-03
 -4.21336666e-02 -3.85265760e-02 -5.76511510e-02  2.53950581e-02
  3.62533256e-02 -1.24877347e-02 -5.17564453e-02 -5.81151396e-02
  5.30876406e-02  1.45041675e-03  2.22126748e-02 -2.88182385e-02
  3.27130072e-02 -3.97140458e-02 -1.29224151e-01  2.65821163e-02
  8.86542872e-02  2.08207443e-02 -5.44265546e-02  2.83544697e-02
  5.68974614e-02 -6.65360391e-02  2.61465162e-02  1.24557771e-01
  3.96149904e-02  1.68853048e-02 -1.51567766e-03  2.21992098e-03
 -2.83525180e-04  5.09066768e-02  1.73794508e-01 -4.77295257e-02
  9.41867754e-02 -7.58821890e-02  3.48862149e-02 -4.10601646e-02
 -1.67842414e-02  1.02688689e-02  2.98745055e-02  4.47956286e-02
  3.15314159e-03  1.82710458e-02 -7.49423951e-02 -7.64705464e-02
 -3.88879776e-02  3.73082869e-02 -6.55736551e-02  1.38587281e-01
  7.88882561e-03  3.41072604e-02 -2.61923354e-02  8.56544450e-03
 -3.93256880e-02 -4.28027548e-02 -5.25658578e-02 -3.22774686e-02
  3.84936519e-02 -1.81840211e-02 -1.48094352e-02 -7.02243671e-02
  1.93812791e-02 -3.63931209e-02 -8.60654041e-02  4.96356487e-02
 -2.04001963e-02  8.19290243e-03  3.23495036e-03 -8.63006222e-04
  2.50646640e-02  6.19804524e-02 -5.32420762e-02 -4.61204536e-03
 -1.56243248e-02  6.87025189e-02 -4.73741144e-02  5.98918200e-02
  7.46173933e-02 -1.39004337e-02 -2.74316352e-02 -5.73130932e-33
  6.30129650e-02 -5.42033697e-03  6.37723133e-02  7.13502616e-02
  5.57633527e-02 -6.69279043e-03 -3.38540785e-02 -2.15829983e-02
 -7.43978703e-03 -5.44995703e-02  4.51452211e-02  6.63541108e-02
 -5.79581829e-03  8.32122266e-02 -3.32392789e-02 -3.56586315e-02
 -1.27760824e-02 -2.44613513e-02  2.31679864e-02  1.11418879e-02
 -6.99251294e-02  4.56823967e-02 -1.22460118e-03  3.18947174e-02
  2.29938589e-02 -8.71722493e-03  6.31573722e-02  3.24288607e-02
  8.08194801e-02  3.40770110e-02  1.69401001e-02 -4.46675383e-02
 -1.25099085e-02  5.22218198e-02  5.47744781e-02 -9.14395303e-02
  4.43358198e-02 -2.79870760e-02 -2.41768360e-02  1.33010726e-02
 -1.79692749e-02 -1.03250742e-02 -1.12462156e-01 -6.14554100e-02
  5.49196489e-02  2.29412839e-02  1.21361464e-01 -1.54673913e-02
 -5.18844463e-02  1.31421080e-02  2.55876649e-02  7.84328952e-02
 -2.17322446e-03  1.04684932e-02  1.59031469e-02 -5.03620468e-02
 -4.23030881e-03 -1.34982139e-01 -1.37566160e-02 -6.13146797e-02
  6.57491386e-03  2.01826487e-02  2.86016567e-03  2.01190589e-03
  2.80978084e-02  8.30264241e-02  1.33770425e-02  7.55166693e-05
 -6.50997609e-02 -1.59917194e-02 -3.14365770e-03  3.93093657e-03
 -6.38598055e-02  6.17146902e-02 -3.19512412e-02 -2.94893933e-03
  6.32553548e-02 -3.49283554e-02 -1.69475432e-02  2.00779643e-02
  4.09466252e-02  3.34017277e-02  6.81849718e-02 -5.38117103e-02
 -6.85976446e-02 -9.51646790e-02  7.52204983e-03  6.88838288e-02
  5.96013255e-02 -1.13862697e-02 -7.85699487e-02 -7.16638565e-02
  8.85683149e-02  6.50261268e-02  8.02706648e-03  2.74379465e-33
 -4.52655219e-02 -2.35274751e-02 -2.63654031e-02 -2.86947154e-02
 -7.82543570e-02 -5.75031601e-02 -7.17490613e-02 -4.71594296e-02
  3.81422532e-03 -4.72986791e-03  7.57874846e-02  5.74565586e-03
  5.03029488e-02 -6.78324103e-02 -7.30340462e-03 -4.59826104e-02
  2.50779521e-02  4.54917923e-02 -5.16785420e-02 -2.22834144e-02
 -8.24142434e-03 -3.09831407e-02 -4.01396602e-02  4.94656153e-02
 -5.28925173e-02  1.72007419e-02  1.05100349e-01  4.41172384e-02
  6.30520657e-02 -6.40989048e-03 -9.48531851e-02  4.01080586e-02
 -1.97854377e-02  4.50114757e-02  2.59845331e-02  8.57460424e-02
  4.98845764e-02 -4.51879352e-02 -1.44587150e-02 -4.22441661e-02
 -1.45808123e-02 -5.05234487e-02 -9.52322595e-03 -1.05708264e-01
  1.31311920e-02 -2.01952402e-02  1.64996386e-02  1.10714518e-01
  1.54210646e-02 -4.78041405e-03  9.44435894e-02  4.69326861e-02
 -4.07201536e-02 -1.71555057e-02  3.75807993e-02 -1.62715036e-02
 -1.49269644e-02 -1.44189764e-02 -5.60492799e-02  4.63782325e-02
  2.31700912e-02 -3.53493616e-02  2.30892170e-02 -2.98746414e-02
  3.14147994e-02  1.26921316e-03 -5.69189265e-02 -2.94314288e-02
  5.24165109e-02 -4.08422481e-03  8.28865916e-02  1.73819996e-02
 -1.19964167e-01 -2.34997198e-02  4.50788401e-02  1.79849137e-02
 -1.92418806e-02  8.22984846e-04 -4.77517350e-03  6.30692840e-02
  3.08122523e-02 -7.98084890e-04  4.40109260e-02 -9.81185883e-02
  1.20361961e-01 -5.24463831e-03 -4.14964892e-02 -3.69962938e-02
 -1.53432041e-02  9.64645743e-02 -6.22818582e-02 -7.33693037e-03
 -3.36579122e-02  8.99635255e-02 -4.99463193e-02 -4.60065692e-08
  4.96470779e-02 -2.12935526e-02  5.78425638e-02 -1.45986620e-02
  1.84480827e-02  1.87681802e-02  2.59553846e-02  1.63605027e-02
 -2.25385390e-02 -4.48868936e-03  2.74904482e-02  6.56431317e-02
  8.52294788e-02  5.92849627e-02  1.02346868e-03 -3.91374789e-02
 -4.14480222e-03 -7.33254328e-02 -3.62951793e-02  1.88515224e-02
  3.38207446e-02  3.28820497e-02 -2.76681632e-02  3.86312753e-02
  6.90285265e-02 -2.46177316e-02 -1.91158969e-02  4.20406014e-02
 -8.24051443e-03  2.01293621e-02 -5.43712899e-02 -1.04740366e-01
  4.56949100e-02 -3.50084230e-02 -3.03202346e-02 -5.29648103e-02
  4.63821925e-02  6.36579841e-02  3.62609439e-02 -4.23738733e-02
 -2.19744950e-04  4.89232354e-02 -8.78491253e-02  3.49248275e-02
 -4.18413430e-02 -6.27875403e-02 -4.62661348e-02  7.53681292e-04
 -2.43157428e-02  9.74395648e-02  4.05635275e-02 -1.32854572e-02
  1.45348124e-02 -1.01638250e-02 -1.03282314e-02 -4.77151340e-03
 -1.34274483e-01 -3.17147584e-03 -4.35152762e-02 -8.70022923e-03
 -5.40250503e-02 -7.67698064e-02 -7.68617764e-02  1.02696396e-01]",True,True
Climate Change: 'An APPALLING Scam!' w/ Jordan Peterson,Jordan Peterson,conservative,"to understand how unsettled, for example, even the basic science in is in most situations, like most of what passes for the settled, science is nothing of the sort. okay, everywhere you look, if you're a scientist, everywhere you look into any given question deeply, you run into conundrums and and uh and and profound sources of disagreement, even about what's hypothetically fundamental. I mean, the climate science is a good example of that. that's an appalling scam. H Well, here, here's this. here's the simplest way to look at it. you can tell me what you make of this. okay, so we're essentially in a carbon dioxide drought by historical standards. so if you look at the proportion of carbon dioxide in the atmosphere over the last number of hundreds of millions of years- like a pretty whopping time frame- we're at a very, very low level. we dropped to about 350 parts per million by, say, 1850, something like that. plants start to die at 250, right? cuz need carbon dioxide. so we were almost at the point where the plants were going to start to die. that's how low the carbon dioxide levels are. now they have been increasing why? well, some of that's probably man-made. you know it's that's not exactly settled, but we could give the devil his due and say some of that's man-made, okay. so now we're up to something in the low 400s and that's been increasing, and perhaps because of industrial",0.997,"[-2.68708020e-02  3.99324447e-02  5.01198098e-02  1.01446755e-01
  9.26410705e-02  2.35816706e-02 -8.61744136e-02  9.20676067e-02
  6.59796968e-02  6.09932467e-02 -4.61798869e-02 -4.14970368e-02
 -2.53282283e-02 -3.22656594e-02 -5.76036163e-02  3.04381223e-03
 -8.44217762e-02 -3.13104428e-02 -9.91160497e-02  4.66003306e-02
 -8.94279801e-04  5.66629283e-02 -2.43694950e-02  4.61886153e-02
 -4.13293988e-02 -2.01618671e-02 -6.85502961e-02  2.36996934e-02
 -7.97659531e-02  6.49324059e-02 -1.24376807e-02  1.13366254e-01
 -5.83344139e-02 -1.52346460e-04  7.83332586e-02  4.79350798e-02
  5.53532988e-02  8.65715090e-03  1.50203519e-02  3.86517718e-02
 -1.44252609e-02 -2.08250172e-02 -3.03775482e-02  2.41893493e-02
  1.63828265e-02 -4.68520867e-03 -1.39861796e-02 -7.52658863e-03
 -2.71984302e-02 -8.91688243e-02 -2.69309971e-02 -3.39602977e-02
 -3.52091119e-02 -9.74065810e-02 -2.61331946e-02  8.18460993e-03
  5.57612553e-02 -2.17113819e-04  1.71002299e-02 -8.79104361e-02
  8.16592053e-02 -1.24837168e-01 -6.48752749e-02  1.38677293e-02
  9.41222310e-02  3.41219939e-02  1.66558102e-02 -2.32190676e-02
  4.10252996e-02  7.71018043e-02 -5.76342158e-02  7.03468472e-02
  3.21145542e-02 -3.55787273e-03 -1.91135015e-02  9.20110755e-03
  9.88457352e-03  8.05502385e-02  6.83933720e-02 -2.25046072e-02
  1.32381275e-01 -5.32013625e-02 -1.21095926e-02 -8.39643031e-02
 -5.64481542e-02  1.46377599e-03  8.26764256e-02  3.55521054e-03
  4.70213778e-02  4.95284200e-02 -6.43325821e-02 -6.49445951e-02
  3.39189880e-02  9.16194320e-02  2.25189459e-02  1.27964616e-01
  1.28860667e-01 -3.01941261e-02  4.91720662e-02  4.22276696e-03
  4.10623997e-02  1.77589394e-02 -2.40114257e-02 -1.18759669e-01
  2.26661582e-02 -1.74235906e-02 -3.79917026e-02 -3.97060253e-02
  5.47060929e-02  3.65267433e-02 -6.95682094e-02 -1.35550518e-02
 -4.73552458e-02  5.38987145e-02  4.28797044e-02  2.14331946e-03
  8.40513483e-02 -4.75238217e-03 -1.41381379e-02 -2.16077883e-02
 -7.40852430e-02  3.54192704e-02 -6.55571520e-02  9.35241114e-03
  4.62795049e-02  4.37718537e-03  9.27639939e-03  1.76640563e-33
  1.29617587e-01 -2.66613830e-02 -1.44064119e-02  7.31544867e-02
 -8.56240559e-03 -1.67384334e-02 -1.12803571e-01 -8.34958181e-02
 -1.83192957e-02  4.49300185e-02  2.35096365e-03 -1.07158562e-02
  3.73171568e-02  2.24937592e-02 -1.08139422e-02 -2.48776469e-02
 -4.94314507e-02 -3.57982740e-02  4.31023575e-02 -4.76777367e-02
 -7.02900589e-02 -3.57444584e-02 -2.91748978e-02 -3.55316550e-02
  2.69139709e-04 -5.22267036e-02  1.56138297e-02  2.86389142e-02
  5.01962937e-02 -2.89759040e-02 -2.07062718e-02 -1.67481706e-03
 -1.33175980e-02 -2.12434549e-02  6.39202595e-02 -1.17123701e-01
  5.51586188e-02  3.92250530e-02 -5.44762565e-03 -9.20994859e-03
  6.77987095e-03  7.87757039e-02 -1.96825210e-02 -3.95264812e-02
  7.71218687e-02  3.89127200e-03  1.18581504e-01  6.71908818e-03
 -5.65487295e-02  6.87190145e-03 -5.77446707e-02  8.49755406e-02
  3.18963937e-02  9.71840229e-03  1.18430080e-02  9.01279040e-03
  6.37720078e-02 -6.00994565e-02 -5.43963462e-02 -3.45897004e-02
  5.11259474e-02  3.91054973e-02  7.10838335e-03  1.63963214e-02
 -3.34600662e-03  6.78692162e-02 -8.70568678e-02  2.83295866e-02
  8.30892380e-03  1.05769029e-02 -6.95181340e-02 -4.65011261e-02
 -1.63665265e-02 -6.65994212e-02  4.88160327e-02 -3.23591218e-03
  4.91231568e-02  4.18447889e-02 -2.08613090e-02  7.29505671e-04
  7.33053237e-02 -2.45915893e-02 -5.36688976e-03 -2.85201818e-02
 -8.68005604e-02 -1.13625340e-01  8.41370877e-03  5.62448353e-02
  2.35483963e-02 -3.72442976e-02 -2.74957381e-02 -9.71254054e-03
  3.56148258e-02 -7.50055313e-02  4.34074365e-03 -2.94899372e-33
 -1.07351448e-02  1.40461903e-02 -2.31606048e-02  4.38688695e-02
 -2.48675570e-02 -5.72419725e-02 -9.20994729e-02 -8.16457570e-02
  3.86497425e-03 -6.64236546e-02  5.62570058e-02  9.31151584e-02
  7.41377547e-02 -2.79081278e-02 -3.09431031e-02 -5.01551405e-02
 -2.26870831e-02 -1.91498850e-03 -3.03862616e-02 -4.63615172e-02
  1.74443442e-02 -7.09591955e-02 -1.11279197e-01 -8.97554308e-02
 -3.91060077e-02  8.80388469e-02 -3.74120623e-02 -3.68388183e-02
 -1.32725025e-02 -3.47541571e-02 -2.68063210e-02  3.27900127e-02
 -2.92146057e-02 -8.21966864e-03 -6.80471063e-02  5.34427632e-03
 -8.50141793e-03  8.46473686e-03 -2.95198355e-02 -2.87096445e-02
 -1.96988750e-02  2.65564751e-02 -7.51719028e-02 -1.23678058e-01
  3.43464166e-02 -2.55079698e-02  6.16196506e-02  2.58553121e-02
 -1.69542525e-02  8.54567736e-02  5.03238775e-02  3.04040741e-02
  1.27981026e-02 -6.93782466e-03  5.19640893e-02 -3.38011049e-02
  1.01852622e-02 -4.20150952e-03 -1.61693692e-02  5.91848493e-02
  4.80911508e-02 -1.02515398e-02 -4.74107042e-02 -2.01713797e-02
  2.66468083e-03 -3.24437544e-02 -5.33861443e-02  2.53403448e-02
 -1.19988341e-02  1.03760064e-02 -2.44684406e-02  2.42867153e-02
 -7.53499866e-02 -4.37034443e-02  4.12949361e-02  7.08200634e-02
 -4.96119298e-02 -5.79627939e-02 -6.53385976e-03  1.65737942e-02
  2.15532016e-02  1.45260412e-02  8.24290067e-02  5.59438905e-03
  1.75039079e-02  5.61307371e-03 -6.09104037e-02 -8.43025297e-02
  2.18481384e-02  4.01223749e-02 -3.06998249e-02 -8.67719203e-02
  1.37377782e-02  1.98794939e-02  4.72033443e-03 -6.46851888e-08
  4.54281867e-02  7.45921955e-02  3.53752263e-02 -6.40279381e-03
  7.54131079e-02 -2.83755902e-02  4.84469198e-02  6.71217516e-02
  4.04998548e-02  7.70110041e-02 -3.22352238e-02  2.64361892e-02
  4.56760377e-02  7.67465904e-02 -1.61818671e-03  6.03884831e-02
  1.73644949e-05 -6.64922297e-02 -1.59255415e-02  8.22671875e-02
  3.89958508e-02 -1.16491579e-02 -6.48534596e-02  2.79836953e-02
  1.23627543e-01 -1.41242649e-02  1.07130548e-02  1.22975074e-01
 -3.77235301e-02  1.04119228e-02  3.13672200e-02 -8.22259262e-02
  5.23379371e-02 -5.19223139e-02 -7.49029964e-02 -2.88463961e-02
 -1.38615733e-02  1.48030771e-02 -4.68401127e-02 -1.14161531e-02
  1.52453668e-02  4.91019338e-02 -2.61819605e-02  4.74377498e-02
  1.66383535e-02 -2.72139423e-02  3.88515741e-03  6.64251745e-02
 -4.12614308e-02  4.59159017e-02  1.77865906e-04 -2.71185245e-02
 -1.96527392e-02 -3.31682898e-02  5.55283055e-02  1.54884523e-02
 -9.59960967e-02  4.84247692e-02 -1.42240271e-01  4.45603728e-02
 -2.83669285e-03  4.36339015e-03 -7.19775483e-02 -3.22765112e-02]",True,True
Climate Change: 'An APPALLING Scam!' w/ Jordan Peterson,Jordan Peterson,conservative,"output. so what's been the major Consequence? the major consequence is that the planet is 20% greener than it was in the year 2000. 20%, this is NASA data. no one disputes this. by the way, the satellite imagery is absolutely clear. okay, 20% Greener: an area the size of the continental US has greened since the year 2000, so the whole planet is 20% Greener. that's a big effect. crops yield: crop yield has gone up 13%. right, okay, where's the planet getting greener? cuz you heard climate, global warming, the deserts are going to grow. well, then, it wasn't global warming, because that turned out to be a scam. then it was climate change. the deserts are going to grow. it's like no, the deserts are shrinking. the deserts are shrinking because the planet is Greening, because there's more carbon dioxide. okay, so why are the deserts shrinking? well, because plants breathe, and they breathe through these pores called stomata, and when there isn't much carbon dioxide, the car the stomata have to be open and then the water evaporates. and so if you increase the carbon dioxide, the stomata closed and that means plants don't need as much water, so they can invade the semiarid areas around deserts, and that's what's happening. so I truly believe, I believe this to be the case, if you took a dispassionate look at the data and you look at the effects of carbon dioxide, the biggest effect, clearly, clearly by",0.779,"[-1.35436165e-03  8.25977847e-02  8.02801549e-02  3.28430310e-02
  1.17117412e-01  5.72740175e-02 -3.84162217e-02  1.94136240e-02
  6.07943535e-02  8.20377842e-02  2.49891039e-02  3.88105847e-02
  3.40220667e-02 -1.19288517e-02 -1.70440823e-02  2.41011865e-02
 -4.51898426e-02  2.05784868e-02 -1.12088785e-01 -6.50337115e-02
  2.12230696e-03  5.75249307e-02 -4.67561856e-02  2.36723386e-02
 -1.10058390e-01 -2.21143439e-02 -1.04102589e-01 -1.19262515e-02
 -7.47055337e-02 -1.91381481e-02 -2.56277546e-02  1.60290241e-01
  2.40355954e-02 -3.59378685e-03 -4.77461889e-02  2.39996482e-02
  4.05517109e-02 -2.81803682e-02 -4.77111228e-02  4.59715864e-03
 -2.37960042e-03 -1.07708633e-01  2.34416649e-02  8.65605939e-03
 -6.49609417e-02  5.44827012e-03  6.81332573e-02  4.69134375e-03
 -4.36485037e-02 -5.02563380e-02  1.52877753e-03  1.46393180e-02
 -7.99951851e-02 -6.11125790e-02 -1.94113497e-02 -7.49571547e-02
  3.19642499e-02 -3.13778967e-02  3.32082389e-04 -5.55466488e-02
  4.53195274e-02 -1.00771591e-01 -3.08845323e-02  5.21188602e-03
  8.96011591e-02 -1.53871272e-02 -1.73368268e-02 -5.86217828e-02
 -1.38518605e-02  1.43625354e-03 -3.38346362e-02  5.20071015e-03
  8.95507913e-03 -1.33719265e-01 -6.39030859e-02  2.79255648e-04
  4.77594920e-02  1.24305382e-01  6.30644113e-02 -2.40499768e-02
  1.10354975e-01  3.61254141e-02  3.34628625e-03 -9.17043611e-02
 -7.96027109e-02  9.63172317e-03  3.10427714e-02 -7.91074857e-02
  4.37648334e-02  1.27851246e-02  4.61910069e-02 -7.48164281e-02
  3.40840630e-02  7.60623142e-02 -9.52593237e-02  3.51087116e-02
 -4.68052775e-02 -1.09155573e-01  3.14133093e-02 -2.69873254e-02
  3.50586139e-02  1.76644474e-02 -8.64789938e-04 -6.67681992e-02
  1.24503747e-02 -3.71322334e-02  1.84223633e-02  1.02363098e-02
  2.50475411e-03 -2.16643084e-02 -2.41332198e-03  4.65560518e-02
 -5.25842085e-02  5.08747175e-02  1.17480410e-02  6.58396306e-03
  5.86028285e-02 -1.05649605e-02 -1.48281744e-02 -3.05839926e-02
 -3.73230153e-03  3.51832807e-02 -5.39060384e-02  5.26600368e-02
  2.17803232e-02 -1.88765787e-02 -5.01377806e-02  7.10277171e-34
  5.68138324e-02  5.58991060e-02  2.68623140e-02  8.68481956e-03
  3.02307718e-02 -8.25867206e-02 -3.96431163e-02 -3.65375988e-02
  4.31849062e-03 -5.11561520e-02 -1.79589726e-02  2.45910212e-02
  1.64885949e-02  5.83943501e-02 -1.10546034e-03 -1.93860307e-02
 -9.31427032e-02  2.91724578e-02  3.69885340e-02  2.05192603e-02
 -6.95666596e-02  1.00716539e-02  3.79348826e-03  3.49658020e-02
  2.61144899e-02 -3.53983492e-02  2.41759103e-02 -5.11597982e-03
 -3.03846188e-02 -3.72032858e-02  4.20818850e-02  3.96966375e-02
 -3.19820195e-02  4.55559557e-03  4.62958999e-02 -4.96618412e-02
 -6.98761567e-02  3.19458805e-02 -2.33218521e-02  5.78344576e-02
 -3.78885381e-02  4.20109704e-02 -8.82228371e-03  4.34123427e-02
  8.27521980e-02 -4.10880744e-02  7.11421743e-02  3.34065706e-02
 -2.01161969e-02  8.11444037e-03 -5.30372746e-02  9.12216827e-02
 -2.82108225e-02  2.53910813e-02 -4.44558635e-02 -2.82630529e-02
  2.38588881e-02 -9.39453393e-02 -9.32734534e-02  3.43937986e-02
  1.18713174e-02  2.80814338e-02  1.32106533e-02 -6.82089478e-03
 -1.19775105e-02  8.39171931e-02  3.97142172e-02  3.40987183e-02
 -5.83949760e-02  1.45954741e-02 -9.97853745e-03 -8.95091705e-03
  7.75778145e-02  2.75761653e-02  1.34726912e-02  7.95203727e-03
  1.56617258e-02 -5.40203415e-02 -2.43408289e-02  6.11029044e-02
  1.52441487e-02  6.57074433e-03  4.61104419e-03 -9.49905589e-02
 -8.51298049e-02 -4.16216590e-02  1.12414518e-02  7.47121638e-03
  1.30878046e-01 -1.58448201e-02 -3.52441967e-02 -1.53004397e-02
  4.35399599e-02 -1.57303158e-02  5.42258983e-03 -2.66161327e-33
 -3.29441689e-02  8.35085213e-02 -1.52299972e-02 -1.38378460e-02
 -4.93639484e-02 -7.26972297e-02 -2.62622833e-02  3.63598345e-03
 -6.68469891e-02 -8.31056833e-02  9.11086984e-03  1.43132940e-01
  1.73913762e-02 -1.94484647e-02 -4.89890911e-02 -2.31613107e-02
  4.82267439e-02 -3.52462009e-02 -1.02344111e-01 -3.35898325e-02
  1.49648562e-02  3.44120674e-02 -2.81532649e-02 -2.95422487e-02
 -8.58792514e-02  2.96540484e-02  5.50231943e-03  1.31757166e-02
  2.77631357e-02  4.54795407e-03  3.92136909e-02  2.26362925e-02
 -5.85302934e-02  4.58435304e-02  4.62688506e-03 -3.25648189e-02
  3.08208144e-03 -8.03643689e-02 -4.94260751e-02  9.87729523e-03
  8.79424810e-02 -5.54686040e-02  1.22335637e-02 -3.60439308e-02
  2.73174681e-02 -4.25043404e-02  5.36385225e-04  1.38911560e-01
  1.01927808e-02  7.23702386e-02  1.10990562e-01  6.74609393e-02
 -7.33920783e-02  3.36923338e-02  1.46172019e-02  6.89592399e-03
  3.67516689e-02  4.17587683e-02 -3.73505987e-02  6.13552257e-02
 -1.59270279e-02  2.14912686e-02 -3.92170139e-02 -7.56979957e-02
  4.69187871e-02 -6.64735883e-02  9.07197408e-03  1.41849751e-02
  1.09201401e-01  7.08816648e-02  2.27292348e-03 -2.11315043e-02
 -9.04815570e-02 -5.39676510e-02  1.11157987e-02  8.06418806e-02
 -3.87400910e-02 -4.95851450e-02 -5.64024299e-02  4.09258716e-02
 -1.20328311e-02 -5.82620874e-02  1.22022994e-01 -2.80352850e-02
  5.24659343e-02  5.18993661e-02 -1.25643387e-02 -1.37887493e-01
 -1.11959653e-03  8.43286887e-02 -7.45732486e-02 -8.84032622e-02
 -5.50713353e-02  9.54776704e-02 -1.39970900e-02 -5.40571676e-08
  4.06790078e-02  1.91521831e-02 -3.53366472e-02  2.72418763e-02
 -1.95855238e-02 -6.74757883e-02  5.69837801e-02  7.38792866e-02
 -8.53087194e-03  8.60023424e-02 -2.86984723e-02  1.39115015e-02
  4.45095971e-02  3.38626355e-02  4.46953252e-03  3.93336155e-02
  3.60761695e-02 -3.41845900e-02  3.56511737e-04 -3.76871340e-02
 -4.30262126e-02 -1.74338724e-02 -6.01472072e-02  1.33201396e-02
  1.24431392e-02 -5.18054981e-03  5.57946712e-02  1.26059055e-01
 -5.51816523e-02 -1.23883886e-02  8.57916176e-02 -4.95661087e-02
  4.12410386e-02 -3.00143752e-03  2.41606161e-02 -4.35668305e-02
 -4.53891465e-03  2.75124586e-03  7.23215193e-02  2.89611146e-02
  6.09898334e-03  9.17302668e-02 -3.73441465e-02  7.02992752e-02
 -2.34988574e-02 -3.23367454e-02 -3.18449065e-02 -3.24541032e-02
 -3.81822996e-02  2.85053328e-02 -2.03625355e-02 -2.74088066e-02
 -1.48427514e-02  6.18861988e-02  9.16365311e-02 -6.31918013e-02
  8.16801656e-03 -9.30894259e-03 -1.32117840e-02  1.13763042e-01
 -3.76212001e-02 -8.39568768e-03 -4.55423221e-02 -4.44315709e-02]",True,False
Climate Change: 'An APPALLING Scam!' w/ Jordan Peterson,Jordan Peterson,conservative,"likely an order of magnitude is The Greening effect. it's like: well, is that good? well, it's the opposite was what was predicted, and the opposite was regarded as a catastrophe. okay, so the opposite of a catastrophe is good. there's more plants and crops grow better. okay, so what's the problem exactly? well, you could make the case that it's still a very rapid rate of change and and any rapid rate of change has a destabilizing effect on, let's say, a given ecosystem, and so that's a. that's a fair objection. but if you're kind of fond of plants, 20% is a lot like. I've never heard anyone make a credible case against that particular perspective. so I talked to- I've talked to- a lot of people now, a lot of very good scientists about climate change, and the last person I talked to was Patrick Moore, and he has been he. he started green piece and then he left it when it got corrupt, and he's outlined the data pertaining to the levels of carbon dioxide in the atmosphere over very long periods of time. what the climate apocalypse mongers do is they take a very small section of time, like an arbitrarily small, and that's a big problem, because when you're doing something like climate analysis, the time frame matters. you can't just pick the time frame that's suitable for your bloody hypothesis. that's not reasonable. and so you can say: well, carbon dioxide has been.",0.997,"[-3.03700380e-02  4.60161865e-02  6.49891421e-02  2.92362515e-02
  8.10154751e-02 -1.06714405e-02 -5.83286360e-02  4.40098904e-02
  8.28777105e-02  7.95221925e-02  5.46190515e-02 -1.68871339e-02
  1.56076308e-02  1.52101610e-02 -5.39337005e-03  7.71486983e-02
 -5.53608723e-02 -6.20839605e-03 -1.52543113e-01 -2.57069990e-03
 -5.59246838e-02  4.97354791e-02 -6.26402199e-02  2.82735657e-02
 -3.81353498e-02 -1.99774671e-02 -9.29534286e-02  3.69062014e-02
 -7.10534975e-02  4.70261276e-02  7.79786892e-03  9.89971161e-02
 -1.91554893e-02  2.82467213e-02 -2.05459148e-02  1.03909383e-03
  2.67192274e-02 -6.66831881e-02  1.32501768e-02  3.86685543e-02
 -3.34994607e-02 -3.46086472e-02  4.08394961e-03 -1.17752664e-02
 -5.04612550e-02  2.85203066e-02 -2.85976008e-02  4.74944264e-02
 -4.11506742e-02 -1.13839827e-01 -7.15986872e-03 -4.60840799e-02
 -6.06537312e-02 -4.71186303e-02  2.33033206e-02 -4.92116064e-02
  6.51824027e-02 -4.68255719e-04  2.06337608e-02 -8.60554501e-02
  4.95391563e-02 -6.54509962e-02 -1.17086852e-02  6.18137699e-03
  7.52890036e-02  4.26421687e-02 -3.37267891e-02  2.97654308e-02
 -4.38520908e-02  2.36854814e-02 -1.60797499e-02  2.37344094e-02
  1.11341672e-02 -5.85117601e-02 -4.31704409e-02  3.18648741e-02
  1.06456652e-02  1.07222572e-01  6.49117082e-02 -3.89429405e-02
  1.57761261e-01 -2.41736826e-02  2.50332933e-02 -8.12456012e-02
 -2.03878414e-02 -3.70609872e-02  3.67745422e-02  2.89502330e-02
  5.16923293e-02  9.24373493e-02 -6.21162802e-02  2.22802116e-03
  7.11240098e-02  2.24001594e-02  1.03405584e-03  1.14646904e-01
  1.31173357e-02 -1.13064595e-01 -1.99004984e-03 -3.38744596e-02
 -3.14587764e-02  1.03918826e-02 -3.22717018e-02 -1.06584497e-01
  2.51631290e-02 -2.13610493e-02 -5.65949790e-02 -1.61621603e-03
  1.16634183e-03 -1.02598807e-02 -4.09301231e-03  5.37427031e-02
 -7.00279698e-02  2.74056327e-02  6.32733628e-02  2.25344691e-02
  8.64031017e-02 -7.21677486e-03 -4.63482663e-02 -3.82392295e-02
  1.48566086e-02  9.82394628e-03 -3.62702422e-02  4.70252447e-02
 -1.15424823e-02  3.48986574e-02 -4.18516062e-02 -6.80734702e-34
  3.63399461e-02  3.85358594e-02 -1.04391836e-02 -2.36427207e-02
  1.19237438e-01 -5.49673736e-02 -8.22575986e-02 -1.42968271e-03
  2.62862779e-02 -4.87209372e-02 -1.56535190e-02 -1.62103120e-02
  4.43799943e-02  4.85026464e-02  2.38069370e-02 -3.78706232e-02
 -7.72496015e-02  3.49857695e-02 -6.16877750e-02 -4.93830629e-02
 -7.19127804e-02 -4.23460379e-02 -2.07103379e-02  5.25951944e-02
  6.31398410e-02 -4.00660224e-02  1.43668791e-02  2.67727245e-02
  1.40624810e-02 -5.20810224e-02  5.08971997e-02  9.32300538e-02
 -8.76957774e-02 -1.48455612e-02  2.72385050e-02 -8.89810324e-02
 -1.30173815e-02  2.05106866e-02  2.83991713e-02  7.46953636e-02
 -4.13970985e-02  8.82091299e-02 -2.59801894e-02  2.17720903e-02
  5.85996024e-02 -2.45540887e-02  1.10139802e-01  5.40153719e-02
 -6.43868595e-02  1.26888584e-02 -6.93738312e-02  8.32407027e-02
 -1.90550778e-02 -1.76775828e-02 -1.50773134e-02 -4.03181501e-02
  5.61034530e-02 -2.57182289e-02 -3.82034443e-02 -4.35135588e-02
  1.43602360e-02  3.54049355e-02  3.56891053e-03 -2.88339276e-02
 -1.02564851e-02  5.25700152e-02  1.05138142e-02  2.15603858e-02
 -1.38512142e-02  4.68675345e-02  6.93149567e-02 -5.74819408e-02
 -2.45598773e-03 -6.35235757e-02 -1.93709438e-03 -5.44427224e-02
  2.84232479e-02  1.83697101e-02 -5.41248694e-02  3.65934782e-02
  2.43800171e-02 -1.95016470e-02  2.30703764e-02 -1.46250755e-01
 -9.24113393e-02 -2.15507932e-02 -1.13688093e-02  5.58350533e-02
  5.53632863e-02  1.39787216e-02  4.89807650e-02 -5.82455359e-02
  7.66280219e-02 -2.78715380e-02 -3.21931690e-02 -2.89526187e-34
 -2.00255793e-02  3.36933061e-02 -1.35932388e-02  3.98476385e-02
  4.05051261e-02 -1.00590527e-01 -6.61522597e-02 -2.14484595e-02
  1.46497255e-02 -7.59405643e-02  3.03038745e-03  2.07541049e-01
  3.22837792e-02  6.28629923e-02  2.86488943e-02 -9.09071118e-02
  1.03562055e-02  2.90327501e-02 -4.74864393e-02 -2.79556233e-02
  1.28700593e-02 -6.81000799e-02 -1.43485367e-02  5.30483667e-03
 -5.16203083e-02  7.45453611e-02 -2.11820323e-02  1.01876410e-03
  2.91831605e-02 -4.50905561e-02 -2.56713983e-02  8.58171657e-02
 -4.68711555e-02  1.46374432e-02 -1.68661680e-02  6.05548657e-02
 -1.71609875e-02 -8.71527195e-02 -3.55478898e-02  3.25421318e-02
  3.44699016e-03  3.66798998e-03 -3.97517458e-02 -6.15901425e-02
 -4.83279638e-02 -1.12625433e-03  3.92538011e-02  7.78800026e-02
  2.98413336e-02  7.56017491e-02  8.60223696e-02  1.24312088e-01
 -2.17717811e-02  4.47345227e-02  1.93475687e-04 -5.94664225e-03
 -5.64007601e-03 -2.12333016e-02 -6.66032955e-02  3.55449617e-02
 -2.49223281e-02 -2.00975351e-02  9.59724595e-04 -1.01686167e-02
  1.10923806e-02 -3.14267799e-02 -6.33220822e-02 -5.45755262e-04
  9.20329913e-02  4.09185588e-02  1.27123194e-02  1.37302512e-02
 -5.27690426e-02 -4.36645560e-02 -4.41304743e-02  1.59262829e-02
  7.73165701e-03 -5.56756854e-02 -3.43747847e-02  5.45231588e-02
 -7.78804347e-02  3.03928126e-02  2.12800521e-02 -3.01745869e-02
 -2.93591470e-02 -6.28415346e-02 -3.87051553e-02 -7.90701881e-02
 -8.86694714e-03  9.88890007e-02 -7.59011656e-02 -4.56538945e-02
 -1.24985026e-03  3.84270661e-02  8.33729655e-02 -5.72884566e-08
  2.34288089e-02 -2.47912519e-02  5.35589382e-02  7.12267607e-02
  9.63205993e-02 -3.78487557e-02  9.16032121e-03  4.93062288e-02
 -4.47777426e-03  9.05348212e-02  3.42097506e-02  1.30784199e-01
  6.75689355e-02  2.93593388e-02 -2.66714692e-02 -4.79063131e-02
  5.33319153e-02 -8.00792798e-02 -2.59930920e-02  4.16237339e-02
  6.05900306e-03  4.44904827e-02 -2.87612528e-02 -1.66571643e-02
  1.00296579e-01  1.64777488e-02  6.81964681e-02  7.38304853e-02
 -7.10764900e-02  6.05732240e-02  1.25688594e-02 -3.36104855e-02
 -2.10154168e-02  1.11972624e-02 -2.45073363e-02 -5.25283776e-02
 -3.12084351e-02  3.43465023e-02 -6.14849944e-03 -2.10752282e-02
  2.78808400e-02  5.40062375e-02 -6.80385232e-02  6.62776232e-02
 -1.36713730e-02 -9.88540649e-02 -4.25473042e-02 -1.37988513e-03
 -5.04884217e-03 -1.27859907e-02  3.87276709e-02 -2.02385131e-02
 -3.23769636e-02  2.21855957e-02  2.83052810e-02 -3.45675498e-02
 -6.37915730e-02  2.54450608e-02 -4.47561517e-02  5.62875494e-02
  5.75059047e-03 -8.85016620e-02 -1.23680457e-02 -3.18391845e-02]",True,True
Joe Rogan: Climate Change Is A Hoax,Joe Rogan,conservative,"it doesn't do a goddamn thing. you know what's? hot as [ __ ], cold as [ __ ], what's that? lack of humidity, lack of humidity, oh, that makes sense. you know the? the Sahara Desert used to be a [ __ ] rainforest, really, yeah, that's like the normal path of thing. we just we look at stuff through such a narrow window that we think, oh, the desert's the desert, the jungle's the jungle. but there's a natural path that goes back and forth between things becoming like rainforests and jungle and then things becoming sand. we talk about the ice caps too. how, apparently that was Lush. someone told me that used to be Lush Forest. that became. we're in an ice age right now. technically, is that correct? I don't think so. I heard if they, I heard if we have polar ice caps, that's technically an ice age, but I could really. my cousin told me that, uh, your cousin might be on Reddit [Laughter]. my cousin was reassuring me. he's like dude, the ice caps will fully melt and it'll just be Lush and we'll all move up there. you know well, if global warming does keep accelerating- that's the what everybody, the people that have the most optimistic view of it, they say- all the places that are wicked cold will just move into those. I was listening that that guy. he was talking about how, like the Midwest, like Minnesota and",0.989,"[-1.74595863e-02 -1.92610361e-02  8.02798849e-03  8.86256024e-02
  1.11632183e-01 -4.68361340e-02  3.91542315e-02 -6.90872818e-02
  4.72731665e-02  6.37376532e-02  3.48077007e-02 -4.95670699e-02
  6.36111796e-02  3.23538259e-02  8.77738595e-02 -1.95724797e-02
  5.82510419e-03 -6.62464648e-02 -9.36393216e-02 -4.68072072e-02
  1.42831225e-02  4.40466627e-02 -4.15542647e-02 -8.90473928e-03
 -7.21215904e-02 -1.31498324e-02 -8.64308253e-02  1.39512165e-04
 -1.04856208e-01  8.85875002e-02 -1.22741284e-02  4.94356081e-02
  1.20649934e-02  1.71191599e-02  2.00875048e-02  3.48176621e-02
  2.27225106e-02 -8.68851412e-03 -6.57921284e-02 -1.57732211e-04
  8.46394897e-03 -3.91528346e-02  6.97101653e-02 -3.02593801e-02
 -2.07763892e-02  5.92106953e-02 -2.16513779e-03  2.57174168e-02
 -6.62036240e-03 -2.94570066e-02 -8.28921869e-02  3.67177688e-02
 -1.00167267e-01 -1.65575631e-02 -5.46137206e-02  4.51045372e-02
  1.65804774e-02 -5.78491427e-02  1.25392228e-02  3.52232084e-02
  6.05141604e-03 -2.59255636e-02 -2.77807396e-02  2.20389556e-04
  8.86965767e-02 -7.84431398e-02  1.87803656e-02  1.59970354e-02
  5.39025962e-02  2.68766819e-03 -4.23307084e-02  8.25017989e-02
 -3.94056588e-02  3.84841263e-02 -9.18106288e-02 -1.53304916e-02
 -2.15636715e-02  3.12741362e-02 -1.36648342e-02  8.88744742e-03
  7.82134458e-02  3.80119570e-02  1.24678627e-01 -3.61897089e-02
 -5.56874201e-02 -3.73507366e-02  6.33672029e-02  1.03082217e-03
 -8.24010186e-03 -2.82584541e-02 -2.21435316e-02 -5.01421914e-02
 -6.45374181e-03  4.42948341e-02  2.92891953e-02  5.05973510e-02
  2.12031249e-02 -2.25712508e-02 -2.35794932e-02  1.38426656e-02
 -2.06887592e-02 -4.89189774e-02 -4.23343740e-02 -1.12885661e-01
  2.34611053e-02  1.28171761e-02 -6.50180355e-02  4.16170098e-02
  2.12990097e-03  3.55519094e-02 -8.82076547e-02 -2.23079417e-02
 -8.94658193e-02  5.85245900e-02  3.50596868e-02  1.30171152e-02
 -7.57227978e-03 -1.01330960e-02 -5.08931540e-02  8.57647806e-02
 -3.18122506e-02  8.99801180e-02  2.09318250e-02  1.02017745e-01
  6.79355934e-02  3.30777466e-02 -3.69529519e-03 -4.52900121e-33
  9.45669264e-02  1.71568822e-02  4.39082682e-02  3.24820429e-02
  2.86550447e-02 -1.65945664e-02 -8.68394896e-02 -8.08824610e-04
 -4.47410904e-02 -1.35373557e-02  1.10134939e-02 -3.39759025e-03
 -5.83039224e-02  5.19831404e-02 -9.90820397e-03 -1.57739427e-02
 -1.14604287e-01 -8.73499885e-02  2.13108752e-02  6.67392090e-02
 -7.12086260e-02  3.38510051e-02  1.99539829e-02 -1.09451059e-02
  2.43200036e-03  1.24913007e-02 -5.46068186e-03  1.45727890e-02
  7.21506448e-03  1.61190499e-02 -1.85464043e-02 -5.77577502e-02
 -1.42869055e-01 -4.71744277e-02  9.98893660e-03 -1.15334466e-02
  1.15701063e-02  3.97787290e-03 -1.36089819e-02 -2.72007920e-02
 -1.18531808e-02 -2.74820775e-02 -6.19069301e-02  1.40931616e-02
 -5.95615385e-03  3.60185057e-02  6.87844083e-02  2.26548258e-02
 -9.22025889e-02 -1.87646318e-02 -6.79392517e-02  6.23683110e-02
  9.75868925e-02  4.74729080e-04 -6.02684729e-02  1.36441039e-02
  8.56854171e-02 -9.64774285e-03 -3.95147018e-02  1.74262691e-02
  1.01631641e-01 -9.39864218e-02  2.65077874e-03 -3.35572362e-02
  7.84056075e-03  5.64989448e-02  1.35728093e-02  3.66243571e-02
  1.93122737e-02 -5.23824207e-02  3.32870148e-02 -1.85165647e-02
 -9.72868688e-03  7.28582963e-02 -1.84942726e-02 -9.58307367e-03
  5.32294400e-02  4.02553305e-02 -2.24475153e-02  2.79453062e-02
 -2.74986122e-02  2.12328639e-02  1.76014584e-02 -1.62218716e-02
 -8.72843042e-02 -7.59627819e-02  3.69335115e-02  3.77075188e-02
  1.32953161e-02 -1.95718575e-02 -4.26178388e-02 -1.07127903e-02
  3.25743183e-02 -3.14507484e-02 -3.42930132e-03 -9.65098426e-35
 -3.59133705e-02 -1.55029539e-02 -5.07842377e-02  2.50508823e-02
 -5.98125458e-02 -4.70256731e-02 -5.09402007e-02  8.32777545e-02
 -1.65953208e-02 -7.82049671e-02  2.52173655e-02 -4.66276985e-03
  2.71007959e-02 -5.62720485e-02  4.00146693e-02  4.22359357e-04
 -3.29203182e-03  7.38570094e-02 -4.78554852e-02  7.90747702e-02
 -9.79593322e-02 -1.69323124e-02 -7.49533400e-02 -1.09497104e-02
 -3.25551741e-02 -6.56714989e-03  2.87651457e-02 -2.68868394e-02
 -4.14770395e-02  3.21869999e-02 -7.48262033e-02  4.89757040e-05
 -4.93622273e-02 -4.65909354e-02 -6.19030148e-02 -1.53346350e-02
 -5.98782413e-02 -1.67324200e-01 -1.14700578e-01 -6.18027709e-02
  1.41467810e-01  1.70347597e-02  1.43515160e-02  3.95648740e-03
  9.57246684e-03  6.50069490e-03  1.03786252e-02  1.16487943e-01
 -1.08794514e-02  4.08953838e-02  1.23633631e-01 -2.33751796e-02
 -2.93678846e-02 -1.13548413e-04  5.37685677e-02 -8.72978419e-02
 -5.18162213e-02  4.63577285e-02 -6.54836446e-02 -1.04208970e-02
 -6.69128373e-02 -1.83606315e-02 -8.79155695e-02 -1.89338382e-02
  3.52473408e-02 -8.15226063e-02 -5.31509817e-02 -3.83981615e-02
  1.22565860e-02  1.03118777e-01  7.23858848e-02 -4.39465605e-02
 -1.14101619e-01 -8.42986181e-02  7.13758692e-02  5.48019111e-02
  5.22610033e-03 -1.93856508e-02 -7.79454783e-02  3.12317605e-03
 -6.43421039e-02  1.41978506e-02  4.12884243e-02 -6.15072530e-03
  8.21339116e-02  1.19265472e-03 -4.13978733e-02 -3.97016257e-02
 -7.11156102e-03  7.64500350e-02 -3.10564730e-02 -9.89316702e-02
 -1.08164750e-01  6.42374679e-02 -8.58851150e-02 -5.36011022e-08
  6.92382678e-02  1.09370813e-01  6.38733506e-02  2.72873957e-02
  1.11172646e-02  4.21860181e-02  1.20826103e-01  5.27107976e-02
 -3.40803862e-02  3.45358476e-02  1.97945461e-02  5.08471765e-02
  1.04746684e-01  3.01817134e-02  5.30501641e-03  4.04415093e-02
  5.85618913e-02  2.09113080e-02  6.85475115e-03  1.50099173e-02
 -1.88172376e-03  1.04491459e-02 -2.81977118e-03  5.09079844e-02
  1.76521984e-03  7.39762466e-03 -1.53854378e-02  4.66895141e-02
  4.88196909e-02 -4.74351197e-02 -1.35419862e-02 -7.33134076e-02
  2.48728618e-02 -8.03885609e-03 -2.44093817e-02 -6.33392707e-02
  4.16686526e-03 -1.53262180e-03  2.35912297e-02 -2.59040017e-02
  2.64967047e-02  4.53929044e-02 -3.14750224e-02  3.21251899e-02
 -1.66536085e-02  3.99679579e-02 -3.75507376e-03 -5.66438399e-03
 -5.38094491e-02  8.74125659e-02 -4.11431901e-02  3.68860923e-02
 -2.69927736e-02  5.86581901e-02  5.50771952e-02 -7.09702447e-02
 -2.70535797e-02  4.31522075e-03 -2.03093588e-02  8.17482546e-02
  5.09947538e-02  1.45083359e-02 -8.20393413e-02 -4.08853637e-03]",True,True
Joe Rogan: Climate Change Is A Hoax,Joe Rogan,conservative,"[ __ ] like Canada. yeah, yeah, it's getting a lot warmer. I'm gonna re-cross the bearing straight. you gotta get back. I think it's the opposite though: it's gonna get more water. you're looking at it wrong. so I get my timeline, my time. if an Ice Age happens, then you can make that walk. I need that. yeah, that was my favorite Jones. he was like [ __ ], global warming, the ice caps are growing, and everyone was like shut the [ __ ] up and then one quick Google. you're like God damn it, he's right, they're growing. Antarctica is so. Leonardo DiCaprio is wrong. Leonardo DiCaprio, he talked to the scientists, all these [ __ ] scientists. even the scientists don't agree because, like there are, there's a mass group of scientists that will tell you- and this is undeniable- that human beings have had a big impact on carbon emissions. but you know that volcano that just erupted. where'd that volcano just erupted? oh, recently, some guy put this. I would like to find out this is true. some guy put this on Twitter: that there was more CO2 released from that one volcano erupting then everything human beings have ever done. really, I don't know if it's true, sounds amazing, though I like it. I've heard Matthews with that kind of talk. I like it. I'll be at the cellar trying to dish that out. they'll be like: where did you find that?",0.576,"[-9.21848714e-02  2.33466923e-02  1.29235670e-01  7.22110495e-02
  1.16492800e-01  2.46271282e-03 -4.27785888e-02  1.94394905e-02
  1.81629080e-02  3.44452895e-02 -2.21243724e-02 -5.65398335e-02
  8.46903119e-03  4.87720482e-02 -6.20149635e-02  2.15360075e-02
 -1.33976802e-01  2.00010906e-03 -4.83333953e-02  5.08053228e-02
  8.01423006e-03  6.71503469e-02 -5.58856539e-02  5.81597053e-02
 -1.96108185e-02  3.10130939e-02 -1.43765528e-02  4.69382107e-03
 -1.15760311e-01  9.07787904e-02 -1.34496437e-02  1.34787997e-02
  5.44858212e-03 -3.12465951e-02  5.03026135e-03  2.24958565e-02
  1.08767711e-02  4.68547195e-02 -2.43217940e-03  2.56708208e-02
  2.33227070e-02 -1.95714552e-02  5.21776639e-02  2.82278797e-03
 -1.53632462e-03  2.02921722e-02 -2.28371043e-02 -2.99432315e-02
 -4.69818786e-02 -1.12658245e-02 -4.43344004e-02 -1.82511434e-02
 -7.01608881e-02 -5.20417728e-02  1.68447080e-03 -2.33545527e-02
  3.41590345e-02 -2.82559507e-02  8.41054097e-02  6.97100954e-03
  4.68789190e-02 -1.00928418e-01 -5.14254645e-02  2.25987416e-02
  6.25387356e-02  1.03045227e-02 -1.54436221e-02  9.20302495e-02
 -3.43196727e-02  5.62974811e-02 -2.32904870e-02  1.01743333e-01
 -1.65423378e-02 -3.57308052e-02  1.05849365e-02 -2.27047447e-02
 -4.15482707e-02  4.77110222e-02  3.40819024e-02  1.52389216e-03
  7.67062753e-02 -3.17979045e-02  3.89698870e-03 -2.97340732e-02
 -3.19103412e-02 -7.73508428e-03  6.08353466e-02 -2.61647329e-02
  3.72954346e-02 -6.16539177e-03 -9.96132866e-02 -9.85825714e-03
  5.93587235e-02  7.72129893e-02  6.46345243e-02  7.08807632e-02
  1.08890915e-02 -3.10402904e-02 -1.68434978e-02  2.93577416e-03
  6.67719543e-02  1.85437351e-02 -3.47198099e-02 -3.46635394e-02
  6.05780780e-02  9.24391672e-03 -6.63008690e-02  1.03541063e-02
 -1.91382151e-02  4.32411321e-02 -4.74753454e-02 -4.20487076e-02
 -6.02150522e-02 -3.40401120e-02  5.53664491e-02  2.84041022e-03
  3.51836197e-02  1.05149699e-02 -5.20781465e-02  2.23444458e-02
 -8.44098628e-02  4.97053713e-02 -5.27030118e-02  4.40909453e-02
  4.76173386e-02 -2.32466292e-02  2.01165900e-02 -2.96911947e-33
  8.93793777e-02  1.27940997e-02 -9.31046158e-03  8.58138874e-02
  5.80454580e-02  1.60597302e-02 -8.72644633e-02  2.21916232e-02
 -7.50755370e-02 -9.16684140e-03 -2.45471857e-02  3.15271430e-02
 -8.02998766e-02  6.13013320e-02 -1.57647822e-02  2.69766524e-03
 -1.71126537e-02 -6.55720104e-03 -2.14108843e-02  5.03276587e-02
  1.59209978e-03 -5.56503162e-02  6.43810537e-03  1.27025805e-02
  2.92348377e-02  4.82846089e-02 -1.72373001e-03 -3.38048525e-02
 -2.71757413e-03 -4.10889648e-02 -2.60203872e-02  1.31716477e-02
 -5.65483272e-02  1.19509734e-02  5.62530719e-02 -9.70627815e-02
  2.05030534e-02 -2.18652561e-02 -3.49726118e-02  5.12944795e-02
 -2.13440619e-02  1.46374153e-02 -8.72522071e-02 -5.07205203e-02
  3.52747403e-02  6.56805784e-02  7.64384493e-02 -4.53704363e-03
  2.64282692e-02  4.47221808e-02 -5.46133742e-02  7.33811036e-02
 -1.08036976e-02 -1.20592676e-03  2.77202819e-02 -1.57391448e-02
 -2.30239946e-02  2.49998700e-02  2.41207257e-02 -2.95713153e-02
  1.11415144e-02  5.11674657e-02  3.81248929e-02 -3.62369306e-02
 -2.02606432e-02  8.68578404e-02 -3.45198065e-02 -7.03525636e-03
  6.20282888e-02  3.80173177e-02 -1.20731480e-02 -1.75175481e-02
 -5.56399412e-02 -1.67762488e-02  1.82460453e-02  3.11276186e-02
 -6.02048784e-02 -4.86610364e-03 -2.36030482e-02  3.84800993e-02
 -2.61682104e-02 -1.13766566e-01 -3.04072630e-03 -5.71568422e-02
 -8.19842238e-03 -6.73600063e-02  6.85122907e-02 -1.77729060e-03
  4.78054397e-02  3.68832238e-02 -1.11055322e-01 -1.02965340e-01
  9.03633609e-02  1.00148679e-03 -5.29750139e-02  1.16009124e-33
  5.61487079e-02 -3.65056433e-02  2.94850916e-02  1.79872252e-02
 -5.06978445e-02 -5.67494817e-02 -1.13130920e-01  1.93154849e-02
 -1.51037993e-02 -7.51992911e-02  2.52599530e-02 -7.04335980e-03
  6.08008318e-02 -3.09216361e-02  9.13352519e-03 -2.76839221e-03
  5.57997543e-03  5.07720700e-03 -1.01770096e-01  7.51828253e-02
 -5.93391014e-03 -2.39367727e-02 -1.55875742e-01 -2.40186229e-02
 -3.08581516e-02  8.49142894e-02  8.77812132e-02 -2.16911454e-02
  2.17205449e-03 -3.86896543e-03 -1.86984405e-01  1.24969691e-01
 -7.39737647e-03 -2.43203696e-02 -1.18695237e-01  8.27365369e-02
 -1.24842599e-02 -6.85679838e-02 -3.49427499e-02 -7.59980753e-02
  5.31921312e-02 -3.21176983e-02 -2.23518698e-03 -4.07856442e-02
 -3.32847834e-02 -4.38027307e-02 -1.50130400e-02  1.38235420e-01
  3.41120828e-03  9.88595411e-02  6.93608820e-02 -3.10683809e-02
 -1.80284716e-02  9.57375299e-03  3.62215675e-02 -7.55414367e-02
 -1.06952693e-02  1.39181679e-02 -5.98657504e-02 -3.93791460e-02
 -7.32209980e-02 -4.53883819e-02 -2.44760625e-02 -4.12558429e-02
 -2.90239733e-02 -6.19640797e-02 -4.08242829e-02 -3.26263048e-02
 -4.17752564e-03  5.69867902e-02  3.22836004e-02 -5.81062539e-03
 -5.13346195e-02 -6.36265650e-02  5.09407446e-02  8.87217745e-02
  5.88037893e-02 -1.69781297e-02 -2.68524028e-02 -2.57480741e-02
 -2.39724331e-02  2.92674676e-02  7.92777687e-02  6.34195656e-02
  6.15200959e-02  8.93516839e-03 -1.13830902e-02 -6.05713949e-02
  3.90038849e-03  6.91490471e-02 -1.01764366e-01 -5.44626005e-02
 -5.84611185e-02  1.97361186e-02  5.51824784e-03 -5.89227795e-08
  6.96772113e-02  1.00750186e-01 -6.96489448e-03  2.06884015e-02
  7.80621469e-02 -4.36139256e-02  3.37732490e-03  4.30426300e-02
  5.35569794e-04  2.28090808e-02  1.93467177e-02  8.26961249e-02
  9.84110236e-02  4.64471020e-02  1.94203239e-02  3.44942696e-02
 -1.97044872e-02 -7.80972168e-02 -1.28990542e-02 -7.53392931e-04
 -4.85305749e-02  2.98852772e-02 -9.43567138e-03 -1.59677584e-02
  5.52716032e-02  1.55812409e-02  4.56390455e-02  6.48855045e-02
 -4.54874523e-02 -6.39569461e-02  9.14322305e-03 -7.45365992e-02
 -7.81596079e-03 -3.31322774e-02  4.75076810e-02 -1.85676944e-02
  1.18210664e-04 -3.10878418e-02  1.98570248e-02 -9.38766003e-02
  2.44894885e-02  1.04873687e-01  1.68581195e-02  6.08148836e-02
 -2.09181700e-02 -4.09956239e-02  1.01666795e-02  4.47521778e-03
 -6.10734988e-03  1.15773849e-01 -5.75945675e-02 -1.62048247e-02
  1.16642183e-02 -2.69765239e-02  7.08333850e-02  5.79739474e-02
 -5.62935695e-02  3.54429781e-02 -8.11396390e-02  9.76110920e-02
  7.59986192e-02 -7.07709417e-02 -7.40951449e-02 -3.64378095e-02]",False,False
Joe Rogan: Climate Change Is A Hoax,Joe Rogan,conservative,"an iteration posted on Twitter June 2nd is tweeted nearly 9 000 times. yeah, it might all be horseshit, yeah I mean, but my thing is a lot, though it looks like a lot of stuff, it's a big-ass Cloud. I'd say that's 40 CO2 if I had to put my Island. just just one glance at it. it was just funny to be like: nah, the Earth's not warming up, just the [ __ ]. does anyone know? know what? the temperature of the entire Earth? both people, both people are silly. the people with limited research that say it's nothing to worry about. and the people with limited research that say we're gonna, we're all gonna- die. both people are silly. the the ones that make the most sense. in the. I had a guy named Steve coonan on the podcast. who's uh, he's a physicist who got into- uh, that's what he was, right, coonan, and he uh- I forget how he was tasked with- uh, going about, uh, looking into climate change, but what he found was that the periods of ups and downs have always existed, like this idea that the Earth has ever been at a stable temperature that stays like this. that's just not the case. it's go, it goes up and it goes down, and it seems like it's always done that forever and it varies wildly, like they have these big giant spikes up and down, but this is over thousands.",0.919,"[-2.99145933e-02  1.32548194e-02  5.59725016e-02  4.45506275e-02
  5.85937724e-02 -5.82679175e-02  1.84930712e-02  3.55188847e-02
  1.52747342e-02 -3.41737340e-03 -9.86061338e-03 -9.36566070e-02
 -5.31176804e-03  2.77466048e-03 -7.69042736e-03 -2.08092462e-02
 -3.72968540e-02 -1.33603916e-01 -8.54298845e-02  1.15811322e-02
  3.52595327e-03  1.20980009e-01 -2.78670546e-02  3.49103510e-02
  3.67651880e-03  7.81993102e-03 -2.49590762e-02  1.85875390e-02
 -1.01610728e-01  8.83133933e-02 -3.81308608e-02  4.49658111e-02
 -9.05108228e-02 -8.22510011e-03 -7.39421230e-03  8.03794526e-03
  2.15506684e-02  2.42106263e-02  4.28714082e-02  5.88956987e-03
 -5.96764013e-02 -7.58251175e-02  2.14033946e-02 -1.26124162e-03
 -5.20338956e-03  6.42426312e-02 -5.04797930e-03 -6.21706881e-02
  2.05710088e-03 -1.71683691e-02 -7.86071941e-02 -4.87738028e-02
 -2.14158576e-02 -1.03982193e-02  3.07039265e-02  3.86684313e-02
  3.64080220e-02  3.40812504e-02  4.65940945e-02 -5.14083616e-02
  6.43928815e-03 -1.29591987e-01 -3.23181860e-02  6.65796846e-02
  1.20175652e-01  3.03589244e-04 -5.95647318e-04  4.09211330e-02
 -6.32502371e-03  2.20725816e-02  2.91012367e-03  6.74826950e-02
  1.83935780e-02  4.42621438e-03  2.77767908e-02  3.19046201e-03
 -9.99081531e-04  2.69621462e-02  8.34138095e-02  2.67929956e-02
  1.39235243e-01 -1.45449610e-02  2.39183139e-02 -9.47345272e-02
 -3.88254337e-02 -1.67670567e-02  4.44319062e-02  2.60965675e-02
 -1.97429471e-02  3.94671177e-03 -8.73866454e-02 -1.99326333e-02
  1.50894701e-01  6.20884001e-02  2.76197586e-02  1.39324158e-01
 -2.00651232e-02  7.21799210e-03 -4.46389429e-02  5.29797673e-02
  1.72180030e-02  2.93322708e-02 -1.94697548e-02 -3.42552587e-02
  4.34599631e-02  5.53421257e-03 -1.12013882e-02  1.56680960e-02
  7.50913247e-02 -8.32520705e-03 -7.72534907e-02  7.91138690e-03
 -2.07721926e-02 -3.78520191e-02  3.19911167e-02  3.91953066e-02
  7.28093386e-02  5.61535321e-02 -1.83772575e-02 -5.86290029e-04
  4.52925488e-02 -7.93736987e-03 -1.78114660e-02  7.18298480e-02
  9.30357128e-02  4.58822213e-02 -4.33802232e-02 -4.41320482e-34
  1.36766016e-01  3.67419124e-02  3.74502204e-02  8.89335573e-02
  5.50773703e-02 -4.07007672e-02 -1.14239112e-01 -2.41572242e-02
  6.32333616e-03 -8.30897223e-03  1.30213471e-02  3.53501439e-02
 -9.14196577e-03  4.33742404e-02 -4.44043167e-02 -3.65056284e-02
 -6.80730194e-02 -2.80038435e-02  2.60881521e-03 -8.93419783e-04
  5.55497734e-03  2.57508755e-02  2.10767929e-02  3.06287911e-02
 -2.13614423e-02 -4.45504673e-03  5.23426421e-02 -1.57072427e-04
  3.41807716e-02  1.25353886e-02 -9.76014957e-02  3.76170315e-02
 -2.16209311e-02 -2.51364950e-02  4.03793119e-02 -1.02703966e-01
 -2.73219701e-02 -1.82005987e-02 -3.17107812e-02 -5.22820838e-03
  2.80395281e-02  5.19315302e-02 -5.65138087e-02  3.45966183e-02
 -2.37475615e-02 -1.19750002e-04  5.02754524e-02  2.52272207e-02
 -7.59887546e-02  2.24719830e-02 -4.53541912e-02  4.72023189e-02
  3.20689231e-02  2.45853402e-02  2.75027584e-02  3.47892730e-03
  6.10455200e-02 -9.32332426e-02  3.76325287e-02 -2.52770837e-02
  2.54829433e-02  5.39025478e-02  7.33886436e-02  2.93807965e-03
 -4.40244190e-02  2.10817531e-02 -8.60601738e-02 -1.07589839e-02
 -4.80021872e-02  2.45712604e-02  4.17423919e-02 -5.43153621e-02
 -2.42320858e-02 -5.95318973e-02  5.13110347e-02 -2.45479383e-02
  4.08983268e-02 -7.63299828e-03 -2.65523270e-02  2.31211707e-02
  5.29393628e-02 -7.73435012e-02  3.99984494e-02 -9.98344123e-02
 -8.95888284e-02 -9.74460170e-02 -2.19600014e-02  1.41515322e-02
  5.54175824e-02  3.22380220e-03 -5.30849174e-02 -2.97805350e-02
  9.37094316e-02 -3.91441509e-02 -1.19750857e-01  3.80579750e-34
 -5.96607737e-02 -1.04025789e-02 -2.04226673e-02  5.80860414e-02
 -3.09256762e-02 -3.01328059e-02 -4.01918329e-02 -3.78581211e-02
  1.31780310e-02 -2.63715219e-02  8.42594504e-02  4.45289351e-02
  3.04231532e-02 -7.08091035e-02  3.84142250e-02 -4.44190316e-02
  2.57302411e-02 -4.42753546e-02 -5.36433458e-02  2.31783073e-02
  8.30521248e-03 -1.00797899e-01 -9.42445099e-02  2.09366549e-02
 -3.28114107e-02  9.25943553e-02  1.04309350e-01 -3.49097960e-02
  4.37586978e-02 -8.32764991e-03 -1.22745387e-01  2.62305681e-02
 -6.39185086e-02  6.34077936e-03 -9.47014689e-02  7.53020719e-02
  2.88728066e-02 -2.74357852e-02 -4.88519967e-02 -8.34577978e-02
 -5.21160429e-03 -5.83767332e-03 -3.28336023e-02 -6.49044290e-02
 -3.11778691e-02 -4.66772243e-02  6.89178659e-03  5.42867668e-02
 -3.49615067e-02  6.96229115e-02  4.49102633e-02  1.84545126e-02
 -1.00869723e-01 -2.72745173e-02  7.65151391e-03 -4.00967449e-02
  6.30114519e-04  2.80023161e-02 -3.26837488e-02 -7.87306949e-03
  6.43392606e-03 -6.24620803e-02 -6.21457864e-03 -1.21940309e-02
 -3.09454724e-02 -2.99356263e-02 -6.08871728e-02  5.97834075e-03
  3.07113137e-02  7.68176764e-02  1.41316764e-02 -1.35788340e-02
 -7.51271918e-02 -1.45537466e-01  7.11954907e-02  2.73904707e-02
 -4.21280367e-03 -5.45106791e-02 -4.51782793e-02  5.93373692e-03
 -5.67539297e-02  4.73971246e-03  5.61336391e-02  5.11989221e-02
  3.55095714e-02 -2.60844715e-02  1.43613678e-03  4.64960039e-02
 -3.76065634e-02  5.71354330e-02 -5.68944551e-02 -2.12864801e-02
 -4.43461165e-02  4.27526906e-02 -2.01062579e-02 -5.93215042e-08
  3.57758515e-02  2.56558117e-02  1.45668155e-02 -3.92127363e-03
  8.79146755e-02 -1.29697111e-03  2.66788080e-02  3.26600261e-02
 -1.59460271e-03  3.03602684e-02  2.85334419e-02  4.18885052e-02
  8.09756070e-02  3.45090628e-02  1.52934957e-02  5.36023714e-02
 -8.97898432e-03 -3.89343798e-02 -6.32599071e-02 -1.84050780e-02
  5.97082591e-03  5.08486852e-02  5.40980184e-03 -3.15765588e-04
  6.87116832e-02  7.02012405e-02  4.12626788e-02  1.35221407e-01
 -5.65605834e-02 -8.97545144e-02 -1.03456400e-01 -2.98164468e-02
 -1.02612145e-01 -1.74280088e-02 -1.13145877e-02 -7.24837855e-02
  4.15988602e-02  8.17556977e-02  8.57321825e-03  1.40114070e-03
 -8.89951140e-02  5.93275949e-02  2.29455903e-02  1.29297435e-01
  1.02317296e-02 -2.88342405e-02  2.57831682e-02  1.74964145e-02
  7.89967645e-03  3.54574807e-02  3.13834399e-02 -1.90583616e-02
 -2.27669831e-02  5.43676727e-02  5.12017459e-02  6.84555853e-03
 -7.56151453e-02  3.54015715e-02 -7.89382607e-02  6.26987740e-02
  5.06801307e-02 -6.30551875e-02 -9.61633325e-02 -9.03949235e-03]",True,False
Joe Rogan: Climate Change Is A Hoax,Joe Rogan,conservative,"[ __ ] are talking about global warming is [ __ ] not real. I'm sick of it. I had Randall Carlson on my podcast. he's an expert in uh collisions, like a cosmic collisions on Earth, and he said: you don't, he goes. global warming is not good. he goes, but what's really bad is global cooling. oh, it goes. global cooling is terrifying. Global ice ages: that's where everybody dies, yeah, that's where there's no food. that's where you're [ __ ] starving to death.",0.999,"[-7.06568658e-02 -4.46335934e-02  1.72482133e-02  5.00295684e-02
  8.43894556e-02 -5.09354249e-02  1.25318561e-02  4.06990424e-02
 -1.69772990e-02  1.56485084e-02 -4.97387759e-02 -2.44844090e-02
 -1.47221731e-02  1.78836975e-02 -3.86495367e-02 -3.20450403e-02
 -3.00239120e-02 -7.93730542e-02 -1.03546359e-01  3.25175934e-02
 -6.76968554e-03  1.09183863e-01 -2.43793614e-02  8.72939900e-02
 -2.80611552e-02 -8.25837106e-02 -3.29918079e-02 -1.85779706e-02
 -8.82856399e-02  8.92654508e-02  1.73880365e-02  1.00350060e-01
 -4.93924208e-02 -4.26406190e-02  1.47709940e-02  7.96630979e-02
  1.13258818e-02  6.54458185e-04 -2.52915006e-02 -2.80772261e-02
  4.70789447e-02 -7.97006115e-02  7.27558360e-02 -2.87066009e-02
  9.93480999e-03  5.44369780e-02 -8.49615708e-02 -1.18899904e-02
  3.51543631e-03 -1.41257429e-02 -1.39156610e-01 -1.37403058e-02
 -3.23268361e-02  4.16454412e-02  3.19878347e-02  2.06054281e-02
 -1.91053450e-02 -1.94417685e-02 -6.29278738e-03  2.05384378e-04
  9.00415629e-02 -2.72841863e-02 -3.83453332e-02  7.30091520e-03
  2.76996046e-02  2.14403924e-02 -3.72308269e-02  8.60500410e-02
  3.76276597e-02  6.64451495e-02  2.06332211e-03  7.13471994e-02
 -3.64606045e-02  4.01187278e-02  1.80066619e-02 -6.69551194e-02
 -3.30825560e-02  5.80922887e-03  1.05591863e-01  3.57255340e-02
  8.30090418e-02 -5.94823882e-02  6.98404163e-02 -3.63250598e-02
 -2.94660451e-04 -7.49742519e-03  2.77659334e-02 -2.47689895e-04
  4.17950191e-02  5.57139255e-02 -5.98782375e-02 -2.42387075e-02
  5.95438629e-02  6.57803565e-02 -3.08548026e-02  9.83569920e-02
 -4.33302158e-03 -4.75409180e-02 -6.87816590e-02  8.63694586e-03
 -1.70172732e-02 -5.14129475e-02 -2.16073673e-02 -6.62868842e-02
  4.99628000e-02 -1.92406122e-02 -6.27770275e-02  8.71068612e-03
 -3.46301347e-02 -4.11741659e-02 -8.11050236e-02 -7.43657071e-03
 -1.16747627e-02 -9.37354788e-02  3.15101445e-02  8.51134956e-02
  1.00744165e-01 -4.27989997e-02 -2.64350381e-02 -2.82316399e-03
 -3.32743041e-02  5.68297170e-02 -2.90273651e-02  8.43227655e-02
  3.11262738e-02 -9.72994864e-02 -2.29090150e-03 -1.10664519e-33
 -2.81742704e-03 -2.07774695e-02  6.28338903e-02  1.64056625e-02
  4.09338921e-02 -1.76923666e-02 -1.34333163e-01 -4.47683707e-02
  2.58746054e-02  2.37800926e-02  9.96901244e-02  4.54740450e-02
  5.97042739e-02  2.60049719e-02  8.75526015e-03 -4.84063569e-03
 -1.18285254e-01  2.05789995e-03  1.69101153e-02  5.28124720e-02
  6.97392644e-03  4.60140482e-02  2.40850486e-02  3.40673402e-02
  1.16444062e-02  2.92713214e-02  2.38522626e-02 -1.63136665e-02
  3.07424758e-02  2.67387182e-02 -6.16124533e-02  1.07324366e-02
 -6.50954694e-02 -2.69877631e-02  1.61325256e-03 -1.97031926e-02
 -3.47613394e-02  6.97011361e-03 -5.30683510e-02  2.61939913e-02
 -2.97064148e-02  4.14599478e-03 -5.88340238e-02 -8.97610467e-03
  8.08745176e-02  5.38343303e-02  1.11407310e-01 -1.07295047e-02
 -1.56672318e-02  5.22496514e-02  5.65861911e-03  3.50176543e-02
  2.68187802e-02  2.19076928e-02  1.08127585e-02  3.78267793e-03
  5.07380217e-02 -5.82030509e-04 -2.98782382e-02 -3.63399722e-02
 -6.35688752e-02  2.18607746e-02  1.97218433e-02 -5.22137769e-02
 -2.72319205e-02  1.57036725e-02 -4.04846445e-02 -5.89132644e-02
  1.31230457e-02 -2.71919593e-02  4.63314168e-02 -3.05703487e-02
 -6.65407553e-02 -4.96285595e-02 -3.80381346e-02 -3.83331664e-02
 -3.39376219e-02  4.20317464e-02 -2.71086060e-02  6.18932173e-02
  2.03184169e-02 -1.40705369e-02  6.66174442e-02 -5.33543676e-02
 -1.02161832e-01 -5.96987009e-02 -1.22986017e-02  3.01928967e-02
  6.12141229e-02  4.14190739e-02 -7.25309998e-02 -5.86270988e-02
  4.88520712e-02 -1.72581971e-02 -9.47681293e-02 -1.80323187e-34
 -4.07572761e-02  8.50192737e-04 -1.58775914e-02  6.56405538e-02
 -8.13064799e-02 -7.55839571e-02 -5.14107980e-02  9.26568452e-03
  4.79212068e-02 -3.91079746e-02  2.12474465e-02  3.85628268e-02
  2.27565737e-03  4.65040095e-02  3.57813723e-02 -6.85467422e-02
  1.23024844e-02 -3.84731404e-02 -7.63887465e-02 -5.48473820e-02
  4.58674394e-02 -1.75094064e-02 -1.14514120e-01  3.37218381e-02
 -3.29656340e-02  4.51085940e-02  6.98033497e-02  1.65352188e-02
  4.06468771e-02 -2.45814640e-02 -3.23657356e-02  1.17178202e-01
 -6.88076243e-02 -3.10900081e-02 -7.02268211e-03  4.87527400e-02
  5.08759590e-03 -1.16141280e-02 -1.60083938e-02 -1.41383991e-01
  9.06765610e-02 -2.67406441e-02 -2.51819212e-02 -5.65470867e-02
 -3.79020609e-02 -5.72326183e-02  2.69426573e-02  7.48627782e-02
 -3.21899951e-02  7.56787658e-02  6.66333316e-03 -2.91131064e-02
 -5.50753698e-02 -4.56781238e-02 -7.43443985e-03 -4.78740931e-02
 -2.54584551e-02  2.46524084e-02 -2.04291120e-02 -5.27293161e-02
  3.08194552e-02 -5.13728000e-02  7.62448134e-03 -4.73654456e-02
 -3.12122726e-03 -8.82783681e-02 -2.42777448e-02 -2.43580434e-02
  3.74906138e-02 -2.45800819e-02  5.32035120e-02  2.63356906e-03
 -1.37061864e-01 -1.95025317e-02  3.11728735e-02  4.02384810e-02
  4.80959825e-02  2.93822289e-02  2.32707504e-02  2.09986102e-02
  1.84495244e-02 -3.71992812e-02  1.24089427e-01  2.73386259e-02
  2.42128503e-02 -1.52381854e-02 -7.03861341e-02 -5.53289801e-03
 -4.28304821e-02  9.75262970e-02 -9.19967368e-02 -3.52379456e-02
 -7.42972568e-02  9.63479578e-02 -1.35573084e-02 -4.62727527e-08
  1.10937282e-01  4.08889912e-02  1.08193439e-02 -5.01308925e-02
 -1.41691854e-02  1.53761925e-02 -5.31514995e-02  2.77640093e-02
 -2.84484797e-03  1.19287625e-01  5.79841211e-02  7.19182119e-02
  1.31202275e-02  7.02189356e-02 -5.10054938e-02  1.71065386e-02
 -3.42242373e-03 -5.70142157e-02 -2.98935436e-02  1.35480228e-03
  1.99454054e-02  8.71618912e-02 -1.19299209e-02 -3.78094576e-02
  4.55834568e-02  8.37989151e-02  7.48921558e-02  5.60135506e-02
 -1.18300589e-02 -7.03620687e-02 -1.62175763e-02  1.45663768e-02
 -1.84008405e-02  9.68456045e-02  4.18900996e-02 -3.99768203e-02
  1.14210241e-01  6.31694347e-02 -1.22015150e-02 -7.49660134e-02
 -3.08341123e-02  5.52118421e-02 -7.51355896e-03  4.80745435e-02
 -4.05429453e-02 -6.79877847e-02  4.12599184e-03 -1.44004254e-02
  5.98808154e-02  1.22824922e-01  1.76456943e-03  2.04835292e-02
 -1.17623517e-02 -1.19601320e-02 -1.56309344e-02  1.52996061e-02
 -8.68751258e-02  2.49620248e-02 -4.29873057e-02  7.95265883e-02
  3.86389419e-02  2.67045535e-02 -5.16227409e-02  8.59384611e-02]",True,True
The Weather Channel's Founder Exposes 'GLOBAL WARMING HOAX' On CNN,John Coleman,conservative,"I resent you calling me a denier. that is a word meant to put me down. I'm a skeptic about climate change and I want to make it darn clear. mr Kenny's not a scientist. I am. he's the CEO of The Weather Channel. now, I was the founder of The Weather Channel, not the co-founder, and I'm glad you did, because I am addicted to the Weather Channel. now, hold on, gentlemen, it are not done. and CNN has taken a very strong position on global warming. that is that it is a consensus. well, there is no consensus in. science is in the boat. science is about facts and if you get down to the hard cold facts, there's no question about it. climate change is not happening. there is no significant man-made global warming now. there hasn't been any in the past and there's no reason to expect any in the future. there's a whole lot of baloney and, yes, it is. it has become a big political point of the Democratic Party and part of their platform, and I regret it's become political instead of scientific. but the science is on my side. I don't think we're going to come to conclusion about the topic right here. what I do want, well, we're not using. allow it to happen on CNN, but I'm happy when they got on the airplane. you're up to your viewers. hello everybody. what I do know: global warming. what I do.",0.999,"[-5.05926497e-02 -3.69879268e-02  1.27174988e-01  5.38286231e-02
  7.49570802e-02 -2.10133940e-02 -3.01334504e-02  2.72343215e-02
 -1.58945806e-02  4.17109719e-03 -1.05248824e-01 -1.76427010e-02
  2.16489322e-02  2.61041634e-02 -6.39996082e-02  2.14382783e-02
 -9.69221741e-02 -4.70741615e-02 -7.32501671e-02  5.42874448e-03
 -8.85788873e-02  8.13012049e-02 -2.43511843e-03  3.18586454e-02
 -1.64760500e-02 -5.76273948e-02 -4.49812375e-02  5.67602627e-02
 -9.91864279e-02  5.84664829e-02  3.45626771e-02  7.44055286e-02
 -2.26457082e-02 -3.80460842e-04  4.19660062e-02  3.25245336e-02
  8.13229103e-03  2.36843415e-02  5.67035228e-02  7.46020377e-02
  4.88161668e-02 -8.40839744e-02 -3.92568260e-02 -4.92678843e-02
 -3.13089453e-02  6.64549619e-02 -3.09583694e-02 -1.61921680e-02
  7.20622425e-04 -5.05038723e-02 -2.55331974e-02 -2.05255114e-02
 -3.52612324e-03  1.05718728e-02 -2.76682116e-02 -2.84384824e-02
  1.30040282e-02  3.38369720e-02  1.51982717e-02 -4.80797179e-02
  9.02173966e-02 -4.57773395e-02 -1.04189932e-01  6.08962998e-02
  7.68281221e-02  7.26608709e-02 -2.04363316e-02  4.03317139e-02
  5.43502942e-02  1.77452005e-02  1.48198642e-02  9.12491679e-02
  8.78641233e-02 -4.46226820e-03  1.50980260e-02 -6.01554550e-02
  4.97322530e-03  5.78552820e-02  1.86534584e-01 -2.56649181e-02
  9.37734768e-02 -8.91338754e-03  1.81481466e-02 -6.04199097e-02
 -4.61028749e-03 -5.28280661e-02  2.98415087e-02  4.71077627e-03
 -2.31702179e-02 -1.30131440e-02 -1.19791158e-01 -5.35372384e-02
  6.29792213e-02  4.99940254e-02 -1.56707596e-02  1.05376527e-01
 -9.11187381e-03  2.05430835e-02 -5.33544831e-02  3.06663569e-02
 -1.97014101e-02 -6.98096212e-03 -5.40228523e-02 -1.18962303e-02
  4.11482006e-02 -5.56210876e-02 -1.64808054e-02 -2.98250839e-03
  4.47937958e-02  2.29200646e-02 -6.32053763e-02  4.52801585e-02
 -3.94103006e-02  2.57591903e-02  7.50372037e-02  3.26156733e-03
  7.69384503e-02  4.91544567e-02 -3.60664576e-02 -8.45070779e-02
 -3.32903974e-02  3.25661525e-02 -3.59257273e-02  2.06403192e-02
  8.07661414e-02 -2.96445712e-02  2.82942131e-02 -3.44078364e-33
  5.08452542e-02  7.78188482e-02  1.58324186e-02  3.95136550e-02
  3.54100578e-02  6.35890514e-02 -7.09572583e-02 -7.26244878e-03
 -2.68421825e-02 -2.42118053e-02  1.89070739e-02  7.42666721e-02
  3.87930428e-03  1.27796344e-02  2.74515187e-04 -2.24903878e-02
 -5.45535311e-02 -4.48773168e-02 -5.05377837e-02 -1.08801946e-02
 -5.18996119e-02  2.22509559e-02 -1.41045181e-02  1.01532983e-02
  2.01633032e-02 -1.23194329e-01  3.76032516e-02  2.37768535e-02
  1.06837889e-02 -1.28831796e-03 -2.87514105e-02 -3.21770608e-02
 -1.89382192e-02  5.47492839e-02  2.77687479e-02 -1.41544908e-01
 -2.32960880e-02 -3.05685448e-03 -2.50125248e-02 -1.41969137e-02
  4.94655818e-02  2.58597974e-02 -9.72058252e-02 -4.27931063e-02
  8.36150348e-02  6.73925579e-02  8.70688111e-02 -3.87293920e-02
 -6.28672317e-02 -2.63223797e-03 -6.41148956e-03  6.92129880e-02
  2.68386602e-02 -2.14488879e-02  5.22725992e-02 -2.88920999e-02
  1.69332325e-02 -2.07129028e-02  3.24522518e-02 -7.43115395e-02
 -1.98602751e-02  6.63763508e-02 -1.85830879e-03 -5.64012956e-03
  7.20072538e-02  5.65422140e-02 -5.09560145e-02  4.84628454e-02
 -3.60540263e-02 -4.38034609e-02  1.80160832e-02 -9.39658936e-03
 -8.56340080e-02  7.49622192e-03 -1.10333264e-02  4.18810610e-04
 -4.99494560e-02 -4.18575183e-02  4.49519139e-03  2.41353270e-02
  2.49655396e-02 -1.31181944e-02  3.05636134e-02 -4.01936471e-02
 -7.48948455e-02 -7.30697140e-02  1.51330861e-03  9.18901041e-02
  1.13143072e-01  2.64005046e-02 -4.54300120e-02  1.28953075e-02
  1.33715227e-01 -1.91798043e-02 -5.93583323e-02  1.82470813e-33
 -2.42376979e-02 -8.63643549e-03 -6.14818279e-03  4.05213386e-02
 -7.02665299e-02 -3.40180360e-02 -5.58330156e-02 -6.05303124e-02
  3.62042971e-02 -3.65834273e-02  4.12397049e-02  3.82520817e-02
  2.82679871e-02 -9.94948745e-02 -5.70888584e-03 -1.52888699e-02
 -7.18357414e-02  6.99985167e-03 -9.08589736e-02 -8.37356225e-02
 -2.39472440e-03  2.81562544e-02 -1.32926032e-01  5.02661839e-02
 -8.04243311e-02  4.23392318e-02  1.14495464e-01  7.29382932e-02
  8.31938758e-02  4.76893457e-03 -9.96315703e-02  2.74863783e-02
 -1.41237453e-02 -4.60101999e-02  3.15364972e-02  6.17913119e-02
  6.52570948e-02 -8.10753778e-02 -7.08324537e-02 -8.15759748e-02
  1.24330400e-02 -1.29994396e-02 -5.74098155e-02 -1.00744031e-01
  1.13962134e-02 -3.68574522e-02  3.16164680e-02  4.13971879e-02
 -5.03878258e-02  2.91125216e-02  6.12334684e-02 -1.73759684e-02
 -3.32535394e-02 -5.52687570e-02  2.16134619e-02  1.08875381e-02
  1.10578528e-02  1.69690084e-02 -3.75539511e-02  1.64147615e-02
  1.74525697e-02 -1.18730944e-02 -1.69473942e-02 -2.13807523e-02
  1.71735864e-02 -2.08378267e-02 -1.35300150e-02  3.85700874e-02
  5.05302064e-02  2.00808831e-02  1.34639116e-02 -5.70093142e-03
 -4.99647260e-02 -6.94910139e-02  5.96966371e-02  3.65378670e-02
  7.72942044e-03 -1.34014869e-02 -2.74647474e-02  4.95863110e-02
 -1.62265692e-02 -4.59934324e-02  5.42826094e-02 -4.04209010e-02
  7.82122388e-02  4.89896908e-03 -2.33739521e-02 -1.02764018e-01
 -3.99946943e-02  8.93290639e-02 -2.43844688e-02 -4.66339588e-02
 -5.59721589e-02  7.58753195e-02  1.10840546e-02 -5.32391411e-08
  1.02751195e-01  3.53159606e-02  3.15142721e-02  6.28286740e-03
  4.53243405e-02 -5.48479334e-02  1.49693042e-02 -4.56769094e-02
  5.76113071e-03  1.44521799e-02  6.89717010e-02  4.33029123e-02
  3.89443785e-02  6.87263981e-02  1.42992055e-02 -5.00374362e-02
  7.81611167e-03 -4.73675989e-02 -5.88782988e-02 -4.13352139e-02
  3.33499573e-02 -1.03861587e-02 -4.14520837e-02  4.91624102e-02
  1.15649454e-01 -4.97051282e-03  6.43815547e-02  1.00915909e-01
  4.57789470e-03 -2.60821916e-02 -4.49213199e-02 -3.29292156e-02
 -5.03777638e-02  2.68255025e-02  1.42089622e-02 -8.02880302e-02
  3.00938729e-02  6.88983575e-02  2.38223225e-02  5.98115958e-02
  1.59561895e-02  5.66621721e-02 -3.80658619e-02  8.30729678e-02
 -4.78742421e-02 -4.50841002e-02 -1.03297811e-02  9.53734573e-03
  1.04692793e-02  6.13228232e-02  3.01124547e-02 -1.99442785e-02
  2.71920655e-02  5.50581375e-03 -1.31354695e-02  4.38434593e-02
 -9.67387855e-02  1.45685012e-02 -9.84809101e-02  1.58250686e-02
 -3.07919700e-02 -5.65077253e-02 -8.26854408e-02  1.11254426e-02]",True,True
The Weather Channel's Founder Exposes 'GLOBAL WARMING HOAX' On CNN,John Coleman,conservative,"wonder is, when you see the government, when you see NASA, when you see other institutions say that 97% of climate scientists agree, do you think they're making it up by? what I don't understand is how we regulate figure, and let me explain it to you. the government puts out about two and a half billion dollars directly for climate research every year. it only gives that money to scientists who will produce scientific results that support the global warming hypothesis of the Democrat Party of position, so they don't have any choice if you're going to get the money you got to support their position. therefore, 97% of the scientific reports published support global warming. why? because those are ones the government pays for and that's where the money is. it's real, simple. but that doesn't mean it's right. that doesn't make it true. that only makes it bought and paid for. the money goes in circles. I'm not a scientist. I'm not going to repeat more. that's a true, simple day that they have to enact from this, from this issue, and let the two sides be on the air. there are 31,000 scientists who have signed a prediction that says it is. it is not valid, that my position is correct, and we'll keep battling and we will prevail in time.",0.821,"[-3.36898454e-02  6.10905979e-03  1.24391511e-01  6.83257952e-02
  5.02351299e-02 -5.17701395e-02 -1.20311696e-02  1.28963897e-02
  5.29282466e-02  1.07577316e-01 -4.58200239e-02 -3.38054411e-02
  2.00060513e-02  3.82145820e-03 -3.15916650e-02  6.74570501e-02
 -1.01803988e-01 -3.79205681e-04 -8.23907107e-02  1.33891134e-02
 -5.53614423e-02  3.04099154e-02  1.86600499e-02  8.89107585e-02
 -4.32935096e-02  1.67204607e-02 -1.00016586e-01 -5.31455455e-03
 -7.83023462e-02  9.24402401e-02 -2.20159329e-02  8.14016834e-02
 -1.83280837e-02  1.77817326e-02  9.50919650e-03  5.08992560e-02
 -3.29999141e-02 -7.33589008e-02  8.97929817e-03  5.32950163e-02
 -4.93651896e-04 -6.54719993e-02  9.72711574e-03  5.60811069e-03
 -9.05332714e-02  5.20708039e-02  5.70674799e-02 -3.19320634e-02
 -9.51726455e-03  1.44488690e-02 -3.88677754e-02  6.28778990e-03
  5.21012698e-05 -1.67167764e-02 -1.10085560e-02 -8.03006142e-02
  4.64242436e-02 -3.38152573e-02  3.27516384e-02 -5.57267219e-02
  6.27554730e-02 -8.38789195e-02 -7.42066577e-02 -2.59776716e-03
  4.76616807e-02 -2.86356616e-03 -6.59076944e-02 -1.30718723e-02
  3.32865748e-03 -3.11626568e-02  4.58725989e-02  4.95873541e-02
  3.46294604e-02 -2.75710803e-02  2.47772839e-02  1.81082934e-02
  5.75070716e-02  1.30777776e-01  2.19500259e-01 -6.86257929e-02
  1.39984757e-01 -7.23765269e-02  2.65916102e-02 -4.19139937e-02
 -1.99881513e-02 -7.54548833e-02  1.07790837e-02  1.59897339e-02
  9.06501412e-02  5.60241528e-02 -4.55889069e-02 -6.43791035e-02
  3.71680744e-02  1.15608540e-03 -1.75714921e-02  1.02658033e-01
  1.56076215e-02 -2.01892620e-03  7.38772936e-03  6.73454546e-04
  1.66822914e-02 -1.55515282e-03 -2.28926837e-02 -4.86526527e-02
 -3.73787209e-02 -8.48158374e-02 -1.00351395e-02 -3.86357345e-02
  7.24024028e-02 -2.01914832e-03 -3.90460063e-03 -7.36690080e-03
 -4.14570048e-03  6.95013404e-02  1.87094752e-02  3.04980949e-03
  1.46700079e-02  2.32755411e-02  1.61755253e-02 -2.98663788e-02
 -9.26087871e-02  1.21478853e-03 -1.12156384e-02 -4.49304357e-02
  9.13971290e-02 -2.64229402e-02 -3.66216563e-02 -1.49059140e-33
  6.94867596e-02  4.36106697e-02  6.54503629e-02 -1.54369762e-02
  1.45396255e-02  4.85642962e-02 -6.70583844e-02  3.06222700e-02
 -3.50925326e-02 -7.98843242e-03 -3.29089239e-02  2.82141082e-02
  5.42867519e-02  6.66323453e-02 -6.14993414e-03 -1.71598811e-02
 -6.82998598e-02 -6.12997962e-03 -4.59908321e-02  4.42944057e-02
 -1.58645026e-03 -5.94064454e-03  3.69524173e-02 -7.92420993e-04
  7.42447376e-02 -9.93249118e-02 -3.19426097e-02  4.00318652e-02
  2.73506083e-02 -9.74232610e-03 -7.51299411e-03 -8.08244850e-03
  2.81064715e-02  3.92982591e-04 -7.85535108e-03 -1.23503245e-01
  3.26180011e-02  4.59399261e-02 -2.54599880e-02  5.72239645e-02
 -3.18445936e-02  3.94928381e-02 -2.17965823e-02 -1.47462999e-02
 -2.06209417e-03  3.98150906e-02  4.78652343e-02 -1.32865990e-02
 -6.74505457e-02  3.11303921e-02  6.40043896e-03  1.26227185e-01
 -1.31290294e-02 -4.88183014e-02  4.81596403e-02 -7.13199973e-02
 -5.97663270e-03 -1.87006202e-02  3.69442976e-03 -7.66903460e-02
 -1.57822203e-02  3.88512760e-02  4.06062277e-03  6.38488606e-02
  4.74923477e-02  1.31504595e-01  1.82795227e-02  4.46755663e-02
  1.40125854e-02  7.92048499e-03  2.86375917e-02 -9.84914787e-03
 -4.11563553e-02 -3.43868472e-02 -5.57007156e-02 -1.55889252e-02
  2.98094191e-02  1.55411346e-03 -2.87279319e-02  4.33644019e-02
  2.61916351e-02 -3.45603116e-02  9.32487622e-02 -8.59582052e-03
 -6.50611594e-02 -8.33631754e-02 -1.15311211e-02  1.17223740e-01
  8.88135955e-02 -3.69357280e-02 -4.10938710e-02 -6.08941279e-02
  4.49886359e-02 -6.23988686e-03 -5.66991232e-02 -1.54423419e-34
 -1.97827797e-02  4.98851947e-03  8.08116514e-03 -4.26462628e-02
 -5.07125668e-02 -8.83477647e-03 -7.65073076e-02 -1.24938875e-01
  4.08234969e-02 -6.47870777e-03  2.01671640e-03  4.80962545e-02
  3.26282228e-03 -1.16345845e-02  1.44438352e-02 -1.36547208e-01
 -1.32766645e-02  2.17935760e-02 -6.00543991e-02 -5.70065193e-02
  1.03525603e-02 -3.27435210e-02 -6.06632605e-02  6.33256137e-02
 -6.00898340e-02  1.44021809e-02  9.79840872e-04 -3.62449139e-03
  1.11322328e-01  8.19171872e-03 -7.45902583e-02  1.33125456e-02
 -5.73417023e-02 -4.50859927e-02 -4.00931910e-02  1.57840680e-02
  2.10174192e-02  1.36091793e-02 -4.09021974e-02 -5.82667673e-03
  4.75660414e-02 -4.98916395e-02 -9.68850404e-02 -5.71761094e-02
 -4.74604815e-02 -8.46564099e-02  3.03416532e-02  8.08778405e-02
 -3.75534520e-02  3.35096344e-02  2.30216775e-02 -7.11698830e-02
 -2.32646596e-02 -3.22893113e-02  1.46743199e-02 -3.26032862e-02
  2.19230261e-02  6.31607622e-02  1.10089537e-02  1.82973929e-02
  3.45714465e-02  2.63920464e-02 -4.19667922e-02 -1.85173340e-02
 -5.84082976e-02  1.56350974e-02  2.50454564e-02  2.62538367e-03
  6.84418455e-02  1.59441475e-02 -9.57332959e-04 -4.69814651e-02
 -7.45675415e-02 -4.01741415e-02  4.21864763e-02  1.51054099e-01
  1.34797748e-02 -4.27631065e-02  5.55655919e-02  9.36867744e-02
  3.57370861e-02 -4.70977277e-02  1.26703873e-01 -5.10424934e-02
  8.40762705e-02 -3.99598554e-02 -2.38993913e-02 -5.19847311e-02
 -4.39476706e-02  7.91027173e-02 -6.69705793e-02 -5.53161800e-02
 -2.15132590e-02  7.95891508e-02  1.04905944e-02 -5.35487779e-08
  7.90364519e-02  1.46130472e-02 -2.46722121e-02  2.20082738e-02
  5.02432436e-02 -2.04686616e-02  2.92239487e-02 -1.13635473e-02
  8.58392101e-04  2.35160477e-02  1.14142902e-01  6.59234123e-03
  1.76062454e-02  2.12903824e-02 -4.73013818e-02  5.65512143e-02
 -2.47662291e-02 -3.12607214e-02 -3.52783129e-02  1.57848950e-02
 -4.48037907e-02 -1.58217549e-02 -2.33280137e-02  3.61473835e-03
  5.44427708e-02  6.20651506e-02  5.31199984e-02  1.12985454e-01
 -1.70556717e-02 -6.14496786e-03 -2.73249839e-02 -1.12623729e-01
 -2.69057918e-02  2.52204575e-03  1.87920872e-02 -1.13370784e-01
  1.92172229e-02  1.61251146e-02  3.45568471e-02  6.78754738e-03
  3.15653048e-02  8.58436599e-02 -2.26487909e-02  4.53827046e-02
 -1.70813221e-02 -4.67483373e-03 -6.58330396e-02  3.01303472e-02
  2.13999208e-02  1.95637066e-02  6.63973624e-03 -5.46369515e-02
 -4.75154445e-03  1.68378875e-02 -1.86966453e-02  2.79201381e-02
 -6.93651810e-02  1.29034342e-02 -9.93513837e-02  1.61036085e-02
 -4.15278785e-02 -6.40515834e-02 -4.63778824e-02 -1.96184106e-02]",True,True
Climate Change GLOBAL WARMING IS THE BIGGEST FRAUD SCAM IN HISTORY Dan Pena,Dan Pena,conservative,"the next 40, 50 years. that's the best scenario. the worst scenario is about a hundred feet, but let's just take the ten feet. if the water on the planet is going around, B rise up ten feet. that means the southern part of the United States is gone, England is gone, most of Europe is gone and I can go, most of Central America is gone. okay, if that's the case, let's just take Florida, for example, which is one of the fastest-growing condominium, beachfront condominiums on the planet. in the Prospectus when you invest, there should be in the footnotes. if global warming is for real, they will put it that way: global warming happens and water rises ten feet. this investment you made is fuck-all. not one single investment prospectus written since 2000 this century has alluded to global warming. now one mother [ __ ]. if it were really true, the banks wouldn't invest. the banks wouldn't finance now one [ __ ] condominium. so the people that have the money- and I'm jealous of the Vice President Gore but shouting, I wrote in a plane from South America with two years of I am jealous. he came up with a scam before I did, because the financial institutions, the banks of this world, know it's not going to happen, otherwise you couldn't get a goddamn loan in London. you know those 3040 year mortgages. the world will be over by then. is Barclays Bank going?",0.996,"[ 2.53642183e-02 -2.10292116e-02  7.98209570e-03 -1.58683863e-02
  6.83415309e-02 -1.33243240e-02 -9.67756361e-02  2.59788539e-02
  3.36557887e-02  8.21023136e-02 -1.52469845e-02  2.34960001e-02
  4.44608778e-02  4.55091074e-02 -6.33503348e-02  1.91338044e-02
 -1.09584384e-01 -8.77647549e-02 -5.29162548e-02  5.48898242e-02
  6.21523615e-03 -1.32989315e-02 -3.22410837e-02  1.16361985e-02
 -2.27849409e-02  3.19212582e-03  3.04786041e-02  1.77894384e-02
 -1.05482563e-01  8.32323283e-02 -2.17510620e-03  4.37337384e-02
 -2.29708571e-02  1.17823686e-02  1.56906992e-02  8.51149019e-03
 -3.56854796e-02  6.20136678e-04  5.51457368e-02 -3.74506526e-02
  3.76144499e-02 -7.10456520e-02  8.54677986e-03  1.46153430e-02
 -9.15095024e-03 -3.33468653e-02 -4.47938778e-03  3.32190506e-02
 -1.53815104e-02 -2.75921803e-02 -1.61850185e-04 -2.85878796e-02
 -6.05229177e-02 -8.37218612e-02 -7.85093009e-02 -1.89024899e-02
 -8.56574334e-04 -5.93433045e-02  4.06001732e-02 -2.39299033e-02
  8.41208920e-02 -4.66906577e-02  9.73277818e-03 -7.33655645e-03
  4.21488732e-02 -1.25640994e-02  7.82134663e-03  8.85267407e-02
 -4.66378368e-02  5.41448742e-02  4.51558046e-02 -4.08041328e-02
 -9.19050947e-02 -9.72827002e-02 -3.04165836e-02 -2.82433871e-02
  6.64816424e-02  4.40093242e-02  5.92480190e-02 -8.88419002e-02
  7.15880245e-02 -4.63469401e-02  7.98633769e-02 -5.15625291e-02
 -5.57405539e-02  2.38063391e-02  4.44749109e-02 -2.19069626e-02
  1.16370842e-01 -2.83403844e-02 -5.64963669e-02 -1.00395270e-01
  6.26314655e-02  3.61048169e-02  3.79966311e-02  1.15878344e-01
 -5.55624850e-02 -5.51020242e-02 -5.04330434e-02 -1.01477131e-02
  4.58071791e-02 -2.00452041e-02 -1.25854649e-02 -6.53281584e-02
  2.40336675e-02 -1.40087400e-02 -2.27756817e-02 -3.12373452e-02
  1.70206372e-02 -8.25696662e-02 -6.52870610e-02  4.36519198e-02
  1.87341366e-02  4.17502560e-02 -2.51708794e-02 -1.93317402e-02
  2.83628870e-02 -4.34017964e-02  3.01786568e-02  2.92851944e-02
  7.32936617e-03  6.11044988e-02 -1.17381429e-02  2.18535401e-02
 -3.94095778e-02 -5.37844794e-03 -1.70466676e-02  2.83378958e-33
 -6.39491081e-02  3.18389945e-02 -2.62438413e-02  3.09237912e-02
 -2.52217501e-02  3.39280418e-03 -3.73795517e-02  3.76282372e-02
 -4.87244651e-02 -5.97994449e-03  3.35576236e-02 -1.77205424e-03
 -2.71018054e-02  1.16994143e-01 -6.69086527e-04 -4.79273796e-02
  2.43784729e-02  5.98622933e-02  3.12543884e-02 -5.80261797e-02
  1.69980098e-02 -2.41829176e-02  4.53683510e-02 -3.63301821e-02
  8.49499106e-02 -7.84719363e-02 -9.85517260e-03  1.53661901e-02
  4.61682351e-03 -7.67147122e-03  1.50504906e-03  4.34392244e-02
 -7.67904148e-02 -4.60732915e-02  6.73453510e-03 -3.16767469e-02
 -7.75767432e-04 -1.97807467e-03 -5.60700372e-02  1.51551701e-02
 -1.03373103e-01  1.05822332e-01  2.64200978e-02  4.37454581e-02
  9.52234641e-02  3.09213661e-02  1.01350762e-01  7.56276026e-02
 -8.91876295e-02 -2.30477359e-02 -4.37736586e-02  2.44004615e-02
 -6.19460121e-02 -3.50029431e-02 -3.38414237e-02 -4.21834886e-02
 -1.43233733e-02 -7.75655955e-02 -5.29616028e-02 -8.68512020e-02
  4.35615294e-02 -4.58108215e-03 -6.63968101e-02 -2.85559421e-04
 -5.82892783e-02  1.57286599e-01 -2.68549714e-02  4.22462299e-02
 -1.81247778e-02  4.14040200e-02  1.97963845e-02 -5.84018156e-02
  1.80287994e-02 -1.77154560e-02 -3.28250695e-04  2.86687561e-03
  8.22521932e-03 -7.88436504e-04  2.21665911e-02  2.60534901e-02
  3.10981255e-02 -3.60833891e-02  2.23126188e-02  3.03818546e-02
  7.42540956e-02 -2.42589414e-02  5.87434024e-02 -7.19619766e-02
  9.44031850e-02 -2.22387668e-02 -8.69855806e-02 -1.86758600e-02
  8.68456885e-02 -2.71493532e-02 -1.21739535e-02 -4.88264978e-33
 -4.64623868e-02 -6.72099553e-03  1.57929044e-02  4.04578187e-02
 -4.61220182e-02 -6.54995814e-02 -4.05292474e-02 -4.27201428e-02
  5.02070934e-02 -5.46554439e-02 -5.75228557e-02  1.16718739e-01
  1.34969339e-01  6.95710722e-03 -8.56948867e-02 -3.22584808e-02
  4.94809039e-02 -7.00836256e-02 -3.36730294e-02 -2.06471775e-02
  4.59828153e-02 -7.79798552e-02 -2.12593712e-02  5.81710637e-02
 -4.31967108e-03  8.27003736e-03 -1.90468249e-03 -3.28514688e-02
 -5.02514839e-02 -3.13925147e-02 -9.45815966e-02  6.06762841e-02
 -2.97959801e-02  1.36626521e-02 -9.26545337e-02  3.90167609e-02
  1.00184577e-02 -8.13961700e-02 -1.56284794e-02  1.12194484e-02
  5.88185377e-02 -1.21100200e-02  1.07135177e-02 -7.42440894e-02
 -2.06711944e-02 -2.89790090e-02  1.17843645e-02  9.24069956e-02
  5.96396476e-02  3.31911705e-02  3.56290862e-03  3.85962352e-02
 -1.97728979e-03 -5.84339490e-03 -2.95112655e-02 -7.00887442e-02
  4.37430069e-02 -1.09276930e-02 -3.82677279e-02  4.69563194e-02
 -3.83099653e-02  1.03671975e-01  1.81407202e-02  8.18997175e-02
 -2.27236580e-02 -3.31868269e-02 -3.27664316e-02  3.11923753e-02
  2.79852767e-02 -4.61420491e-02  3.26391868e-02  6.38260692e-03
 -1.53153732e-01 -7.68951103e-02  2.09991168e-02  6.38941377e-02
  4.89864238e-02 -3.55570130e-02  1.48407258e-02  6.67207688e-03
  5.68980258e-03  4.27955464e-02  2.48116888e-02 -5.71476072e-02
  9.86410752e-02 -1.36218928e-02 -1.16401883e-02 -8.97226036e-02
  5.94825950e-03  4.94470187e-02 -8.28959942e-02 -1.08647412e-02
  2.11061444e-02  1.09075066e-02 -3.56562547e-02 -5.95236003e-08
  2.44737342e-02  9.38499197e-02  7.03500956e-02 -4.19385172e-03
  4.20679227e-02 -8.95163640e-02  3.19530093e-03  1.68362278e-02
  6.65858760e-02  1.34074930e-02  5.81931286e-02  6.33889213e-02
  3.49810869e-02  2.74693556e-02 -8.15809295e-02  3.23591679e-02
 -1.51794842e-02 -9.50173885e-02 -3.11252587e-02  5.62782548e-02
  4.72754091e-02  6.55148029e-02 -1.89428180e-02  1.60597619e-02
  5.65515161e-02 -1.77297425e-02  6.09641448e-02  5.75600229e-02
 -4.24202867e-02  7.55969957e-02 -1.91165451e-02 -3.50062251e-02
 -7.58699980e-03  8.60467460e-03 -3.13617513e-02 -9.78290848e-03
  3.45017463e-02  1.24728173e-01  2.68428549e-02  1.83551554e-02
 -3.91833158e-03  3.55148762e-02 -4.55924943e-02  1.63129084e-02
  2.05456056e-02 -1.03380643e-01 -1.09154861e-02  1.41903549e-03
  8.77952278e-02 -1.62667781e-02 -4.06812765e-02 -6.31946512e-03
 -2.92767258e-03  6.67788610e-02  1.33934975e-01 -1.24907736e-02
 -8.83879885e-02  3.95637937e-02 -6.28652573e-02  3.56907248e-02
  6.39891345e-03 -1.21189259e-01 -1.10373184e-01 -1.22453356e-02]",True,False
Progressive Democrats Celebrate Climate Provisions In Inflation Reduction Act,Democrat politicians,progressive,"on friday, democrats from the house select committee on the climate crisis held a press briefing promoting the inflation reduction act, calling it a vital step in combating climate change. the group of progressive lawmakers touted the bill's climate-focused provisions that seek to limit carbon output and transition the us to a greener economy. after the bill passed the senate, it won a great deal of praise from environmental groups. senate majority leader chuck schumer even called a quote one of the defining feats of the 21st century. that has quote changed the world. conservative opponents of the bill say it does not curb but in fact increases inflation, and have dubbed its climate provisions the green new deal light. in order to pass the house, nearly every single democratic vote is needed. all right, are you ready for some climate action? well, welcome, welcome everyone to the era of clean energy innovation that will lower costs, create jobs and make our com, our communities, safer and more resilient. democrats in the house and advocates across america are central to the progress that we will make. today, i can tie every clean energy, environmental justice, innovative, cost-saving provision in the inflation reduction act to the ideas and work of house democrats and advocates. how do i know? we created the road map in 2019. speaker nancy pelosi created the house select committee on the climate crisis and tasked us with developing an action plan to solve the climate crisis. it",1.0,"[-3.49872820e-02  7.50569925e-02  4.78557050e-02  5.31296544e-02
  8.32624733e-02  3.55936401e-02 -6.11660667e-02 -4.15992327e-02
 -3.27777639e-02  1.23165846e-02 -5.35927229e-02  1.51344230e-02
  1.57874525e-02 -2.94154957e-02  2.27473918e-02  8.44814405e-02
 -4.58436310e-02  9.59690288e-03 -4.75359298e-02  4.45021838e-02
 -1.73435509e-02  3.75730805e-02 -1.87168904e-02  6.77398667e-02
  2.42672749e-02  4.98534180e-02 -7.89799243e-02  1.89817274e-05
 -5.67556508e-02  3.24724093e-02  4.67790812e-02  3.01111508e-02
 -1.96561799e-03  1.93452835e-02  7.77054355e-02  5.37541248e-02
  3.55986021e-02  4.82196584e-02  3.43678705e-02 -6.70505315e-03
 -3.97861488e-02 -8.55645910e-02 -6.84077665e-02 -1.23050967e-02
 -8.79858341e-03  8.80385339e-02  3.12178787e-02  2.06182972e-02
 -1.34969521e-02 -4.99715097e-02  2.42816913e-03  3.65649839e-03
 -3.06769386e-02 -3.82564329e-02  2.57336497e-02  4.98294532e-02
  1.94299277e-02 -5.04856408e-02  3.76124866e-02 -3.45734730e-02
  1.84579995e-02 -8.29880387e-02 -3.36540081e-02  7.03193769e-02
  6.01272807e-02  1.59182567e-02  1.72755960e-02 -1.67059954e-02
 -5.49104773e-02 -1.32389972e-02 -1.05767539e-02  8.90346766e-02
  3.36720459e-02 -7.37513155e-02  4.31218743e-02 -3.01828925e-02
  4.73388471e-02  5.08741066e-02  1.29050925e-01  3.76118533e-02
  7.03424066e-02 -2.29881946e-02 -2.11813208e-02 -1.15025565e-01
 -1.97961628e-02 -4.54268791e-02 -3.70163680e-03 -9.78394002e-02
  5.33907339e-02 -1.84368584e-02 -4.51221950e-02 -4.02420349e-02
  8.46825354e-03  9.96833108e-03 -9.58548393e-03  2.44051833e-02
 -1.18621513e-02 -4.20118161e-02  3.00983358e-02  1.05789201e-02
  1.27579859e-02 -1.35177299e-02 -5.34099899e-03 -1.04795456e-01
 -2.44892016e-02 -5.39430045e-02 -5.95817389e-03  5.72813042e-02
  1.87935531e-02  8.93958565e-03 -2.91761663e-03 -4.72775213e-02
  2.80060098e-02 -1.00922333e-02 -6.38982281e-03  1.43606812e-02
  1.09138146e-01 -5.52233458e-02  6.42891824e-02 -8.95027304e-04
  1.50047047e-02  3.19755375e-02 -9.63871367e-03  8.52817018e-03
  7.59019479e-02 -1.87899917e-02 -1.28511805e-02  7.14133435e-34
  4.31841128e-02  3.17242742e-02  2.40683127e-02 -7.76319429e-02
  6.77767321e-02  2.91574448e-02  1.08973980e-02 -2.70864461e-02
 -2.98793111e-02 -3.55798267e-02 -9.36028268e-03  4.05428279e-03
  7.29640364e-04  9.78784710e-02  3.27288202e-04 -1.13432378e-01
 -1.22154444e-01 -8.38075299e-03 -1.04349134e-02  1.05326846e-02
 -2.70916689e-02  1.43252630e-02  2.13665646e-02  6.86151162e-02
  2.86642499e-02 -1.11721992e-01  1.06250927e-01  4.60004061e-03
  1.67126860e-03  5.95439516e-04  5.12749068e-02  4.66363914e-02
 -1.91567056e-02  5.53799160e-02 -5.72238341e-02 -1.48254354e-02
 -6.73978701e-02  8.70099384e-03 -4.33736630e-02  5.25180856e-03
  4.09363210e-02  8.56863856e-02 -3.60901877e-02 -1.09706866e-02
  1.52240638e-02 -5.28364023e-03  1.06340654e-01  2.39449777e-02
 -6.53616637e-02 -2.83117276e-02 -1.98096945e-03  6.49609789e-02
 -2.06885766e-02  1.70003052e-03  3.59614901e-02 -9.89817008e-02
 -9.73551255e-03 -6.38426915e-02 -2.73790583e-03 -1.04487702e-01
 -5.40800542e-02  3.04567795e-02 -2.36087553e-02  4.15050685e-02
 -7.06478627e-03  1.73102207e-02 -1.59338079e-02  3.97362262e-02
 -5.22265285e-02  1.17696393e-02  3.95187885e-02 -4.11262140e-02
 -4.25608866e-02  3.54088820e-03 -2.49300823e-02  1.98573098e-02
  1.48696741e-02 -4.66760956e-02 -2.10768264e-02 -8.18598568e-02
 -5.63474260e-02 -1.30479988e-02  1.07153594e-01 -2.73481738e-02
  1.60798319e-02 -8.69058073e-02 -3.94537449e-02  2.31998507e-02
  1.14194945e-01 -8.95302668e-02 -4.28971462e-02 -3.79393622e-02
  6.53353035e-02 -2.68960446e-02 -3.58901569e-03 -2.55369627e-33
 -3.11657134e-02  3.00744195e-02 -9.51713603e-03  1.08363718e-01
  6.38519356e-04 -2.32101772e-02 -2.96561774e-02 -1.04631104e-01
  6.34637550e-02 -9.80820507e-02 -4.10564914e-02  1.13270342e-01
 -3.21812369e-02  2.29455121e-02  4.67118919e-02 -5.80930226e-02
  2.46369652e-03 -7.50754168e-03 -2.77883448e-02 -4.01314348e-02
 -3.06959711e-02  3.73844802e-02 -3.92301008e-02  8.69820639e-02
 -6.57571256e-02 -9.58628021e-03  8.45737159e-02 -4.88497615e-02
  1.38404265e-01  1.33690995e-03 -1.14100501e-01  5.03502414e-02
 -5.09892218e-02  6.39342517e-02  3.65613364e-02  7.25025591e-03
 -3.03212665e-02 -7.38625526e-02 -6.27077967e-02  6.85612559e-02
  8.83362740e-02 -5.59547022e-02 -4.75692376e-02 -2.95296274e-02
 -8.71983077e-03 -8.61737970e-03 -9.77067929e-03 -1.46764033e-02
 -3.54462303e-02  5.15865237e-02  1.23684034e-02 -6.88776514e-03
 -2.97710747e-02  6.39312044e-02 -2.66276728e-02 -4.59300578e-02
  6.45625442e-02 -7.21646994e-02  3.55041586e-02 -1.03033455e-02
 -2.02062279e-02  3.03820092e-02  9.99748334e-03 -6.61006346e-02
  7.06532225e-02 -4.17947881e-02 -5.80756590e-02 -2.19571264e-03
  5.60357831e-02  4.60498929e-02 -2.71668378e-02 -8.49360004e-02
 -7.34398738e-02 -5.35338651e-03  7.51447445e-03  1.76118538e-02
 -6.19297940e-03  1.68258213e-02 -5.01828827e-02  1.10562764e-01
  2.00027619e-02  1.47716515e-02  2.09189542e-02 -6.68680370e-02
  8.62788707e-02 -5.23020960e-02 -7.01940954e-02 -8.75351131e-02
 -6.60865232e-02  1.67849243e-01 -7.62238950e-02 -2.03187913e-02
  8.34973902e-03  7.71498531e-02 -2.18466576e-02 -5.40620348e-08
  4.28614728e-02 -1.76761877e-02 -1.79758053e-02  2.75128167e-02
  1.06308684e-02 -1.89520475e-02  2.77000722e-02  2.96054725e-02
  7.03734858e-03  2.40639839e-02  1.31936118e-01  4.51101959e-02
  1.28117904e-01  2.39956677e-02  1.93768777e-02 -2.57345643e-02
 -8.80683772e-03 -1.31248394e-02 -7.25547150e-02 -3.84708424e-03
 -5.03379386e-03  2.05383804e-02 -9.58944410e-02  1.27767967e-02
  6.27341121e-02 -5.01530804e-03  6.42033890e-02  1.32459283e-01
 -2.41834652e-02 -2.73734014e-02 -7.64160305e-02  6.38664290e-02
  2.64079235e-02 -6.00824468e-02 -7.07279071e-02  1.14393923e-02
  4.11556922e-02  7.73608219e-03  7.72842690e-02  6.85360804e-02
 -3.88265699e-02  3.37169915e-02 -7.79057518e-02 -2.47972291e-02
 -7.27842301e-02 -8.77981633e-02 -7.76842982e-02  2.89386716e-02
 -1.11707428e-03 -4.16297419e-03 -1.81680601e-02  1.06081059e-02
 -2.15251390e-02  8.81845653e-02  1.91506930e-02  2.48157680e-02
 -7.94115886e-02 -2.96218041e-02  2.76180427e-03 -4.61784713e-02
  3.38031240e-02 -8.13558847e-02 -3.37555148e-02  4.02172916e-02]",False,False
Progressive Democrats Celebrate Climate Provisions In Inflation Reduction Act,Democrat politicians,progressive,"was based upon a broad outreach effort all across america. we started with student leaders in our first hearing here on capitol hill. we went out and consulted with innovators, with scientists, with environmental justice communities, with farmers, the faith community, unions, insurers, doctors and nurses, businesses, and we released what was has been described as the most detailed and well thought out plan for addressing climate change that has ever been part of us. politics are solving the climate crisis action plan, a congressional action plan for clean energy, the clean energy economy and a healthy, resilient and just america. more than 700 recommendations were contained within our climate crisis action plan and many of them will be passed here today, building on the progress that we have made so far in the bipartisan infrastructure bill. then the chips act passed and signed by president biden just last week. [Music] and our government funding appropriations bills. every opportunity that we had, we passed clean energy and climate legislation into law, but today this is the big enchilada that will set us on our pathway to a clean energy future. this was done particularly with the leadership of members of congress from all across america, boosted by advocates like you and communities that have demanded action from the committee: congressman don mckeichen, the leader on environmental justice congresswoman julia brownlee of california. clean aviation fuels. of course, the climate champion sean casten of illinois for clean energy innovation, jared huffman.",1.0,"[-3.14738937e-02  2.71121375e-02  1.05574146e-01  4.37677167e-02
  4.93829884e-02 -4.88006789e-03 -2.81517226e-02 -4.92636412e-02
 -3.24029550e-02 -1.96229015e-03 -6.41386509e-02  2.34797914e-02
 -7.75854662e-03 -4.97368760e-02 -1.15054250e-02  7.78864920e-02
 -9.86229628e-03 -1.65947881e-02 -1.11543700e-01  3.31962779e-02
 -7.53410999e-03  4.79170494e-02 -1.39364582e-02  7.98015669e-02
 -5.52980229e-02  8.75917152e-02 -3.73646505e-02 -8.01126938e-03
 -1.16872467e-01  1.27146496e-02  6.47881851e-02 -3.29854432e-03
  1.65276101e-03  3.44833918e-02  6.83255568e-02  6.93701208e-02
  1.08187590e-02 -2.02376097e-02  1.98921561e-02 -3.75057198e-02
 -1.30926911e-02 -7.05425218e-02 -2.39046328e-02 -8.91389418e-03
 -7.70081282e-02  6.65172795e-03 -3.58344652e-02 -6.40827417e-02
 -3.73410508e-02 -6.05681650e-02 -1.14351949e-02 -1.96562223e-02
  1.88860614e-02 -1.87662188e-02  4.30706516e-02 -2.11699754e-02
  2.26560868e-02 -1.63671859e-02  2.89472528e-02 -2.08773073e-02
 -6.10963488e-03 -1.26674548e-01 -7.06764013e-02  8.50930717e-03
  9.79091693e-03  7.06075644e-03 -1.29093817e-02  1.38282301e-02
  1.63582172e-02 -3.83573994e-02  5.73677085e-02  2.88347974e-02
  4.05643061e-02 -4.60349247e-02  4.41622324e-02 -1.72496885e-02
  7.53686950e-02  1.04458444e-01  1.40505046e-01 -6.09584749e-02
  7.08847120e-02 -4.81110252e-02  1.51068922e-02 -8.04374814e-02
  3.27185704e-03 -5.37374429e-03 -1.24018136e-02 -1.21911373e-02
  7.35405535e-02 -3.35805193e-02 -7.69425929e-02 -3.73842828e-02
  8.84106308e-02  1.87542140e-02  2.16160119e-02  2.82775834e-02
 -4.25718084e-04 -6.83867186e-02  7.03602890e-03  5.50947636e-02
 -1.04228384e-03  7.25405291e-02 -2.56949873e-03 -1.39397219e-01
 -1.52049847e-02 -5.51530756e-02 -3.81450728e-02  3.86218354e-02
  4.74673975e-03 -1.46556590e-02  4.34922957e-04 -3.00339665e-02
  1.05169066e-03  4.31487449e-02  6.61768690e-02  7.85187539e-03
  2.54879929e-02 -8.09552521e-03  1.90127790e-02 -1.07154567e-02
 -3.22220027e-02  2.95013655e-02 -4.29668613e-02  1.21821593e-02
  5.40351234e-02 -9.08448920e-03 -2.31984295e-02  3.72863722e-33
  3.64158233e-03  6.11902364e-02  2.25158706e-02  6.25978857e-02
  3.03839836e-02  1.83821023e-02 -1.10211140e-02 -4.40322421e-02
 -1.32430457e-02 -7.72528024e-03  7.79801086e-02  6.33376166e-02
  4.38065976e-02  1.55071884e-01 -6.87067863e-03 -1.55125082e-01
 -1.46336257e-01 -1.63040310e-02 -4.09970284e-02  1.22312270e-02
  1.48567623e-02  3.14519256e-02  7.74989948e-02  2.70493925e-02
  5.23496643e-02 -4.99108024e-02  5.00389598e-02  3.62591748e-03
  1.96523890e-02  8.30587652e-03  3.51616181e-02  4.28061821e-02
 -4.23163511e-02  1.06227249e-02 -2.74034850e-02  1.17002698e-02
 -5.87265939e-04 -1.88293364e-02 -3.45411785e-02 -3.08747254e-02
  5.54401577e-02  7.62382001e-02 -2.29621604e-02 -1.89740676e-02
  1.99181754e-02 -4.79733106e-03  7.05592930e-02  6.33208007e-02
  1.98578322e-03 -1.40838949e-02 -4.11792509e-02  4.00158837e-02
  7.11214095e-02 -5.84761463e-02 -2.02468541e-02 -7.88993090e-02
  2.63613332e-02 -7.56689757e-02  1.91983227e-02 -1.31173536e-01
 -8.27115774e-03  4.13737893e-02 -3.60401757e-02  6.10897969e-03
 -2.89374701e-04  5.03046215e-02 -2.74044797e-02  5.96017502e-02
  1.10471873e-02 -2.60828342e-02  4.55079228e-02 -3.82025875e-02
 -8.90575070e-03  1.69006307e-02 -6.90200925e-02  1.37750236e-02
 -2.78734062e-02 -4.20428254e-02 -3.50288562e-02  1.66408028e-02
 -6.72771335e-02 -2.40222085e-02  4.71519195e-02 -1.74161755e-02
  2.68305186e-02 -3.53967845e-02  1.26269246e-02  6.17791293e-03
  5.89431971e-02  1.51686622e-02 -4.89650182e-02 -1.41366841e-02
  9.52255651e-02  4.07682396e-02 -4.38257046e-02 -6.24172954e-33
  2.16269232e-02 -5.07357437e-03  8.57443456e-03  3.95987257e-02
  5.22316806e-02 -4.69899960e-02 -6.24373183e-02 -7.43468553e-02
  7.64659122e-02 -5.92483990e-02 -3.06181815e-02  1.86479203e-02
  1.63268149e-02 -2.67336778e-02  2.82703545e-02 -8.12524743e-03
  3.86696532e-02  1.18609387e-02 -3.52359675e-02 -7.04659969e-02
 -3.70632261e-02  5.77538870e-02 -8.06951746e-02  8.45563114e-02
 -8.52013975e-02  4.41800989e-02  7.59732276e-02 -5.72226197e-02
  1.06541112e-01 -3.52283120e-02 -1.11796267e-01  3.23130749e-02
 -6.64207116e-02  3.40613276e-02 -4.15259413e-02  1.06396280e-01
  4.71030325e-02 -7.71296397e-02 -2.98802480e-02  1.15371393e-02
  4.19840179e-02 -4.48481105e-02  1.42737851e-03  2.72279102e-02
 -6.46500066e-02 -2.34632939e-02 -2.41982099e-02  1.85791180e-02
 -1.68156624e-01  2.53764223e-02 -5.27995033e-03 -3.25201638e-02
 -4.70536761e-02 -1.81797836e-02  7.34538725e-03  1.78891132e-04
  4.37532477e-02 -5.76954894e-02 -6.63248356e-04  1.97591186e-02
  1.15748066e-02  7.78198317e-02  3.43139982e-03 -3.95681337e-02
 -2.40628794e-02 -2.70078797e-02 -6.61472082e-02 -7.18715861e-02
  3.02094594e-02  3.59729938e-02  7.07800454e-03 -6.63777590e-02
 -9.73627716e-02 -5.99437878e-02  1.40118785e-02 -2.48940345e-02
 -2.99405567e-02 -3.62336002e-02 -6.08163774e-02  1.96364783e-02
 -3.22331698e-03 -5.67738572e-03 -2.08532829e-02 -3.79562043e-02
  1.44823655e-01 -1.84836593e-02 -1.21865114e-02 -4.59578857e-02
 -1.74496174e-02  1.43720463e-01 -7.27005079e-02 -4.26612012e-02
 -3.84446047e-03  7.22577870e-02 -4.94898744e-02 -5.99534786e-08
  6.98545724e-02 -2.48020887e-03 -2.52004769e-02  5.12737036e-02
  1.21971341e-02 -1.87024754e-02 -2.11440865e-02  1.73241924e-02
  2.12686937e-02  5.83853759e-02  1.08857408e-01  6.55484125e-02
  2.59697586e-02  3.89717408e-02  1.12203825e-02 -3.31117474e-02
  1.43256215e-02  4.19474244e-02 -8.72504041e-02 -5.32799177e-02
 -3.32163014e-02  1.46783302e-02 -4.73609939e-02  1.38855632e-02
  8.92363042e-02  4.86469679e-02 -1.57188270e-02  1.20181970e-01
 -7.60767190e-03  2.68191192e-02 -6.90377355e-02  5.63137187e-03
 -2.41301935e-02 -7.41018131e-02 -8.71888455e-03 -3.07041649e-02
 -2.37521213e-02 -1.63305202e-03  8.43051299e-02  9.26830247e-03
 -3.38684544e-02  8.36609825e-02 -4.11411561e-02  4.97230887e-02
 -5.80991097e-02 -6.22041076e-02 -1.31969512e-01  7.59206861e-02
  7.74584860e-02  3.66210192e-02 -6.72346652e-02 -2.69477591e-02
 -1.06746377e-02  4.98806499e-02  3.77805270e-02  6.09611645e-02
 -7.84686133e-02 -3.33299451e-02  3.64240706e-02 -6.43083900e-02
  6.21645376e-02 -7.04655200e-02 -9.58972424e-02  1.71339475e-02]",False,False
Progressive Democrats Celebrate Climate Provisions In Inflation Reduction Act,Democrat politicians,progressive,"of california, electrify postal vehicles and protect public lands. congresswoman suzanne bonamici: electro powering and using the power of the oceans and you and protecting the oceans. congresswoman escobar of texas, a champion for clean energy and resilience. when it comes to national security, congressman i'm mike levin, scientific advancement in coastal protection. congressman joe nagooz, to address wildfire risk and protect coastal resources. but it wasn't just the members of the climate committee. it was every single member in the house democratic caucus who brought climate action based upon what they were hearing from communities and advocates back home, like don beyer, who had uh from the ways and means committee, who championed smart tax credit investments and protection of endangered species. debbie dingle, who is there to protect union workers and make sure we're building the electric vehicles of the future. congressman jamie raskin, who led the charge to stand up to big oil misinformation and to protect our democracy. climate champion val demings of florida, who works every day to reduce costs, reduce pollution, fight for clean air and water and to build safer communities back home. deborah ross, who is a champion for offshore renewable resources. melanie stansberry, a leader in the congress for safe drinking water and protection of energy, producing communities as they make the transition. as we prepare to vote on the inflation reduction act today. this is a reminder we have a lot more to do. we're building on the action of",0.998,"[-7.13160634e-02  1.09957317e-02  7.19208792e-02  2.81042885e-02
  1.05619906e-02  3.58840525e-02  5.16407117e-02 -4.62629274e-02
 -2.70291641e-02  1.84665387e-03 -8.84601921e-02 -4.19982038e-02
  6.47294447e-02  5.28172404e-03 -1.98462401e-02  1.17243372e-01
  6.68508373e-03  3.39788049e-02 -5.83071299e-02  4.51029725e-02
 -1.59205832e-02  5.65515533e-02 -2.44975407e-02  1.64520815e-02
 -2.83861421e-02  1.16676732e-03 -5.44231646e-02  7.64569361e-03
 -7.71171898e-02 -2.99629420e-02  3.11162695e-02 -6.34169159e-03
 -4.12894562e-02  7.59072453e-02  4.83720638e-02  6.53587282e-02
  3.33055295e-02  2.47757006e-02 -1.06599806e-02 -2.20597144e-02
 -5.24998084e-02 -6.37639686e-02  1.03436103e-02 -1.20400721e-02
 -1.02333575e-01 -6.27473965e-02  7.38379806e-02 -3.63435335e-02
  2.13136468e-02 -1.10413820e-01 -3.79205053e-03  1.14430171e-02
 -4.67958339e-02 -6.61194623e-02  4.92839143e-02  2.99055595e-03
  3.99634279e-02 -1.10465009e-02 -7.83304963e-03 -2.38464456e-02
  2.98719276e-02 -5.10251001e-02 -5.09445667e-02  2.06967723e-03
  1.55064417e-02 -6.73366449e-05 -2.50309091e-02  2.55246609e-02
 -2.73528378e-02 -5.94007671e-02  6.16057143e-02  5.19711338e-02
 -9.45627631e-04 -2.71344725e-02  6.57966435e-02 -1.77057255e-02
  6.12126626e-02  1.18436255e-01  1.62966147e-01 -3.69133502e-02
  4.51544598e-02 -2.19709035e-02  1.61710009e-02 -1.17688356e-02
  7.45708719e-02  5.21811715e-04 -2.51056422e-02 -4.73747216e-02
  6.23553470e-02 -7.70947663e-04 -2.85793263e-02 -3.45788221e-03
  1.07447974e-01  2.78925467e-02 -5.87024018e-02  1.68336406e-02
 -1.74637605e-02 -9.79046896e-03 -4.88306582e-02  7.01369047e-02
  1.04235886e-02  8.17749277e-03 -6.17473051e-02 -5.23660406e-02
 -7.99241289e-03  5.40633034e-03  4.97904345e-02 -2.80617606e-02
 -2.60188896e-02  2.04139184e-02  4.45614718e-02  1.97489001e-02
 -7.23591521e-02  3.19631509e-02 -2.88925450e-02  6.47647977e-02
 -3.73466685e-02 -8.55833199e-03  2.59443074e-02 -1.18927985e-01
 -3.04812137e-02 -2.91546453e-02 -3.54158087e-03  4.93804575e-04
  1.14504844e-01  2.66753342e-02  1.60144065e-02  1.95171625e-33
  3.67237208e-03  2.64091343e-02  2.50790454e-02  2.44833715e-02
  1.92122255e-02  9.75435078e-02  5.79268523e-02 -5.89041486e-02
 -1.90612637e-02 -6.49846643e-02  1.76174648e-03  4.48831916e-02
  3.98998559e-02  5.66489771e-02  2.44130194e-03 -3.16284932e-02
 -1.12047903e-01 -6.31198883e-02 -4.28932458e-02 -3.46461348e-02
  9.76798609e-02  9.07620639e-02  3.91355753e-02  5.45905568e-02
  4.38274816e-02 -1.11666374e-01  8.70801285e-02 -1.80987234e-03
 -3.18272896e-02  8.88929218e-02 -8.56744964e-03 -2.26463154e-02
 -2.09580269e-03  4.18131910e-02  8.60949829e-02  4.04583141e-02
 -1.32611869e-02 -3.13675366e-02 -2.81834714e-02  2.25761775e-02
 -2.47643683e-02  2.63498724e-02  6.21860996e-02  2.81956699e-02
 -5.26935682e-02 -3.61791030e-02  9.40034315e-02  1.95183810e-02
 -4.35257442e-02  2.36500558e-02 -7.18868822e-02  9.55820869e-05
  3.86707000e-02 -3.51014882e-02  3.64290178e-02 -4.90689948e-02
  2.96329595e-02 -2.59573236e-02 -2.08280757e-02 -8.36131275e-02
 -8.49529430e-02  5.14725447e-02 -1.85266007e-02  1.69460326e-02
 -4.23408300e-02 -3.74612096e-03 -3.48714367e-02  1.67023204e-02
  2.32585501e-02  2.95311864e-03  6.03330247e-02 -5.96230198e-03
  6.10397607e-02 -7.10185058e-03 -1.12500921e-01  5.14762010e-03
  3.10459435e-02  1.19656501e-02 -4.93909493e-02  1.99575187e-03
 -3.30133513e-02 -2.30523068e-02  7.56402612e-02  4.23870422e-02
  1.62436925e-02 -1.16575830e-01  1.03084212e-02  4.45339233e-02
  6.43980950e-02  3.81492414e-02 -2.19442006e-02 -8.06537829e-03
  1.44926429e-01 -6.45050313e-03 -9.34337974e-02 -1.98490192e-33
 -1.41419945e-02 -1.77908491e-03  2.98022814e-02 -1.98882930e-02
  1.64086446e-02 -7.52781928e-02  4.69579510e-02 -1.30993649e-01
  9.52261407e-03 -1.14491895e-01 -5.55276908e-02  4.66556586e-02
  3.86474095e-02 -3.37188356e-02  3.89564373e-02 -1.01155099e-02
 -2.08325703e-02 -7.56016001e-02 -4.88276593e-02 -8.15007612e-02
 -5.45113310e-02  5.89136444e-02 -4.36552577e-02  1.19739212e-01
 -4.03841250e-02 -1.33112604e-02  8.32328647e-02 -4.62242663e-02
  5.12983277e-02  3.27798091e-02 -1.02763303e-01  2.59630475e-02
 -9.93980244e-02  6.46535447e-03 -6.52965382e-02  5.85313737e-02
  2.71455497e-02 -8.41910392e-02 -1.81011092e-02  1.91031676e-02
  8.11044276e-02 -6.98809028e-02  4.36485047e-03 -3.09140654e-04
 -5.17421179e-02  1.68177411e-02 -1.15790786e-02  3.84645932e-03
 -8.34555104e-02  4.62564752e-02 -3.32035646e-02 -1.00917257e-02
 -3.63643952e-02  8.89066011e-02  2.42992137e-02 -4.77648526e-02
  8.27687383e-02  2.41090506e-02  2.31018495e-02  8.95638987e-02
  1.21601578e-02  6.90511540e-02  4.97338697e-02 -8.18150491e-03
  2.06330027e-02 -3.00122108e-02 -7.83003420e-02 -1.40979122e-02
  1.82691142e-02  2.32504569e-02  1.88101362e-02 -4.94485833e-02
 -8.41999725e-02 -4.32111882e-02 -1.64261125e-02  1.38619421e-02
 -9.28624049e-02  1.65739618e-02 -6.75895587e-02  5.29578328e-02
  5.47988480e-03 -3.27066034e-02 -7.00711384e-02 -2.19848361e-02
  9.70582664e-02  1.95156988e-02 -7.69270770e-03 -7.67121986e-02
  5.51635474e-02  5.72758876e-02 -6.13588691e-02 -4.37090732e-02
 -5.70656583e-02  3.46755050e-02 -3.98024879e-02 -5.02238073e-08
  6.31116629e-02  2.90017519e-02 -1.96914170e-02 -1.40025048e-02
 -5.13838604e-02 -5.39542735e-02 -1.68627687e-03 -3.85848252e-04
 -4.77043120e-03  7.48201534e-02  1.72608361e-01  1.52416667e-02
  5.22889234e-02 -4.95275594e-02  3.38824205e-02 -6.99382946e-02
  4.27233130e-02  5.05784750e-02 -1.22295856e-01 -2.52228659e-02
  3.48868705e-02 -8.53696465e-03 -8.67675841e-02  5.48742376e-02
  4.24395762e-02  3.67949344e-02 -2.46778578e-02  2.77707055e-02
  4.45557237e-02  1.11667914e-02 -8.70547667e-02  3.28297466e-02
 -4.10631150e-02 -1.93935279e-02  2.02798881e-02  3.03211752e-02
  3.14360037e-02 -1.16595514e-02  2.22326517e-02  6.19635954e-02
 -6.22813292e-02  8.48048255e-02 -2.64160559e-02  2.82490812e-02
 -1.14321616e-02 -1.02695012e-02 -1.55679230e-02  6.33851718e-03
  8.75865445e-02  3.81839424e-02 -1.78671759e-02 -4.98753786e-02
 -4.36222740e-03  9.98725295e-02 -2.74626687e-02  3.49283293e-02
 -3.74975689e-02 -4.42352518e-02  2.59140376e-02  2.85592135e-02
 -2.51016375e-02 -5.57963960e-02 -2.67796814e-02  5.75688994e-03]",False,False
Progressive Democrats Celebrate Climate Provisions In Inflation Reduction Act,Democrat politicians,progressive,"local communities, states, businesses, folks like you, all across america, all across the world, to chart a new course for the clean energy future. but now we can look ourselves in the mirror and know that it's the united states of america that can lead the world on solving the climate crisis while lowering the cost for our people, creating good paying jobs and building safer, healthier and more resilient communities, and finally know that we're not done. we must do more. we must do more, but let the hope and energy that springs from our action today be the light that shines the way forward into a healthy, resilient and just america and a more livable planet earth. i want you to hear directly from the climate champions who are standing here today as we're poised to take this historic step. i'm going to turn it over next to a true climate champion, someone you all know and love from the hot ferc summer of years past. a true climate champion, the man who sets the standard on clean energy innovation: my good friend, congressman sean caston of illinois. thank you to my hype woman, my children, kathy castor, for all your good work. today is a great day to be an american. it is a great day to be an american because of the bill that we're about to pass that is going to put us on a trajectory to lower co2 emissions. the united states by 40.",1.0,"[-4.22253497e-02  4.05870453e-02  1.37482777e-01  4.08061929e-02
  1.40971942e-02 -2.21929066e-02 -6.53121900e-03 -7.97764882e-02
 -5.34701087e-02 -2.47986186e-02 -6.73229024e-02 -7.23610912e-03
  3.83362845e-02 -1.90887712e-02 -5.29861040e-02  6.12329729e-02
 -1.69936586e-02 -2.07041781e-02 -5.99808022e-02  6.60128333e-03
 -1.08480174e-02 -4.54249140e-03  2.36896481e-02  5.40506542e-02
 -2.20559388e-02  5.53712845e-02 -3.91524732e-02  4.53624465e-02
 -1.02350079e-01  4.12702858e-02 -1.67267155e-02 -6.00800514e-02
  1.40272835e-02  1.67570841e-02  6.88874871e-02  8.40235204e-02
  1.67957135e-02 -1.73204858e-02 -1.62057613e-03  1.98893156e-02
  1.58440769e-02 -8.34977031e-02 -2.47937664e-02 -2.47993767e-02
 -6.52288347e-02  4.44201231e-02  1.35323834e-02 -5.62780164e-02
 -2.42491905e-02 -8.07028189e-02  4.01857169e-03 -8.87869112e-03
  1.60715934e-02 -7.49142319e-02  3.85741182e-02  3.28687839e-02
  6.47396222e-02 -2.20400952e-02 -2.74226908e-02 -1.06216918e-04
  2.11720401e-03 -1.14147730e-01 -4.84769978e-02  1.66783519e-02
  8.64708945e-02 -1.59025062e-02 -3.39548290e-02  6.64038733e-02
 -5.86827062e-02 -4.13316302e-02 -2.46364176e-02  2.17217510e-03
  2.61011198e-02 -7.96010718e-03  1.15278969e-02  1.45158563e-02
  4.79286015e-02  4.35276888e-02  1.30825028e-01  1.17843067e-02
  1.35925069e-01 -5.03393225e-02  5.62623702e-02 -3.49628367e-02
 -2.90884282e-02  1.47172855e-02 -1.96965225e-02 -5.87924756e-02
  1.46948129e-01 -4.13624756e-02 -1.06490999e-01  1.44314738e-02
  1.02674246e-01  1.12019842e-02 -2.72236229e-03  7.31983259e-02
 -1.55854654e-02 -1.36922975e-03 -1.09051973e-01  3.88181359e-02
  7.25573823e-02  4.08852063e-02 -2.76540988e-03 -9.13638398e-02
  7.31553044e-03  2.35033333e-02 -7.27351531e-02  5.23978099e-02
 -1.64916329e-02 -7.82382954e-03  9.52388532e-03  3.28797735e-02
 -4.69499603e-02  4.20236401e-02  4.52226400e-02 -1.67089198e-02
 -1.31070921e-02 -4.65177111e-02  2.88831498e-02 -7.47917816e-02
 -6.47158399e-02 -8.45043641e-03 -6.70216158e-02  5.58208339e-02
  6.12176694e-02 -9.61960852e-03 -1.84250772e-02  1.50308148e-33
  1.54339941e-03  1.20743938e-01  1.00468874e-01  6.16333857e-02
 -3.40149701e-02  2.98859086e-02 -1.78523399e-02 -5.76773733e-02
 -7.72507191e-02 -8.33294541e-02  5.54953665e-02  2.24501602e-02
  1.62184201e-02  1.00417919e-01 -5.19921668e-02 -1.19111344e-01
 -1.04457758e-01 -2.40132473e-02 -3.26443575e-02  4.16956842e-03
  2.37813350e-02  5.63219041e-02  6.64487630e-02  4.11452493e-03
  2.04199757e-02 -5.16899042e-02  5.99725321e-02 -1.43517433e-02
 -1.07261706e-02  4.77372948e-03  1.17899338e-02  3.28803509e-02
  6.00363710e-04  2.28698365e-02 -1.32724466e-02 -6.22726902e-02
 -4.17168764e-03 -9.21735633e-03 -4.50184159e-02  2.81537026e-02
 -3.74612361e-02  5.96554503e-02 -2.99825892e-02  2.44242717e-02
  2.79599912e-02  1.22657893e-02  8.79867598e-02  8.59524608e-02
 -7.00575337e-02  3.29079712e-03 -1.06554091e-01  6.58149570e-02
  3.07504218e-02 -5.44800572e-02  2.68624700e-03 -4.79317382e-02
  5.71924932e-02 -3.06283589e-02  3.75520252e-02 -1.18136644e-01
 -4.51950282e-02  5.31042181e-02 -4.76788059e-02 -1.15361400e-02
  1.35696854e-03  2.14462429e-02 -1.13351839e-02  4.86560017e-02
 -4.78813499e-02  8.92756725e-05  7.24286065e-02  1.42235437e-03
 -3.35689448e-02 -1.22345779e-02  5.56879230e-02  3.26873437e-02
  3.78921330e-02  5.73077099e-03 -4.62778360e-02  3.20274346e-02
 -4.81272414e-02 -1.10238688e-02  4.34593810e-03 -2.74624303e-02
  3.02971378e-02 -7.78131112e-02  8.31409264e-03  6.80673402e-03
  6.74502179e-02  3.95785831e-02 -1.78379714e-02 -3.30449380e-02
  1.28623620e-01  8.70111883e-02 -6.56434000e-02 -2.85941903e-33
  1.02249973e-01  3.72919580e-03  3.70824151e-02  2.91659553e-02
  4.29635383e-02 -9.58619788e-02 -3.93297598e-02 -5.90042025e-02
 -3.92533140e-03 -3.32634374e-02  1.76600479e-02  6.13793209e-02
  2.13808324e-02 -1.76712237e-02  1.03831077e-02 -1.09383026e-02
  2.55385786e-02 -2.21399181e-02 -1.05817638e-01 -4.51123789e-02
  2.75266431e-02  2.71641221e-02 -1.11796737e-01  9.35035795e-02
 -9.53425467e-02  2.59872675e-02  5.31402864e-02  1.81403523e-03
  7.64937848e-02 -3.68886665e-02 -9.20977965e-02  6.97666258e-02
 -2.73149516e-02  5.67774288e-02 -5.99996839e-03  1.15847088e-01
  3.20880897e-02 -9.27729681e-02 -2.97384094e-02  3.09381764e-02
  5.33909984e-02 -7.17887282e-02 -7.24380016e-02 -1.31809041e-02
 -1.58682149e-02  2.75053009e-02 -1.80485323e-02 -2.29335167e-02
 -1.03024110e-01  1.90259758e-02  2.92433482e-02 -2.19440851e-02
 -8.25308934e-02  3.84937227e-02  2.52157729e-02  5.00573823e-03
  7.55152553e-02 -1.36323227e-03 -3.43764871e-02  1.52463159e-02
 -7.58370310e-02  4.92817275e-02  5.07440371e-03  6.82806503e-03
 -4.75466857e-03 -7.60829896e-02 -2.08826140e-02 -9.89849027e-03
 -4.70592640e-03 -9.49485786e-03 -5.59765026e-02 -2.59094965e-02
 -9.35417637e-02 -1.14414304e-01  2.87505630e-02  4.77459840e-02
  1.70117966e-03 -1.43914390e-02 -6.80463910e-02  4.75027412e-02
 -3.27509455e-02 -1.15187559e-02  1.18880859e-03 -2.80996356e-02
  1.21319368e-01  3.07723805e-02 -3.23547386e-02 -8.69558603e-02
  1.15402285e-02  1.57083437e-01 -5.63981310e-02 -2.43299566e-02
 -3.65523137e-02  3.43617462e-02 -3.37583721e-02 -5.92552176e-08
  4.22482602e-02  2.60974765e-02 -3.61617818e-03  1.55927464e-02
 -2.45591393e-03 -2.12658029e-02 -1.04547711e-02  4.45969449e-03
  2.59459484e-02  5.72746843e-02  7.19682425e-02  7.16602430e-02
  8.04120824e-02  5.57005778e-03  9.02164541e-03 -4.38663438e-02
 -1.98766273e-02  7.25645348e-02 -3.22733298e-02 -3.10133286e-02
  1.59311257e-02  1.86062865e-02 -1.87871791e-02  2.10808944e-02
  6.35279417e-02  8.17113463e-03 -3.75898927e-02  6.25392348e-02
 -3.50550301e-02 -2.74695791e-02 -5.06764427e-02 -1.47415511e-02
 -1.19872559e-02 -6.53211102e-02  1.48906205e-02 -4.76761386e-02
 -8.33640620e-03  3.69273834e-02  2.80425008e-02  1.04227578e-02
 -4.86165881e-02  7.10497722e-02 -1.44023458e-02  3.54969651e-02
 -4.11046296e-02 -3.50856297e-02 -4.62454706e-02  2.40771156e-02
  5.14092296e-02  3.76955383e-02 -6.84318841e-02 -6.21032864e-02
  4.13988112e-03  5.95911369e-02  7.90484250e-03  1.72068495e-02
 -4.78153005e-02 -5.49978763e-03 -2.44984068e-02  9.60218429e-04
  7.73050487e-02 -1.05305098e-01 -7.98982307e-02  4.21608984e-03]",False,False
Progressive Democrats Celebrate Climate Provisions In Inflation Reduction Act,Democrat politicians,progressive,"the midterms. can you actually get through the senate? and they were. there was this sense that they they admired our ambition, but they'd been burned too many times. and what's going to happen today is we have the ability to go back and say that the united states matters. we take this seriously, we're not done. lower in co2 by 40 means we got 60 percent to go. limiting people's exposure to fossil energy by 40 means we've got 60 to go. putting ourselves in a position where we are credible again in the world means we are now positioned where we can potentially claim the leadership role that the world so desperately wants us to play. so let's take it, let's do a little celebration today, let's dance, let's recognize that this is the single biggest climate bill that congress has ever passed, and then let's get back to work tomorrow, because we've got more to do. so, uh, so thank you. i'm now going to turn it over to my comrade in arms, who i first met, because when i was first running for congress, i got a call from this guy who said: there's two people who have the courage to run for congress on climate change. it's you and mike levin, and i hope you both win. mike levin, good job, good job, good job. thank you to my dear friend, sean caston. this is a historic day. it's a day of celebration for all.",1.0,"[-3.21730524e-02  1.60941575e-02  8.40563923e-02  5.08478656e-02
  7.39298686e-02 -2.51895860e-02 -3.34303305e-02  4.62494120e-02
 -4.05948311e-02  3.12345033e-03 -8.09110627e-02 -3.22562968e-03
  5.02258763e-02 -2.71203443e-02 -2.73335748e-03  1.10538431e-01
 -2.85243951e-02 -3.06838900e-02 -2.76516285e-02  1.06128082e-01
  3.50663736e-02  3.74312773e-02 -1.12334674e-03  6.46476001e-02
  4.24427316e-02  2.99514513e-02 -6.09735996e-02  3.66872884e-02
 -7.74036497e-02  2.19762549e-02 -3.79149839e-02  1.29329637e-02
 -1.56264268e-02  6.30004928e-02  1.04703838e-02 -8.51851609e-03
  6.45378381e-02 -5.41305393e-02  1.10400170e-01  4.65370454e-02
  1.04202023e-02 -6.73750639e-02 -4.23888974e-02  2.52852053e-03
 -7.88933635e-02  8.76706317e-02  5.77716082e-02  1.90852173e-02
 -3.27938944e-02 -1.70855485e-02 -1.52329355e-02  4.39997390e-02
 -6.01588972e-02 -2.61287298e-02  5.77580892e-02  3.77031714e-02
  6.33274689e-02 -3.84594314e-02  5.18109463e-02 -5.36841936e-02
  2.09202175e-03 -1.17540471e-01  9.69446450e-03  3.80993038e-02
  1.90939605e-02 -3.78702767e-02 -1.70650426e-02 -1.92182828e-02
 -7.54821375e-02  1.60468016e-02 -1.02977837e-02  9.25124250e-03
 -1.29570551e-02 -4.40371335e-02 -7.12578977e-03 -6.92235529e-02
  1.33781787e-02  6.27662241e-02  9.13558453e-02  8.05604737e-03
  6.79851770e-02  3.19004222e-03  2.80157104e-02 -7.89284632e-02
 -5.18892221e-02 -3.22439410e-02  5.27225342e-03  3.65744233e-02
  6.66542724e-02 -5.53679504e-02 -1.46040350e-01 -2.73252353e-02
  1.51390312e-02  6.50086850e-02  3.39618102e-02  1.71804130e-02
  4.31645848e-02  5.30242659e-02 -1.32830860e-03  2.52818093e-02
  6.67659864e-02  6.69606999e-02 -4.37945500e-02 -8.99072737e-02
 -2.83492617e-02 -5.58781102e-02  1.28725413e-02  3.37066278e-02
  4.91117090e-02 -2.49824636e-02  4.84287133e-03  1.00326948e-02
 -1.73112359e-02 -6.51069777e-03  3.71670090e-02 -1.91273857e-02
  6.72956854e-02 -1.99617874e-02  5.81541173e-02  2.67136991e-02
 -2.52391491e-02  1.33555513e-02 -3.23259691e-03  4.82488014e-02
  5.64746894e-02 -1.52658019e-02  2.12719124e-02 -5.43321203e-34
  1.43346060e-02  5.40542565e-02  5.01147658e-02  5.92960492e-02
  5.97715983e-03  1.76415369e-02 -1.47235738e-02 -6.38155267e-02
 -6.41637295e-02  9.14935139e-04  3.49235698e-03  4.35872674e-02
  3.55323553e-02  7.74109364e-02 -2.23322622e-02 -9.16646495e-02
 -8.32785740e-02 -4.70145717e-02 -2.01358031e-02 -3.52484770e-02
 -1.14444848e-02  4.84529138e-02  2.67393608e-02  4.97922525e-02
  6.29780889e-02 -4.38131243e-02  3.84580046e-02  3.77785005e-02
  2.25968231e-02 -2.21904367e-03  1.84203647e-02 -3.03894598e-02
 -5.43004684e-02  1.02169225e-02 -6.53660074e-02 -1.08537316e-01
 -1.22665474e-02 -3.20828753e-03 -7.53112957e-02  2.48069386e-03
  1.91191528e-02  7.74370134e-02 -2.74953879e-02  5.52321449e-02
  2.13939464e-03 -4.04174589e-02  8.11438486e-02  9.98353288e-02
 -6.70931637e-02 -3.42559628e-02 -5.95712475e-02  1.16435729e-01
  4.91017476e-02  1.30383400e-02 -3.97599004e-02 -7.82312378e-02
 -1.27954166e-02 -2.90558357e-02 -5.73250689e-02 -1.04685992e-01
 -5.09534869e-03  3.33039798e-02 -4.62068655e-02  3.03221680e-02
 -1.55910216e-02  5.61666526e-02 -1.22559175e-01  8.46577715e-03
  4.17538593e-03  5.75158037e-02  4.96302582e-02 -5.71647845e-02
 -6.04390912e-02  6.92703482e-03  8.64283647e-03  3.45557667e-02
  7.81200156e-02 -1.93757843e-02  1.05962157e-02 -4.73116525e-02
 -5.04957177e-02 -3.74827720e-02  4.03206535e-02 -4.84161712e-02
  1.24658840e-02 -9.04063508e-02 -2.41523944e-02 -9.35739055e-02
  2.99020912e-02  6.98016882e-02 -7.94991329e-02 -2.34060492e-02
  7.92682543e-02  5.13061583e-02 -8.67235810e-02 -1.59677940e-33
  2.66910493e-02  4.46634777e-02  2.08857153e-02  5.05445376e-02
 -4.41911770e-03 -7.02074096e-02 -4.36451249e-02 -8.41449723e-02
 -1.99887995e-02 -5.99722229e-02  1.66518800e-02  5.25729991e-02
  4.50015552e-02  2.96774954e-02  3.38794962e-02 -3.29877101e-02
  4.96991649e-02  1.77422799e-02 -1.79627277e-02 -4.13917527e-02
  3.39786336e-02  5.74149489e-02 -4.98056374e-02  6.16292208e-02
 -5.72475493e-02  5.78919873e-02  6.12520091e-02 -9.92262065e-02
  8.57464299e-02 -6.32970184e-02 -6.46615848e-02  3.03686298e-02
 -4.45657894e-02  2.99729947e-02 -4.49594390e-03  3.93055864e-02
 -3.13812234e-02 -5.49902730e-02 -2.89062951e-02 -2.17976840e-03
  8.95159505e-03 -2.79343575e-02 -9.47696343e-02 -6.85743615e-03
 -5.95312528e-02 -6.11790568e-02  3.12908217e-02  2.01953910e-02
 -8.18964913e-02  2.86047589e-02  1.06062740e-02 -3.80207784e-02
 -8.63587260e-02 -2.30073873e-02 -3.57311941e-03 -5.20564504e-02
 -2.04601865e-02  1.34799872e-02  4.42981124e-02 -4.40572686e-02
 -1.29827466e-02  3.97202000e-02 -3.53541151e-02 -9.21280161e-02
  3.07791196e-02  5.72558120e-03 -8.90233070e-02  1.39995310e-02
  3.95264775e-02  1.28157526e-01 -6.66873902e-03  1.06329201e-02
 -1.17169797e-01 -4.10128981e-02  7.53888264e-02  5.38420491e-02
 -1.91239361e-02 -4.50940691e-02 -5.01319170e-02  6.96040969e-03
 -6.02587461e-02 -7.83227384e-03 -1.03677036e-02 -4.55979444e-02
  6.91367462e-02 -9.83655918e-03  2.52791052e-03 -5.27592972e-02
 -3.27714309e-02  9.10468251e-02 -4.05685045e-02 -5.46943732e-02
 -5.36666112e-03  2.81020794e-02 -3.22314687e-02 -5.69534748e-08
  6.92431554e-02  6.48782924e-02 -4.37725186e-02  5.00965714e-02
  4.83134761e-03 -5.13535440e-02  4.61591873e-03 -2.59585045e-02
  1.35646074e-03 -6.79506222e-03  1.33817747e-01  4.02041264e-02
  1.24357715e-01 -2.11171955e-02  9.74348113e-02  3.39897200e-02
 -2.67833229e-02 -4.53494973e-02 -3.30173522e-02 -2.38904264e-02
 -6.35550823e-03  1.83049422e-02 -2.91117541e-02  8.34724158e-02
  2.62675639e-02  2.86576729e-02  4.40455191e-02  1.39672428e-01
 -5.84476329e-02 -4.25859801e-02 -4.42180894e-02  8.72167107e-03
 -6.94065616e-02 -1.44694215e-02 -9.58256330e-03 -5.95050603e-02
 -2.62564868e-02  9.39040165e-03  2.73475591e-02 -3.10651353e-03
 -1.83475893e-02  3.66569869e-02 -1.22211687e-03  8.70660767e-02
 -4.20041904e-02 -3.01719960e-02 -6.20443746e-02  1.17316775e-01
  4.60886732e-02 -7.04627484e-02 -4.34065387e-02 -6.30458146e-02
 -5.75349256e-02  8.53490829e-02  1.67486295e-02  8.30474645e-02
 -7.30780289e-02  3.47899348e-02 -8.47526491e-02 -2.37238351e-02
  7.99967274e-02  5.63593756e-04 -4.67334092e-02 -4.79673222e-02]",False,False
Progressive Democrats Celebrate Climate Provisions In Inflation Reduction Act,Democrat politicians,progressive,"of us who've been fighting for years, or, in many cases, decades, to address the climate crisis and protect our planet for future generations. i am incredibly proud to stand up here with my colleagues on the select committee in the climate crisis who were tasked with leading this fight for climate action. in fact, it was just under a month ago that we stood up here, this very spot, with climate advocates, and we demanded that senator manchin and others return to the negotiating table to pass a reconciliation bill with climate action at its core. i spoke then about my two young children and the world that we're going to leave behind for them and for their, their children. protecting our planet for them, for all of our children, is a reason that i first ran for office to make the world a safer, healthier place for future generations, and when i left home earlier this week for washington dc to come and pass this bill today, i gave both my kids a big hug filled with more hope than ever before in my entire adult lifetime about the planet that we're going to leave behind. everyone here knows that this historic progress did not come easy. it's the result of years of grassroots advocacy, filled with both moments of hope and many let downs along the way. it's also the result of the work of the select committee on the climate crisis under the leadership of our",1.0,"[-3.29400860e-02  9.90683734e-02  7.34209865e-02  5.03788292e-02
  1.05117358e-01  5.29031493e-02 -1.69585645e-02  9.95222572e-03
 -9.81263467e-04  2.43985187e-02 -3.94565798e-02 -2.52509806e-02
  2.82263160e-02  3.46870460e-02 -1.33431042e-02  1.16979085e-01
 -6.96299374e-02 -3.69079672e-02 -4.87949140e-02  1.34885572e-02
 -7.19282329e-02  9.15965363e-02 -6.91867061e-03  7.72992298e-02
 -4.71741445e-02  8.02417323e-02 -4.12801728e-02  2.28289869e-02
 -7.04408884e-02  9.32334960e-02  6.86767772e-02 -4.70437594e-02
  3.22317481e-02  6.73307329e-02  3.36286090e-02  7.93370828e-02
  4.36551496e-02 -3.33160162e-02 -4.55422932e-03 -2.15776246e-02
  1.19105810e-02 -4.95321751e-02 -2.92940754e-02 -5.96895814e-02
 -3.24571915e-02  5.20232283e-02  2.78520901e-02 -6.50055110e-02
  4.30541448e-02 -6.50864542e-02  2.00345088e-02 -5.84364459e-02
 -7.84416031e-03 -5.50535880e-02 -7.26019591e-03  1.20622348e-02
  2.92802341e-02 -3.37556675e-02  6.32766634e-02 -8.75940323e-02
  2.60657109e-02 -7.56634250e-02 -8.54815319e-02  2.29115263e-02
  6.84735598e-03 -1.41996732e-02  3.71213444e-02  9.74341761e-03
  1.35036977e-02  5.85646294e-02 -1.64308213e-02  8.16203952e-02
  3.70430872e-02 -1.20675436e-03 -3.98767851e-02  3.31670120e-02
  2.32395288e-02  7.46692717e-02  1.45400718e-01 -7.26781264e-02
  7.21916780e-02 -1.27180442e-02 -1.48115568e-02 -4.66052555e-02
 -3.23617309e-02 -4.00014706e-02  4.12452631e-02 -3.84292118e-02
  9.52544212e-02 -5.14145866e-02 -9.16620344e-02  9.33862975e-05
  1.66973114e-01  3.66390757e-02 -4.32317294e-02 -3.03380396e-02
 -2.10242607e-02 -1.50551097e-02 -1.00235701e-01  1.56240845e-02
  6.08072057e-02 -1.96621902e-02 -4.38327193e-02 -9.38691348e-02
 -3.60389054e-02 -5.71137369e-02 -8.16876739e-02 -3.59956622e-02
 -3.55298035e-02  4.63009439e-03 -5.18239364e-02  1.66489519e-02
 -3.13259698e-02  6.03220053e-02  8.80418718e-03  8.90670065e-03
  1.35412337e-02 -3.00455261e-02  1.02055594e-02 -3.00100315e-02
 -2.52179615e-02  1.59624498e-02 -5.34543842e-02  5.54987192e-02
  6.61590546e-02 -8.65110904e-02  9.39803291e-03  1.20495004e-33
 -6.17367635e-03  6.28741235e-02  2.26753335e-02  4.79400605e-02
  1.46130007e-02  3.42288092e-02  2.39406265e-02 -9.29069519e-02
 -1.34655749e-02 -2.23423820e-02  5.73668070e-03  2.45843139e-02
  7.61171430e-02  4.01769280e-02 -7.93462917e-02 -1.89066399e-02
 -1.46398485e-01 -3.46948802e-02 -2.45135836e-02  5.09975851e-02
 -4.12841290e-02  3.61198969e-02  4.21531387e-02  3.94942276e-02
  8.06767344e-02 -8.72094706e-02  9.62846130e-02  8.48250289e-04
  8.81379936e-03  6.16206694e-03  1.94923673e-02  1.67708453e-02
  5.78840518e-05  1.47641143e-02 -7.06382794e-03 -2.55699866e-02
  3.74347195e-02 -2.72969939e-02 -1.21212387e-02  3.26320739e-03
 -2.58452315e-02  8.04751366e-03 -1.70133021e-02  1.83965750e-02
  5.82829714e-02  1.22162816e-03  5.17142713e-02  3.21496986e-02
 -1.13663793e-01 -1.45183434e-03 -1.73552465e-02  6.33486956e-02
 -1.18084233e-02 -4.04282622e-02 -5.27142435e-02 -7.75118992e-02
 -2.94284001e-02  5.50362356e-02 -5.94537109e-02 -1.16462767e-01
  2.52628159e-02 -7.14906231e-02 -9.42542404e-03 -2.94803008e-02
 -2.74048764e-02  2.43972335e-02 -4.80683297e-02  8.68049487e-02
 -2.78071035e-02 -7.95763060e-02  6.68338388e-02 -5.13364263e-02
 -2.30045877e-02 -6.59015775e-02 -5.76756559e-02 -1.19451710e-04
  8.56269747e-02 -3.28351855e-02  8.13303888e-03 -3.35397795e-02
 -6.56536072e-02 -3.50268884e-03  5.26931919e-02 -2.83524711e-02
  9.97645222e-03 -1.37435392e-01  7.32483109e-03 -2.76829172e-02
  4.05077748e-02  2.86855213e-02 -2.46449914e-02 -6.92770109e-02
  9.37848985e-02  2.51352862e-02 -4.50000130e-02 -3.97681090e-33
  2.91420873e-02  1.97354406e-02  3.61411832e-02 -1.61899272e-02
  1.74631942e-02 -5.25168143e-02 -5.25674000e-02 -1.00720935e-01
  7.25278631e-03 -3.12148668e-02 -1.08228689e-02  5.55115491e-02
 -1.72654409e-02 -3.46483570e-03 -2.69845556e-02 -3.21105309e-02
  4.71110344e-02  1.35591179e-02 -1.67833343e-02 -9.03138965e-02
  1.31925819e-02  3.51968408e-02 -6.58721775e-02  7.00257123e-02
 -5.50313406e-02  2.92013921e-02  6.88496977e-02 -6.03556111e-02
  9.56330374e-02  8.86702817e-03 -3.93175855e-02  2.71010101e-02
 -2.27205064e-02  5.53732142e-02  4.51648012e-02  3.81665304e-02
 -7.29411026e-04 -4.56142202e-02 -5.45357727e-02  2.42485851e-02
 -1.60212051e-02 -7.07408488e-02 -4.34307158e-02  4.32571210e-03
 -4.53694835e-02 -7.65168481e-03  4.23208028e-02  3.84619436e-03
 -6.33945242e-02  4.02402841e-02  1.21477759e-02  1.14854435e-02
 -1.59425382e-02  6.90433290e-03 -3.00273020e-02  3.17827845e-03
  8.64291340e-02 -2.59790961e-02  3.27248052e-02 -2.88028587e-02
 -5.33174388e-02  3.74562480e-02 -1.60207301e-02 -6.97161406e-02
  2.99079833e-03 -3.02164294e-02 -1.00026868e-01 -3.40973353e-03
  6.91013411e-03  7.90134594e-02 -1.02236308e-02 -2.58448329e-02
 -8.21371600e-02 -7.19914734e-02  6.58351630e-02  1.08197723e-02
 -1.97947640e-02 -1.45045333e-02 -5.65055571e-02  6.73407316e-02
 -1.72698721e-02  1.53884580e-02  4.18766886e-02 -2.64458135e-02
  6.67158216e-02 -1.33467102e-02 -3.81741812e-03 -6.24096245e-02
 -3.59074511e-02  1.25669137e-01 -4.62423563e-02 -3.74602228e-02
 -3.05385124e-02  3.83987315e-02  2.14287098e-02 -4.99624164e-08
  1.23193406e-01  2.21431274e-02 -2.02984773e-02  2.25298312e-02
  3.45157832e-02 -6.42165616e-02 -2.79554687e-02  1.71995107e-02
  6.98727835e-03  6.96600601e-02  5.92493638e-02  4.78085130e-02
  5.39022237e-02  1.95714869e-02  6.24043867e-03 -2.63359491e-02
  3.84638235e-02 -3.48726287e-02 -5.16359508e-02  1.36150722e-03
 -1.70611236e-02  6.54804632e-02 -4.27076109e-02  2.28157584e-02
  1.94365401e-02  9.31275543e-03 -7.15422956e-03  8.28329101e-02
 -8.66490528e-02 -1.70700941e-02 -2.39573494e-02  2.67466083e-02
 -8.63117576e-02 -1.39289666e-02 -3.27352397e-02 -3.50263231e-02
  7.45885260e-03  1.06604427e-01  4.06602174e-02  3.89008597e-02
 -6.76831007e-02  1.27852634e-01 -7.03263190e-03  5.66498302e-02
  1.45568047e-03 -3.46480086e-02 -7.60818869e-02  9.77964178e-02
  3.62587906e-02  1.98379885e-02 -6.74471185e-02 -8.36351439e-02
 -4.22664657e-02  6.33077323e-02  2.76021902e-02  2.79584303e-02
 -1.02842107e-01  1.56250503e-02  1.18353926e-02  7.32548758e-02
  2.55039980e-04 -5.75195216e-02 -1.21807791e-01  2.31270529e-02]",False,False
Progressive Democrats Celebrate Climate Provisions In Inflation Reduction Act,Democrat politicians,progressive,"fantastic chair, kathy castro. the climate crisis report that we all put out in june of 2020 laid the foundation for the historic climate action that we're passing today. many of the provisions in this bill mirror proposals that we outlined as part of that report. i'm proud. the inflation reduction act specifically includes parts the number of bills i introduced in the congress. one provisional help, then giveaways of our public lands to fossil fuel companies and ensure that taxpayers receive a fair return on any private profit that they make. another will eliminate non-competitive leasing for oil and gas sales, raise annual rental rates and increase the minimum bid for public lands, because our public lands belong to the public. they belong to the public, not corporate polluters. the inflation reduction act also includes provisions similar to my legislation, providing direct pay for certain clean energy tax credits, which are critical to expedite the adoption of clean energy and reduce greenhouse gas emissions. i'm also in gla glad that it includes investments that i fought for to prioritize water conservation and ecosystem restoration across the west as we deal with unprecedented drought conditions. there is so much more in this bill that's going to combat the climate crisis, lower energy costs and supercharge our clean energy economy in the decades to come. finally, to the young people across this country. i know a few of you are here. i see you in the back. you need to know.",1.0,"[-2.05872245e-02  5.78687228e-02  6.53833896e-02  4.18943726e-02
  1.86155960e-02  3.79904918e-02 -7.01297298e-02 -1.77511983e-02
 -4.08455841e-02  3.75525765e-02 -4.80178669e-02 -1.82149168e-02
  2.88629497e-04 -3.30341491e-03  4.94936965e-02  6.76600635e-02
 -4.99768555e-02  1.33448895e-02 -1.95972715e-02  5.51746264e-02
  6.29789531e-02  6.35206923e-02 -5.97801171e-02  7.00416937e-02
 -1.09408435e-03  3.65326628e-02 -7.37995654e-02 -1.69172864e-02
 -8.32814649e-02  2.33519860e-02  2.00139731e-02  1.65709667e-02
  1.11170141e-02 -2.50885487e-02  7.61867687e-02  5.77749535e-02
  5.55450469e-02 -9.34063178e-03  1.49926143e-02 -3.93697210e-02
  2.22750865e-02 -1.06723838e-01  3.08664404e-02 -3.25792991e-02
 -4.44439836e-02  5.18602245e-02  4.87137884e-02 -1.97159257e-02
 -5.53654358e-02 -2.60099377e-02  3.39882858e-02  2.26251762e-02
 -3.64663675e-02 -2.05245167e-02  1.80757232e-02 -3.14636193e-02
 -6.78030262e-03 -6.98807910e-02 -1.02081557e-03 -4.46994267e-02
 -2.38738325e-03 -5.64109497e-02 -6.91508502e-02 -8.93690065e-03
  4.56966013e-02  4.62972112e-02  8.62166062e-02 -4.04670276e-02
 -3.48915569e-02 -2.47040894e-02 -3.55992131e-02  6.23457581e-02
  2.19505224e-02 -3.79782468e-02  2.21984880e-03  2.68443730e-02
  3.13178413e-02  5.98964840e-02  1.07492901e-01 -3.83691154e-02
  1.00323282e-01  9.74823162e-03  4.37215641e-02 -8.62088278e-02
 -5.96115217e-02 -7.91813508e-02  3.48644182e-02 -1.16799809e-01
  6.48530200e-02 -2.16741823e-02  2.78120637e-02 -2.80643180e-02
  9.66810882e-02  4.56222817e-02 -1.05580157e-02  4.71227914e-02
 -1.17628847e-03 -5.90166412e-02  4.05280702e-02  8.20551906e-03
  3.79170738e-02  1.41719717e-03  5.16083166e-02 -6.63319752e-02
 -2.23249588e-02 -3.10577005e-02 -4.24649902e-02 -1.56236440e-02
 -1.29390797e-02 -4.03000936e-02  3.70829478e-02 -4.46279049e-02
 -2.21685860e-02 -3.14799063e-02  9.01506841e-03  4.74676378e-02
  7.80071542e-02 -4.33049090e-02  9.85780805e-02 -1.11907497e-02
 -1.30962776e-02  5.49262613e-02  8.82553775e-03  5.95726147e-02
  8.92893821e-02  2.35093590e-02 -4.89453152e-02  4.30089322e-33
  1.32321641e-02  3.36167626e-02  5.99909797e-02 -6.46636114e-02
  4.59016412e-02 -9.14554857e-03  1.84710864e-02 -5.57061471e-02
 -1.10028945e-02 -7.07028434e-02  6.12569638e-02  7.39177167e-02
  5.87758385e-02  8.02429989e-02 -3.76408957e-02 -1.08757630e-01
 -5.56518994e-02  4.91046272e-02  9.28326137e-03  2.14023292e-02
  7.39296013e-03  1.27748353e-02  7.07467943e-02  2.57608853e-02
 -2.32073739e-02 -4.21297364e-02  6.15271851e-02 -3.75179499e-02
 -3.11882445e-03  3.86130530e-03  8.64831656e-02  4.53945734e-02
  6.96175732e-03 -3.02600162e-03 -1.43553028e-02 -1.97892338e-02
 -3.21844891e-02 -1.79740563e-02 -3.28545943e-02 -3.93887836e-04
  2.49359701e-02  3.18502821e-02 -3.38988304e-02  6.61337457e-04
 -8.96435603e-03  6.79652998e-03  9.11741480e-02  4.15618382e-02
 -2.83237919e-02 -1.51787410e-02  8.87785200e-03  3.81503887e-02
 -1.20214567e-01 -3.58283892e-02 -4.04109992e-03 -9.92818251e-02
 -1.34304762e-02 -9.75547805e-02 -2.91325301e-02 -8.40084404e-02
 -4.12082598e-02 -3.79124726e-03 -1.67016685e-02  2.55236458e-02
 -8.32687169e-02  1.04068527e-02 -9.61045828e-03  6.80754930e-02
 -2.13285107e-02  2.14768406e-02  7.83806108e-03 -2.94294376e-02
 -2.58753765e-02 -5.60994819e-03  3.56779434e-02  1.73436962e-02
  5.96452318e-02 -3.92406061e-02 -8.00855532e-02 -5.21554612e-02
 -6.61883801e-02  1.88335106e-02  9.53516513e-02 -3.68944220e-02
  1.25206634e-02 -8.65020826e-02  1.08760921e-03  3.24991085e-02
  9.12744030e-02 -1.15109302e-01 -4.66228873e-02 -2.75544133e-02
  5.55150174e-02 -1.28626721e-02  2.11112574e-02 -5.22343111e-33
  4.10578027e-02  5.32036684e-02  2.65548695e-02  4.68372460e-03
 -4.02121618e-02 -2.15231199e-02  2.41300371e-02 -9.32195261e-02
  3.87385190e-02 -4.45320718e-02 -5.97696118e-02  8.98841545e-02
 -3.30157988e-02  4.45446931e-02 -2.03049425e-02 -5.59516773e-02
  1.81518905e-02 -4.86238003e-02 -3.36279869e-02 -8.95486027e-02
 -5.27808145e-02  5.12268394e-02 -3.30928073e-04  8.22336301e-02
 -1.07231386e-01  3.79414856e-03  1.79508254e-02 -9.13591161e-02
  1.44022927e-01  2.42617819e-02 -6.36011511e-02  1.00428343e-01
 -8.73241052e-02  5.12160081e-03 -1.96705256e-02 -3.34511418e-03
  3.78987723e-04 -4.30040918e-02 -1.73677728e-02  3.14951204e-02
  7.66737461e-02 -3.95853895e-05 -4.09279875e-02  3.55977099e-03
 -1.25469007e-02 -8.01730808e-03  4.11162637e-02  6.84804190e-03
 -5.25136590e-02  5.34326881e-02 -4.68552373e-02 -2.26798877e-02
 -4.16049808e-02  3.17470282e-02 -6.46812841e-02 -4.02081572e-02
  9.04526263e-02 -5.97062223e-02 -4.07953970e-02  8.90588481e-03
 -4.44536433e-02  7.55302683e-02 -1.22717451e-02 -1.65691916e-02
  7.11447299e-02 -4.38431017e-02  1.01752756e-02 -8.04193914e-02
  6.22534566e-02  1.44385397e-02 -5.17523661e-02 -8.88102129e-02
 -6.50377274e-02 -2.54058279e-02  2.84121037e-02  1.06765963e-01
  2.79978439e-02 -1.03516420e-02 -2.69135572e-02  6.93591312e-02
  3.11474390e-02  1.76550448e-02  1.27060234e-03 -8.69623572e-02
  5.30170053e-02 -3.31313014e-02 -8.19732528e-03 -8.06443170e-02
 -3.56914587e-02  1.53097555e-01 -1.13992848e-01 -7.06332503e-04
  2.61207744e-02  8.52708444e-02  4.97351550e-02 -6.31542889e-08
 -1.64201837e-02  6.23689443e-02 -6.37767091e-02  4.51901816e-02
 -1.22612026e-02 -3.75466770e-03 -1.90791022e-02  6.56243265e-02
  9.39297490e-03  1.42973606e-02  1.16827585e-01  1.90731492e-02
  6.51286095e-02 -6.44713221e-03 -1.13145355e-02 -6.21326901e-02
 -3.75856198e-02  2.67697871e-02 -7.07370117e-02 -8.53711274e-04
 -3.15081961e-02  1.44353407e-02 -8.39399323e-02 -1.97551772e-02
  3.70408334e-02  7.56613677e-04  1.32702395e-01  1.35818005e-01
 -6.45260699e-03 -2.58175135e-02 -3.20083052e-02  4.04808261e-02
  1.94330737e-02 -7.35062361e-02 -3.46566029e-02  2.70537194e-02
  6.93061724e-02  3.55270877e-02  5.52524142e-02  5.57784177e-02
 -7.54068187e-03  3.51382270e-02 -5.33487275e-02  1.33861043e-02
 -2.07902025e-02 -3.92654240e-02 -1.30177364e-01 -7.38981413e-03
  1.08655170e-02 -1.36117479e-02 -4.08866033e-02  1.27203146e-03
 -1.31017333e-02  1.04403250e-01  1.96772199e-02  3.40997567e-03
 -1.07490882e-01 -6.09774748e-03 -3.56651172e-02 -7.17069488e-03
  6.19795918e-02 -9.77920890e-02 -6.45553544e-02  2.98245586e-02]",False,False
Progressive Democrats Celebrate Climate Provisions In Inflation Reduction Act,Democrat politicians,progressive,"that for all you who demanded that we take action, we saw you, we heard you and we are celebrating with you today. this is a big moment for our country and for our planet, but the job isn't done. we must do more, but this is truly a historic step, would not be possible without your support. thank you, everybody, and with that, i'll introduce my dear friend who does such a fantastic job from the great state of colorado, joe negus. well, what an exciting day, right. who's excited? uh, you know, in particular- and sean mentioned this- and my colleague, mike levin, from california as well- there are a group of members who were elected in 2018, when democrats took the majority on a promise that we made to the american people that we would treat this crisis as the existential threat that it is, and i could not be more proud that today we have begun to deliver on that promise that we made to the american people four years ago. i have to say a word about our chair. in the opening months of the 116th congress in 2019, the speaker impaneled the select committee on the climate crisis: two years of hearings, debate, discussion, research, traveling across this great country, visiting with experts, community members and stakeholders of every shape, of every size, of every specialty, culminated in this report. there were a lot of people who doubted our ability to convert this report.",1.0,"[-1.13120517e-02  2.61105504e-02  8.28550234e-02  2.91977488e-02
  6.14266172e-02 -3.07214502e-02 -2.83158962e-02 -5.67615815e-02
 -2.10537259e-02 -2.40500960e-02 -6.40967041e-02  2.27853935e-02
  5.75458482e-02 -3.68768387e-02 -2.90700216e-02  1.09988011e-01
 -7.90439174e-02 -5.39163649e-02 -5.32618165e-02  8.07925612e-02
 -5.47496267e-02  5.93629442e-02 -3.12746465e-02  6.00389689e-02
 -1.37926582e-02  4.04027663e-03 -6.55417219e-02  2.49009002e-02
 -6.06723092e-02  3.00922245e-02  4.08832394e-02 -3.95355970e-02
  3.48355137e-02  1.74430348e-02  8.83029327e-02  2.68443264e-02
  3.37937549e-02 -6.86166584e-02 -3.40637984e-03 -8.39626510e-03
  2.25103702e-02 -5.72108179e-02 -2.22505946e-02  1.67880133e-02
 -6.44645318e-02  5.07433265e-02  2.65974943e-02 -1.04627507e-02
 -3.75016360e-03 -4.88693118e-02 -2.65783984e-02  6.08956674e-03
  2.01377571e-02 -5.67353703e-02  4.12078723e-02  7.39840642e-02
  1.04277134e-02 -6.89033195e-02 -1.82164665e-02 -1.00467484e-02
  3.24627161e-02 -4.99975011e-02 -2.54877564e-02  4.33389433e-02
  4.95674927e-03 -2.34584101e-02  1.05092516e-02 -6.57815486e-02
 -4.29321080e-02 -9.34737793e-04 -9.06704459e-03  4.51723561e-02
  8.73122439e-02 -5.53585738e-02  2.83733336e-03 -3.90271023e-02
  1.27626881e-02  1.05311781e-01  1.13952897e-01  2.98528280e-02
  8.73382017e-02 -4.27874252e-02  3.68654802e-02 -9.59915593e-02
 -5.40441424e-02 -6.99288561e-04 -3.71529572e-02 -5.70442714e-03
 -3.47198307e-04 -1.51838949e-02 -1.07692480e-01 -6.81998804e-02
  5.87630533e-02  2.47858930e-03 -4.14682887e-02 -1.52726602e-02
  2.31466424e-02  4.22622152e-02 -3.61137725e-02  4.18624654e-02
  1.95446834e-02  7.08037168e-02 -3.74550112e-02 -1.63328588e-01
 -5.74408993e-02 -4.85920869e-02 -5.52409664e-02 -1.28465677e-02
 -4.27473672e-02  2.78636497e-02 -3.53999957e-02  1.33038592e-02
 -4.44736704e-02 -1.87888350e-02  5.50444610e-02  4.97767031e-02
 -5.77490926e-02 -9.78333037e-03 -6.90218434e-03 -3.66351083e-02
  1.96023826e-02  6.56435639e-02 -5.57529777e-02  8.64705518e-02
  7.73867965e-02 -2.20836587e-02  2.49638129e-02  8.64869418e-34
  1.15081690e-01  1.15514435e-01 -6.77138160e-04  7.71272629e-02
  1.64186079e-02  4.56909351e-02  3.40499207e-02 -4.82512563e-02
 -5.06594665e-02 -3.72402221e-02 -1.36562297e-03  2.76864115e-02
  3.47619392e-02  7.08414167e-02 -3.42753232e-02 -4.64477576e-02
 -1.05651654e-01 -2.35537030e-02 -4.15684171e-02 -4.75764573e-02
  2.09468529e-02  6.02279603e-02 -3.00308429e-02  4.89455834e-02
  4.45976481e-02 -3.72345299e-02  2.78735850e-02  3.93360527e-03
 -3.96811850e-02  1.43315818e-03 -1.92313604e-02  4.64564823e-02
 -1.89240016e-02  6.49762228e-02  1.46032218e-02 -6.95823580e-02
 -3.38907763e-02 -2.96729319e-02 -2.77493969e-02 -9.48246010e-03
  5.11052310e-02  7.95777738e-02 -1.66806132e-02  5.28575899e-03
  8.67106486e-03  4.41846326e-02  1.39961168e-01  5.98150417e-02
 -1.43201156e-02 -6.66691437e-02 -2.72210385e-03  8.32857192e-02
  4.94477376e-02 -1.10427151e-02 -2.17542704e-02 -1.03633374e-01
 -9.86392843e-04 -8.42615031e-03  5.46621764e-03 -1.05666459e-01
 -5.19435108e-02  1.21100824e-02 -4.73431423e-02  3.61821498e-03
 -5.61107248e-02  7.89463799e-03 -7.07770810e-02 -8.69976915e-03
 -4.73596528e-03  1.61267444e-02  7.31292143e-02 -4.80112508e-02
 -1.28446077e-03 -3.82524021e-02 -4.56299670e-02  2.75521036e-02
  4.65614535e-02 -5.43556996e-02  2.99661718e-02 -1.99931655e-02
 -3.43044102e-02 -5.20284958e-02  9.39304903e-02 -1.79610495e-02
  1.31485052e-02 -9.35541093e-02  1.63200796e-02  2.53940653e-02
  1.05872396e-02  4.37310040e-02 -5.48771694e-02  1.95468608e-02
  1.04005180e-01  9.10340901e-03 -3.60872522e-02 -4.18039513e-33
  6.63159937e-02 -1.52818216e-02  1.08722458e-03  2.61625405e-02
  2.31089143e-04 -3.54069881e-02 -1.68523733e-02 -7.36309914e-03
 -1.22203808e-02 -1.30466074e-01  1.80669203e-02  5.00095673e-02
  5.11546358e-02  7.08350539e-02 -1.66015103e-02 -6.53603114e-03
  4.15121019e-02  8.74090381e-03 -2.74648108e-02 -3.33605558e-02
  4.82820068e-03  6.65462837e-02 -1.30375311e-01  3.51096578e-02
 -2.59484798e-02 -3.24451295e-03  1.31554127e-01 -7.38083571e-02
  3.47895138e-02 -3.13072465e-02 -1.29047230e-01  8.30937736e-03
 -8.23531672e-02  5.01548052e-02  4.09815684e-02  1.12236179e-01
  1.70013290e-02 -6.34499267e-02 -6.94725513e-02  4.03384119e-02
  6.60130829e-02 -1.63608771e-02 -3.62550169e-02  1.49261998e-02
 -4.61982712e-02 -3.24073024e-02  3.83245200e-03 -2.13442314e-02
 -1.10692911e-01  4.52161953e-02 -9.23277140e-02  4.68283659e-03
 -9.32499096e-02  5.65157607e-02  4.15263064e-02  1.85328051e-02
 -6.41693221e-03 -7.36021399e-02  2.32188925e-02  1.32231042e-02
 -9.26493406e-02  5.29695079e-02  7.79928546e-03 -1.21086530e-01
  5.92400320e-02 -9.55155119e-03 -5.13697974e-02 -3.82385552e-02
  2.55227089e-02  5.87526672e-02  2.26421207e-02 -3.86335477e-02
 -9.33800265e-02 -8.09299108e-03  6.72196597e-03 -1.01455348e-02
 -1.44135645e-02 -5.59695810e-02 -6.05056882e-02  3.94792743e-02
 -9.79626644e-03 -2.80261636e-02 -7.92447105e-03 -3.12343258e-02
  1.02039412e-01  5.98219298e-02  1.99555699e-02 -6.77689835e-02
 -6.15527034e-02  1.01676248e-01 -6.94295615e-02 -1.29016861e-02
 -2.35041790e-02  3.23145986e-02  3.59567553e-02 -5.69490943e-08
  6.48490041e-02  2.65820939e-02 -8.07542056e-02  1.02536138e-02
  7.63228163e-02 -5.97847626e-03  2.49797851e-02 -3.70608792e-02
 -4.41699773e-02  3.13787162e-02  8.92596543e-02  3.05787753e-02
  1.29115572e-02  1.49229830e-02  3.34925540e-02  3.84812467e-02
 -1.25516122e-02  3.71678211e-02 -7.27088004e-02 -4.66861986e-02
 -1.24345429e-03  4.36642133e-02 -5.96667156e-02  2.42499858e-02
  1.32893706e-02  3.45790759e-02 -8.54115840e-03  8.38672817e-02
  3.14325728e-02 -1.97415799e-02 -1.02007061e-01  2.09613796e-03
 -6.84197098e-02 -6.35600612e-02 -1.65725071e-02 -3.82152721e-02
 -2.53970660e-02  6.09848043e-03  4.13559675e-02 -2.02058330e-02
 -1.78613085e-02  6.78800792e-02 -4.85992804e-02  5.68965711e-02
 -2.25928659e-03 -2.81847492e-02 -9.96732488e-02  4.57580537e-02
  5.44026010e-02  2.55439114e-02 -1.24666085e-02 -4.93631549e-02
 -1.07369674e-02  1.45932108e-01  7.20556900e-02  2.82190479e-02
 -3.71693037e-02 -1.96527168e-02 -1.91552620e-02  3.63486223e-02
 -9.67384875e-03 -8.20828974e-02 -5.38452007e-02 -7.85883822e-06]",False,False
Progressive Democrats Celebrate Climate Provisions In Inflation Reduction Act,Democrat politicians,progressive,"into legislation that would be enacted by this body, but there was one person who never doubted it, and that was the chairwoman of the select committee on the climate crisis, kathy castro, who never gave up, and it's to the chair that we have our gratitude today to know that we will be, in just a few short hours, passing the most significant climate change legislation ever considered by the united states congress in the history of our country. it's a big deal. why does it matter? i represent colorado. in the last 40 years, climate-induced disasters have cost our state 55 billion dollars: historic drought, unprecedented flash floods, devastating wildfires, each one of them a glaring reminder of the need for us to expedite our future into a renewable energy future and that transition that is so critically important for every american in our country. this bill, in my view, meets the moment, and one of the reasons that we are here, as representative levin so eloquently stated, is because of the grassroots efforts that were made by so many people to get us to this point, to the league of conservation voters, to the young people, the students, community activists- so many who raised their voices and never refused to ultimately give up, even when it looked like passage of this particular bill and the bills before it were in doubt. we couldn't be more grateful for your efforts and for raising your voices in support of",1.0,"[-3.70256347e-03  5.79106472e-02  1.17260188e-01  8.52437690e-02
  1.12073086e-01  2.44671269e-03 -6.81940913e-02 -1.39718233e-02
  3.12139411e-02  5.81943691e-02 -6.17672876e-02 -6.44379808e-03
 -1.84493251e-02 -3.80416936e-03 -3.17039862e-02  1.09497584e-01
 -4.12754528e-02 -4.72687483e-02 -6.91219941e-02  9.39607844e-02
  6.96310715e-04  6.15217090e-02 -2.97483075e-02  1.13528334e-01
 -2.95060445e-02  3.83663550e-02 -9.71535817e-02 -3.93317966e-03
 -7.15883225e-02  3.03590652e-02 -1.89098381e-02  3.19380499e-02
 -2.62704659e-02  2.22038329e-02  8.64489153e-02  5.70349693e-02
  8.04170519e-02  5.79845160e-04 -3.46985944e-02  1.23920543e-02
 -2.41909362e-02 -7.25290477e-02 -4.42589168e-03 -2.39027943e-02
 -1.17666408e-01  4.15514372e-02  1.04377663e-03 -2.88120005e-02
 -3.17348316e-02 -4.63258885e-02  3.95519584e-02 -1.46812275e-02
 -1.61983296e-02 -8.96632448e-02  2.94894576e-02 -2.07205508e-02
  3.77608761e-02 -1.52197890e-02 -1.37262512e-02 -9.63511225e-03
  4.32710052e-02 -7.45988190e-02 -6.90606236e-02 -1.01946797e-02
  4.23471294e-02 -4.73822169e-02  1.77490767e-02 -3.52032036e-02
 -1.77328393e-03 -9.56040323e-02  3.16756926e-02  5.02308421e-02
  5.16867079e-02 -2.99006049e-02  2.58752499e-02 -6.15964271e-02
  6.14327714e-02  1.11064628e-01  1.25216767e-01  7.65425386e-04
  9.73020121e-02 -8.76209233e-03  6.56963140e-02 -9.02510434e-02
  3.49662453e-02  2.49283966e-02  2.29237564e-02 -2.60034483e-02
  5.71093597e-02  1.66051916e-03 -6.83320686e-02 -3.52725871e-02
  1.08384952e-01  1.97267905e-02 -3.89279262e-03  6.85320944e-02
  2.33422071e-02 -3.20381671e-02  2.30429731e-02  1.67455375e-02
  2.06949078e-02  4.22377028e-02 -3.70343681e-03 -9.01226997e-02
 -2.23911200e-02 -8.00625756e-02 -1.78759117e-02 -4.32918780e-02
  2.38920115e-02  1.63970608e-02  3.04323696e-02  2.31009861e-03
  1.13587920e-02  2.21649861e-05  3.63613702e-02  2.98372861e-02
  5.94591396e-03 -3.28603908e-02 -7.43161701e-03 -6.63836226e-02
 -3.82640772e-02 -8.75188410e-03 -7.01591671e-02  3.54418606e-02
  7.71845877e-02 -5.45603670e-02  9.20600840e-04  8.32471496e-35
  6.94763213e-02  7.22613409e-02 -4.61705774e-02  2.70524397e-02
  8.63840990e-03  2.22489964e-02  3.63808649e-04 -7.73792937e-02
 -3.13682891e-02 -8.59238207e-02  3.85247432e-02 -7.98643939e-03
  6.95501342e-02  1.06179923e-01  2.61978414e-02 -7.42989257e-02
 -1.25618681e-01 -4.26995754e-02 -3.14889252e-02 -2.04249993e-02
  1.71919316e-02  2.74640005e-02  2.84422264e-02  3.23476121e-02
 -5.98781966e-02 -5.38706481e-02  2.77491044e-02  2.54436750e-02
 -3.56571041e-02 -7.60191679e-03  4.25266027e-02 -6.58877287e-03
 -7.12268148e-03  1.35581000e-02  5.64651601e-02 -2.05368698e-02
  4.20733681e-03 -2.83140521e-02 -2.99152564e-02 -4.04707864e-02
  4.35551293e-02  3.40980105e-02 -3.87037732e-02  3.27162892e-02
  2.35391464e-02 -1.03719626e-03  1.28721625e-01  4.37650867e-02
 -9.37381163e-02 -3.53916064e-02 -2.37164106e-02  7.36295283e-02
  2.81430800e-02 -2.97310743e-02 -6.88627595e-03 -5.42542078e-02
  7.77115393e-03 -3.68733779e-02 -2.60905232e-02 -1.18555784e-01
 -4.45184149e-02  1.54693620e-02  1.78699866e-02  4.69632894e-02
  9.40747466e-03  1.75476000e-02  3.14923492e-03  4.14965302e-02
  3.20780538e-02 -5.25299506e-03  2.91124452e-02 -2.73943935e-02
 -5.33806421e-02 -4.70407959e-03 -4.85219508e-02 -2.01521236e-02
  6.38104752e-02 -5.61179547e-03  1.19329980e-02  1.78784784e-02
 -4.95035760e-02 -3.06030717e-02  6.03125691e-02 -2.49708109e-02
  2.00886820e-02 -8.67380276e-02  1.30894231e-02  3.76341790e-02
  1.38835451e-02 -6.80950191e-03  2.06244364e-02  8.77215527e-03
  1.33549199e-01 -2.09254469e-03  1.17537044e-02 -3.83363201e-33
  3.24683376e-02 -3.86802433e-03  3.55359837e-02 -2.36399528e-02
 -9.45259538e-03 -7.22260252e-02 -6.20737188e-02 -1.15711495e-01
  3.30346897e-02 -9.95485112e-02 -3.64547111e-02  8.44411831e-03
 -2.76910737e-02  2.77717113e-02  3.67727913e-02 -2.40971595e-02
 -2.60129105e-02 -3.29933763e-02 -2.43648216e-02 -7.25778416e-02
 -3.09507940e-02  6.12730831e-02 -8.79000798e-02  4.73176204e-02
 -8.37204978e-02  2.96663977e-02  1.52823180e-02 -8.83678868e-02
  1.09942436e-01 -3.90167981e-02 -8.21367726e-02  1.00887626e-01
 -1.05954386e-01  5.97532354e-02 -1.25469472e-02  8.20531920e-02
 -1.52226212e-02 -4.34829108e-02 -5.44747151e-02  1.97553188e-02
  6.13343269e-02 -1.54551631e-02 -3.12840119e-02 -4.87284176e-02
 -1.65078081e-02  1.12538785e-02  6.21871389e-02 -1.90285742e-02
 -5.11381403e-02  3.55610549e-02 -1.80413842e-03 -5.14878668e-02
 -2.48495471e-02  5.83374240e-02  4.31499407e-02 -2.76602879e-02
  5.30090965e-02 -4.61111292e-02  2.72098687e-02  3.42478603e-03
 -3.71080041e-02  6.97465166e-02 -5.00393659e-02 -3.47211845e-02
  1.11303423e-02 -6.28894707e-03 -5.46107553e-02 -1.16264202e-01
  2.00044122e-02  5.35185337e-02 -1.04075549e-02 -1.15055796e-02
 -8.97824466e-02 -4.67570014e-02 -5.92864677e-03  1.07811810e-02
 -4.17159274e-02  4.07749936e-02 -6.76180124e-02  1.87511686e-02
  1.10919848e-02  1.42946048e-03 -8.54663178e-03 -5.08496873e-02
  1.18288077e-01 -6.19977573e-03 -3.16898176e-03 -9.62673500e-02
 -4.60777357e-02  1.29345685e-01 -6.66338727e-02 -1.05668344e-02
 -1.12082176e-02  1.24517120e-02 -3.39188837e-02 -5.79552051e-08
  6.92197233e-02  4.54609282e-02 -1.00605287e-01 -1.45057496e-02
  5.41153066e-02 -3.31678055e-02  2.20796317e-02  2.39674728e-02
 -2.42868792e-02  9.82840061e-02  6.94087818e-02  6.25100881e-02
  8.23493302e-02  3.64850499e-02  1.89463049e-02 -4.78413180e-02
  1.90989976e-03 -2.19047479e-02 -6.89164326e-02  2.12063529e-02
  7.15631200e-03 -3.37641947e-02 -1.12682328e-01  3.09969429e-02
  2.75889970e-02  1.99150331e-02  4.01919000e-02  1.20384745e-01
 -6.64540986e-03 -5.56854010e-02 -1.56914499e-02  2.40040030e-02
 -1.15328841e-02 -4.45766225e-02 -3.06345019e-02 -1.05701154e-02
  2.76228227e-02  1.58848464e-02 -3.81944398e-03 -3.00394502e-02
 -8.59145913e-03  8.59831274e-02 -4.98359390e-02  4.38393503e-02
  1.80476240e-03 -7.25752339e-02 -1.30612135e-01  7.13109225e-02
  2.38898341e-02  5.18935584e-02 -2.10046601e-02 -7.97709450e-02
 -1.88042168e-02  9.56096798e-02  5.87936230e-02  2.91075557e-02
 -3.56766768e-02 -4.15847525e-02 -2.52313372e-02 -2.20237020e-02
  1.28363762e-02 -7.79994428e-02 -5.35813272e-02 -3.78988087e-02]",False,False
Progressive Democrats Celebrate Climate Provisions In Inflation Reduction Act,Democrat politicians,progressive,"ever been among our young people, because you look and say we haven't done anything. there's an old proverb that says fall down five times, get up six. well, i just want to thank the people who came back again and again and again and said we're not going to give up, we're going to make this happen. and now, today, they're- they're pivotal times their lives. we can remember where we were. remember today, because this is the day that this environment turns. one of the scariest numbers coming out of the un is that by 2050, with that accident on climate change, one billion people will be homeless and displaced. that's one-eighth of the world's population and we see what climate change is doing all around the world right now. i get to be here because i'm on the ways and means committee and i'm very proud of all the work ways and means committee com contributed to the, the kathy castro and the climate change effort. let me start with the electric vehicle tax credits. we are moving toward the electrification of automobility. it's the largest single piece of our climate uh fossil fuel contributions. so we have the tax credits from dan kildy for cars, with jimmy pineda and me, for electric vans and trucks and lots of other folks. it is wonderful when you meet somebody who says i have to put gas in my car next october. they don't really care about the 3.99.",0.999,"[-6.46380782e-02  6.23017810e-02  9.34065655e-02  1.47876320e-02
  1.34603798e-01  5.29484637e-02  1.88918062e-03  8.11404828e-03
  4.39945422e-03  3.65553163e-02  1.09288562e-02 -2.33818460e-02
 -3.81578840e-02  1.40241673e-02 -1.09414291e-02  3.58437933e-02
 -8.95966440e-02 -5.83645441e-02 -4.15567346e-02  6.83035702e-02
  4.88101915e-02  5.11962250e-02  4.01979834e-02  4.81710732e-02
 -3.93256843e-02  2.65966523e-02 -5.25164045e-02  4.59954254e-02
 -7.92713091e-02  7.34228035e-03  3.18596512e-02  1.26988813e-02
 -4.95864488e-02  8.09694361e-03  5.75901121e-02  4.65462543e-02
  2.51463652e-02  1.67720497e-03  3.02086640e-02 -2.06310693e-02
  3.32176909e-02 -1.02314375e-01 -3.97508331e-02 -1.33770211e-02
 -1.38793401e-02 -4.04137839e-03  4.09543477e-02 -2.09152028e-02
  3.20851840e-02 -4.64869589e-02  4.29844633e-02  2.90752146e-02
  7.22083542e-03 -8.47933739e-02 -1.10082347e-02 -8.55194312e-03
  7.13526234e-02  3.49136046e-03  1.96722976e-04 -6.25914633e-02
  2.11847946e-02 -9.68167335e-02 -1.40857394e-03  2.96555609e-02
  3.56219970e-02 -2.11242866e-02  6.57438412e-02  2.23292168e-02
 -5.86040616e-02  3.14400010e-02 -2.68217716e-02  1.92246139e-02
  3.11571565e-02 -6.70650750e-02 -5.28259529e-03 -3.23512740e-02
  2.98353564e-02  9.58588570e-02  9.69615951e-02 -3.25879939e-02
  5.08104526e-02  3.77148576e-02 -1.48938950e-02 -6.60740361e-02
 -3.98077443e-02 -2.58560665e-02  3.17894183e-02 -1.04669975e-02
  5.01041710e-02 -1.54224476e-02 -4.86357398e-02  4.15499844e-02
  1.30929857e-01  7.53479376e-02  1.85132623e-02  4.91509959e-02
  3.55849676e-02  1.20951487e-02  3.76030593e-03  1.72127597e-02
  4.27233875e-02  7.34545290e-02  1.04905758e-02 -1.27438337e-01
 -3.81026305e-02 -2.15615388e-02  4.79723839e-03 -1.95351020e-02
  3.15904059e-02 -7.30932355e-02 -1.45266601e-03 -2.87960991e-02
 -6.20726086e-02  4.86861020e-02  5.40508470e-03 -3.10384147e-02
 -1.33052254e-02 -6.48218542e-02  5.58958538e-02  2.65685283e-02
 -2.42614113e-02 -1.10549033e-02 -6.65037781e-02  7.55932182e-02
  5.31625114e-02  3.39425821e-03  5.52787371e-02 -2.68926877e-35
  1.06850639e-02  6.79726079e-02  2.27397848e-02  6.95583690e-03
 -1.23695135e-02  2.18605790e-02 -8.60991403e-02  6.73199743e-02
 -4.10613753e-02 -3.39694321e-02  1.71426646e-02  4.25769463e-02
  8.10935274e-02  7.91495070e-02  2.82068551e-03 -7.59591237e-02
 -1.00006774e-01 -5.08281030e-02  4.09665368e-02 -5.94505714e-03
  7.78809115e-02 -9.35198832e-03  9.16420892e-02  3.56883332e-02
  3.70013192e-02 -3.55920754e-02 -6.58708671e-03 -6.78841257e-03
 -1.18758334e-02  1.60420854e-02  2.90047918e-02  5.29663824e-02
 -5.53961657e-03 -2.65711229e-02 -1.03019863e-01 -5.72220087e-02
  9.17872041e-03  3.44346873e-02 -2.14398596e-02 -2.15714704e-02
  1.01102768e-02  4.10763100e-02 -2.67148204e-02 -3.24106626e-02
  4.05739285e-02  1.22588575e-02  1.37562811e-01  3.14425081e-02
 -7.34827965e-02  4.86836806e-02 -5.96083626e-02  3.84415723e-02
 -1.58729299e-03 -8.03138912e-02 -4.17506555e-03 -4.34019975e-02
 -6.04917258e-02 -1.06258933e-02  7.13927345e-03 -1.08997151e-01
 -6.92940876e-02  9.38483141e-03 -8.39480851e-03 -2.17261575e-02
  2.17019636e-02  5.26926629e-02 -3.80572374e-03 -3.43430019e-03
 -1.71876680e-02 -1.52400313e-02  5.72001263e-02 -8.18361044e-02
 -6.77087978e-02  3.20328064e-02  1.42088179e-02  2.38358732e-02
 -2.72137802e-02 -2.04233900e-02  1.29599022e-02  3.35307531e-02
 -5.37005663e-02  6.36324100e-03 -3.18965241e-02 -9.12923217e-02
  1.24245688e-01 -6.93089366e-02  5.97264767e-02  2.61099767e-02
  3.97176221e-02 -3.88694890e-02  1.89755205e-02 -1.78080611e-02
  8.61534029e-02 -1.12971915e-02 -1.44519368e-02 -1.84089652e-33
  6.55890256e-02  2.92116143e-02  3.83709110e-02 -1.98020544e-02
  6.80660876e-03 -4.46133129e-02 -2.50781141e-02 -6.87398687e-02
  7.93950353e-03  1.99211873e-02 -4.93271872e-02 -7.92384334e-03
  2.39239819e-02 -2.03344692e-02 -2.20551360e-02 -5.98386079e-02
 -5.29560558e-02  3.49788438e-03  2.32040640e-02 -3.54858637e-02
  3.62781435e-02  4.21329923e-02 -2.71790605e-02  5.04704453e-02
 -8.11114907e-02  4.98885550e-02  2.00792067e-02 -2.77631357e-02
  5.97254448e-02 -6.30127192e-02 -7.40362033e-02  6.26165196e-02
 -1.26075506e-01  1.85980520e-03 -2.03652140e-02  1.14756618e-02
 -1.70264672e-02 -4.72019650e-02 -7.53495991e-02 -8.13410559e-04
  5.76278977e-02 -8.87976512e-02 -1.00997634e-01 -6.09797463e-02
 -1.92691181e-02 -4.29316573e-02 -3.69250998e-02  6.60035759e-02
 -2.65223440e-02  2.33694520e-02  8.03622082e-02  1.32693164e-02
 -3.91144156e-02  1.86216328e-02  2.26360466e-02 -3.16288276e-03
  8.18576366e-02  1.68834198e-02 -3.67866643e-02 -8.95718765e-03
 -3.98375578e-02  2.80877072e-02 -1.88125074e-02  3.35992537e-02
  4.49052360e-03 -1.27615526e-01  8.44473206e-03 -4.32456806e-02
  6.07289523e-02  6.30730763e-03 -8.48946627e-03 -5.22480011e-02
 -1.32142171e-01 -1.29233390e-01 -5.39221289e-03  4.72313054e-02
  4.09176387e-02 -3.32308672e-02 -2.34774072e-02 -4.59287763e-02
  6.89671049e-03 -1.05067687e-02  4.91312407e-02 -7.28255929e-03
  2.80377343e-02 -2.71804687e-02  1.21210385e-02 -3.89431454e-02
 -1.10618407e-02  1.63852423e-01 -7.79649094e-02 -2.30356101e-02
  2.71588820e-03  6.59877956e-02 -3.09740398e-02 -6.60280577e-08
  6.57200813e-02  1.35453016e-01  4.97937165e-02  2.01474619e-03
  7.70799145e-02 -3.63664515e-02 -3.11733969e-02  6.24124929e-02
  5.94487647e-03  2.52492614e-02  1.36507154e-01  3.98280546e-02
  1.20498240e-01  4.39925119e-02 -1.90388523e-02  5.21324538e-02
  1.66750513e-02  3.22482884e-02 -4.83835191e-02  4.72148992e-02
 -2.82723308e-02  1.42710237e-02 -6.72222972e-02  5.83163835e-03
  4.15760428e-02  3.54641373e-03  4.78107184e-02  7.68211782e-02
 -4.83263396e-02 -5.85773140e-02 -7.16545358e-02 -4.96925190e-02
 -1.41833527e-02 -6.44401694e-03 -3.17164958e-02 -1.02710500e-01
  3.14772539e-02  4.47005965e-03  6.47048978e-03 -3.37417610e-02
  2.41475715e-03  2.45054681e-02 -1.65839754e-02  1.75733287e-02
 -4.26601246e-02 -1.11351289e-01 -1.16482735e-01  2.76032090e-02
 -3.48139182e-02  3.55437733e-02 -8.55281651e-02 -1.08711727e-01
 -3.61570232e-02  7.18408450e-02  4.22712676e-02  4.03144304e-03
 -1.10829048e-01  3.94216739e-02 -5.27103208e-02  4.42316942e-02
  4.80043739e-02 -5.78849204e-02 -9.97967497e-02 -1.77560952e-02]",False,False
Progressive Democrats Celebrate Climate Provisions In Inflation Reduction Act,Democrat politicians,progressive,"the second big thing is the net zero act, which representative del benny and i've worked on for years. let's take carbon out of the air. we've been dumping into the air for 400 years and again, the ipcc says we need to take 50 billion tons of carbon out of the air just by 2050 to make a difference. the technology is there, but now we have the commitment, the tax credits to make that happen. and then, with john larson, we did the clean hydrogen production and investment tax credit to support green hydrogen- another thing that's really coming. and then the energy efficient commercial buildings act led by earl blumenour and me. that's 13 of our emissions are coming from buildings, and this again puts the tax credits in place to really change it. and one other thing: there's money in this bill for fusion energy. many people are skeptical, but when we can make that happen, we have the power not only to get rid of all fossil fuel, but also to power the carbon capture that we need doesn't make any sense to burn coal to take carbon out of the air, but fusion energy can do it with absolutely no carbon footprint. this is an incredibly important day and thank you for being so patient with us. albert camus said, in the midst of winter i found myself an invincible summer. this is the invincible summer, this inflation action and and climate change reduction.",0.949,"[-5.17770313e-02  5.35134263e-02  9.08495113e-02  1.74408201e-02
  6.70564920e-02  3.76068428e-02  2.54810974e-03 -9.59274184e-04
 -3.49982791e-02 -2.19099056e-02 -4.04997468e-02  3.06615829e-02
 -3.24619003e-02 -2.65422314e-02  2.04718169e-02  7.59810582e-02
 -3.59022431e-02 -4.61526262e-03 -3.25928093e-03  4.86728474e-02
  1.10778837e-02 -6.60770864e-04  2.48151254e-02 -9.57271550e-03
  1.74111966e-02  1.65871177e-02 -9.22006220e-02 -1.37217082e-02
 -2.76998542e-02 -3.84694285e-04  6.84199259e-02  3.21660303e-02
  5.52161771e-04  3.82237323e-02  9.12669972e-02  2.46344712e-02
  7.77745396e-02  2.57705059e-02 -6.62892638e-03  4.51916130e-03
 -3.17372493e-02 -1.47370711e-01 -4.59570624e-02 -1.31410155e-02
 -6.77114874e-02  1.60784125e-02  5.61559349e-02 -7.96141699e-02
 -2.25120969e-02 -3.14354859e-02  2.86586639e-02  4.31921333e-03
 -3.12263109e-02 -6.93954751e-02  4.02171947e-02 -4.97537367e-02
  4.06249575e-02  1.67209767e-02  3.94936763e-02 -3.04276533e-02
 -3.31122354e-02 -1.27553582e-01 -3.63125233e-03 -5.99855697e-03
  8.04523975e-02  1.51764471e-02  4.84933443e-02 -5.22654736e-04
 -9.94540080e-02 -2.83410860e-04 -2.11906843e-02 -3.00849210e-02
 -1.98051576e-02 -4.92787510e-02 -6.25749584e-03 -4.56092916e-02
  5.36185056e-02  4.89778630e-02  1.00198656e-01 -7.14727398e-03
  4.36577573e-02  1.35172904e-02 -3.66470478e-02 -4.42257710e-02
 -4.73340824e-02  5.39468937e-02 -6.37525022e-02 -1.35463048e-02
  5.01496382e-02 -6.69011206e-04 -1.10199600e-01 -3.37926149e-02
  7.77092725e-02  3.76364812e-02  3.17738317e-02  1.08752973e-01
 -4.24726726e-03 -2.00323611e-02  5.15229031e-02 -8.90351925e-03
  1.95164513e-02  6.19646348e-02 -2.41351873e-02 -1.24395885e-01
 -3.11627798e-02 -2.34742612e-02  5.15736826e-03  6.10796437e-02
  6.42906204e-02 -5.86378053e-02  5.06580956e-02 -2.34257225e-02
 -1.31761776e-02 -3.72301564e-02 -5.04394155e-03  4.06634808e-02
  1.56011552e-01 -3.51997390e-02  9.11013708e-02 -8.99316929e-03
 -1.27339014e-03  3.37147936e-02 -2.25109737e-02  6.59991130e-02
  1.53614348e-02 -6.98523549e-03 -4.20239149e-03  1.27643855e-33
 -2.29050945e-02  8.63585919e-02  7.32594356e-02 -6.22885674e-03
 -2.75247451e-02 -6.29766425e-03 -2.17023697e-02  3.19323950e-02
 -4.79771495e-02 -8.10123328e-03  5.18692806e-02  3.49444197e-03
  9.41144899e-02  6.63156956e-02  3.84672061e-02 -1.10143885e-01
 -4.98961695e-02 -1.94359198e-02  1.57673787e-02 -4.05739285e-02
  4.75294553e-02  1.94082456e-03  1.22211419e-01  3.60118300e-02
  6.56624287e-02 -5.72008118e-02  5.55044003e-02 -1.41056851e-02
  1.91786885e-02  6.52840128e-03  2.40286463e-03  5.58801778e-02
 -2.35288031e-02  3.19736302e-02 -3.35119218e-02 -2.05763374e-02
 -4.55616042e-02  1.38202040e-02 -6.89111203e-02  1.26921758e-02
 -1.99923348e-02  6.57963008e-02 -8.88345763e-02 -6.77248240e-02
  3.45386267e-02  3.75426700e-03  1.12047419e-01  1.57273225e-02
 -4.02882956e-02 -4.12770957e-02  2.15953626e-02  1.01414002e-01
 -8.03197399e-02 -6.39703348e-02 -7.01934751e-03 -7.20767975e-02
  1.91828534e-02 -1.01248607e-01 -8.18779506e-03 -4.29002866e-02
 -5.69527224e-02  9.84908082e-03 -2.81817708e-02  5.18624447e-02
 -2.62672156e-02  5.40433414e-02 -2.35590786e-02  4.03028578e-02
 -4.33944911e-02  2.98820622e-02  5.08789234e-02 -9.90780219e-02
 -5.11849783e-02 -5.43420240e-02  3.06455679e-02  2.80588511e-02
 -5.62293828e-03 -1.45947142e-02 -2.39309799e-02  2.83137336e-02
 -6.50277883e-02  1.24734044e-02  4.74384055e-02 -8.59375820e-02
  3.32147814e-02 -7.26517066e-02  2.84375460e-03  2.60861479e-02
  2.84556448e-02 -7.24153891e-02 -2.75632907e-02 -4.30254042e-02
  4.38803844e-02 -1.23798875e-02 -4.00256142e-02 -2.49008495e-33
  2.88420338e-02  8.97959247e-02 -3.30313109e-02 -5.81484437e-02
 -3.26764546e-02 -5.34478128e-02  6.50244672e-03 -7.98000842e-02
 -2.11321190e-02  3.46466601e-02 -3.35172564e-02  4.49645221e-02
  2.41094194e-02  3.21591496e-02 -2.21342482e-02 -7.08690658e-02
  7.37982010e-03 -3.86728533e-02 -5.59551530e-02 -2.06292607e-03
  8.72304812e-02  7.05652684e-02 -2.49785539e-02  8.06985497e-02
 -9.90535095e-02  6.51824102e-02 -5.99220768e-02  1.55332740e-02
  1.33762196e-01  1.51188634e-02 -1.02123231e-01  8.69090483e-02
 -2.65301988e-02 -2.69645024e-02  5.19928075e-02  4.09883400e-03
 -1.64507367e-02  1.93655845e-02 -7.24704843e-03 -3.63401510e-02
  1.18342312e-02 -7.24696144e-02 -1.00319691e-01 -2.56330967e-02
 -1.76613778e-02 -1.82330068e-02 -1.74871664e-02  5.08625209e-02
 -9.20031965e-02  2.58533061e-02  7.17461109e-02  4.83922623e-02
 -8.78319070e-02  7.69848994e-05 -1.97191518e-02  1.23596666e-02
  8.65585059e-02  1.77566763e-02 -2.48723384e-02  2.35951804e-02
 -8.92581325e-03  4.23391275e-02  1.08331796e-02  4.66194339e-02
  2.20655520e-02  2.09565796e-02  2.18672473e-02 -3.15541588e-02
  2.94284038e-02 -5.73262572e-02 -6.09460659e-02 -5.06222881e-02
 -1.05753586e-01 -3.81002352e-02 -9.84792858e-02  4.22041453e-02
  6.66298941e-02  6.56411564e-03 -3.88772562e-02  6.81514442e-02
 -2.93002045e-03 -2.18467601e-02  5.93103915e-02 -4.63662557e-02
  9.27359238e-02 -3.40069123e-02 -1.14332121e-02 -1.17988899e-01
 -4.74298373e-02  7.93988034e-02 -1.43988103e-01  1.06625296e-02
  1.53834652e-03  8.94628763e-02 -3.46499146e-03 -5.59641897e-08
  7.87372142e-03  5.56610413e-02  1.24962749e-02  3.26690339e-02
 -2.57034581e-02 -6.48643002e-02  7.70543981e-03  4.24068905e-02
  1.65598351e-03  4.21378165e-02  6.10267185e-02  7.47546852e-02
  9.83354226e-02  1.22928163e-02  2.38883141e-02  7.04511022e-03
 -3.77315581e-02 -2.27951333e-02 -2.66302787e-02  3.29219699e-02
  2.31741518e-02  3.10392980e-03 -5.37325256e-02  2.37321611e-02
  6.05789106e-03  1.60261802e-02  8.98313820e-02  8.16831514e-02
  5.45852371e-02 -1.48107717e-02 -1.75206345e-02  2.01270990e-02
  1.63742006e-02 -1.24289375e-03 -6.66467324e-02 -6.68388903e-02
  3.67481485e-02  4.49875975e-03  2.44684843e-03 -4.80469409e-03
 -2.79614702e-02  5.33971302e-02 -5.04424609e-02  1.06795097e-03
 -1.10267654e-01 -5.12249507e-02 -1.15565419e-01 -3.69398333e-02
  3.93619537e-02  4.22811545e-02 -1.09959031e-02 -7.78700691e-03
 -1.38689503e-02  2.91016884e-02  3.55069861e-02  1.87892113e-02
 -1.13365322e-01 -1.64881833e-02 -7.18851686e-02 -7.55871693e-03
  1.05102606e-01 -9.47914571e-02 -1.26848677e-02 -7.82187656e-03]",False,False
Progressive Democrats Celebrate Climate Provisions In Inflation Reduction Act,Democrat politicians,progressive,"we got it done. we got the environmentalists, we got the union workers. then we got the autos and we did a lot of hard work. you know figuring it out is not easy. it's hard, but we all agreed that by the year 2030 we would set a standard for sales of vehicle: new vehicles to be 50. 50 would be zero emission vehicles. it was a big, big victory and today the inflation reduction act is a transformational piece of legislation that is going to address some of these most urgent challenges facing our nation. first and foremost, not one of us is going to succeed innovation and technology to any other country in the world. we are making sure america stays at the forefront. this bad legislation today represents the single largest investment in clean energy, environmental justice and climate actions in american history. i am very proud that this bill supports the transition to an electric vehicle future. the auto industry has demonstrated it's ready for america to become a global ev leader and now this bill is going to institute the policy that's going to make it real. from domestic supply chains to manufacturing, to consumer incentives, this bill paves the way to a shift to electrification on all fronts: increased investments in both the advanced technology vehicle manufacturing law program and the domestic manufacturing conversion grant program will incentivize companies to bring those jobs back home that have been shipped overseas and keep them.",0.95,"[-8.48854482e-02  1.05647616e-01  4.38883677e-02 -2.72482187e-02
  4.71935086e-02  5.28269745e-02 -4.99989800e-02  3.08985589e-03
 -8.22083950e-02  1.55124813e-02 -1.10323438e-02  4.65877540e-02
  3.40149738e-02  2.69310502e-03 -2.48024589e-03  4.45043780e-02
 -6.05665222e-02 -1.84945446e-02 -1.32000237e-03  4.32739630e-02
  1.19610503e-02  7.09990412e-02 -3.38191888e-03  4.54594344e-02
 -2.43337229e-02  3.69937234e-02 -6.71260357e-02 -3.29735689e-02
 -6.63763881e-02 -3.51712219e-02 -1.12886513e-02  7.49319140e-03
  2.06881482e-02  7.17206532e-03  5.08632548e-02 -4.64147590e-02
  4.26148511e-02 -1.16494223e-02  5.61619550e-02 -7.81062245e-02
  6.89730421e-02 -1.44836217e-01 -7.92958140e-02 -3.30174081e-02
  3.41177173e-03  4.16700542e-02  5.43719530e-02 -4.22395729e-02
 -1.85819454e-02 -7.56686255e-02  2.30022147e-02  8.81289225e-03
  9.15557612e-03 -1.01322934e-01  1.84331671e-03  1.51928989e-02
  2.13983133e-02 -2.91954465e-02  6.71480503e-03 -1.03715239e-02
 -9.21596307e-03 -7.20460042e-02 -1.78802516e-02  1.72006637e-02
  2.05137189e-02 -3.62662748e-02  2.97971833e-02 -1.96876787e-02
 -1.76923499e-02  6.02578185e-03  4.03140672e-02  1.81399863e-02
  3.70626487e-02 -3.34023759e-02 -6.42152876e-03 -2.80915014e-02
  8.86368454e-02  4.22658138e-02  6.90886378e-02 -2.69229710e-02
  4.82156016e-02 -7.50170089e-03  3.50223435e-03 -5.92232421e-02
 -2.53801215e-02 -5.25662117e-02 -4.06585727e-03 -9.70853493e-02
 -2.94948835e-02 -1.76460966e-02  2.06274278e-02  4.90144035e-03
  2.31215265e-02  3.39558870e-02  1.07735498e-02  8.27573314e-02
 -1.68982018e-02 -4.68506329e-02  5.53253200e-03  2.38478594e-02
  2.82949675e-02  7.97188878e-02  3.68246697e-02 -8.63362029e-02
 -6.31225631e-02 -1.78816132e-04  7.69909006e-03  2.12749243e-02
  5.45535162e-02 -2.70422325e-02  9.89020467e-02 -6.38149902e-02
 -4.24032211e-02 -9.76015907e-03 -7.21994936e-02  2.04889048e-02
  7.71340802e-02 -3.14759202e-02  1.32411316e-01 -3.43864113e-02
 -3.36358137e-03  5.29578514e-02 -4.05135602e-02  4.34613749e-02
  8.36965814e-02  4.49410751e-02  1.88894253e-02  2.15702318e-34
 -8.06943253e-02  4.23679538e-02  1.70165729e-02 -2.20199209e-02
 -7.89234787e-03 -2.23621307e-03  6.85593905e-03  5.32884337e-02
 -4.07181960e-03 -8.24390650e-02  3.92223671e-02  4.88865338e-02
  6.73793480e-02  8.18496421e-02 -2.13580374e-02 -1.30649149e-01
 -8.28050449e-02 -2.30352357e-02  3.18810456e-02  9.26392805e-03
  1.54575473e-02  2.05716980e-03  7.87065923e-02  3.90100405e-02
  1.13198010e-03 -1.67045146e-02  6.55286536e-02 -6.11021072e-02
  3.13609391e-02  4.09948342e-02  3.18960212e-02  1.02846369e-01
 -1.09715341e-02  5.26637733e-02 -8.94861445e-02 -9.29824263e-03
 -1.01987235e-02 -1.65427011e-02 -5.67142628e-02  4.70736530e-04
  2.47045644e-02  3.93466279e-02 -1.30522147e-01 -1.09877409e-02
 -4.02366742e-02  5.42031676e-02  9.26781669e-02  5.32271760e-03
 -1.22692678e-02  2.50002500e-02 -4.05887961e-02  1.86059829e-02
 -2.52518002e-02 -4.97065969e-02  1.02566471e-02 -9.32870433e-03
 -8.29937756e-02 -1.06552750e-01  2.59771179e-02 -7.03490078e-02
 -5.12274690e-02  4.45447080e-02 -1.90268960e-02  4.82733324e-02
 -8.12622309e-02  3.07306629e-02  2.07295530e-02  1.25957867e-02
 -7.67622739e-02 -1.51698972e-04 -3.86489817e-04 -9.65404585e-02
 -7.16887712e-02 -3.38738076e-02  3.62791307e-02  6.66273013e-02
  1.12882676e-02 -1.14708133e-02  1.20800985e-02 -9.22120661e-02
 -1.19222350e-01  1.59381926e-02  7.18099251e-02 -7.93617889e-02
  1.59308910e-01 -5.52680604e-02 -1.08013640e-03  4.73507866e-02
  8.85931104e-02 -5.66020347e-02 -1.46115208e-02 -1.90385114e-02
  3.61798704e-02  6.49021640e-02  2.55241208e-02 -3.06029081e-33
  3.52185704e-02  8.28890279e-02 -1.81545392e-02  4.02204655e-02
 -7.04492675e-03 -4.54736166e-02 -2.04515848e-02 -6.35150895e-02
  5.96177913e-02 -9.78456810e-03  3.54744610e-03  6.64882883e-02
 -2.31085252e-02  2.64193602e-02  2.80469935e-02 -5.26962802e-02
  1.47816185e-02 -1.76770799e-02  2.64895801e-03 -1.73948929e-02
  1.05575947e-02  2.18461305e-02 -5.29323183e-02  6.26632422e-02
 -2.41187885e-02  9.69497673e-03 -4.53377590e-02 -2.61593070e-02
  1.15135796e-01 -4.74337041e-02 -4.45329919e-02  3.95224467e-02
 -2.75551453e-02  5.67559451e-02 -2.14771815e-02  2.15948001e-02
  2.05408782e-02 -6.82470202e-03  8.16271175e-03 -3.26142763e-03
  4.95874584e-02 -8.31282586e-02 -1.06854677e-01  1.32845491e-02
 -3.25875054e-03 -1.80940237e-02  1.58839002e-02  3.11025158e-02
 -2.40401123e-02  4.53402586e-02  3.00535504e-02  1.27299805e-03
 -1.03441942e-02 -8.83057830e-04 -7.22681433e-02 -2.59816069e-02
  1.30450264e-01 -1.00905802e-02 -6.17101081e-02  5.25066555e-02
 -5.37467003e-02  1.79367792e-02  8.24773964e-03 -6.43426850e-02
  2.75364481e-02 -1.00085117e-01  4.48750518e-02 -4.16375063e-02
  1.45029835e-02 -2.24622693e-02  3.82805796e-04 -4.31474485e-02
 -1.23203203e-01 -2.18294605e-04 -2.13891026e-02  3.80776823e-02
  4.41723689e-02 -7.46127665e-02 -3.67782414e-02 -2.78563495e-03
  2.69949250e-02  4.53271978e-02  1.90237854e-02 -5.62818944e-02
  2.19647940e-02 -4.10631038e-02 -1.13719953e-02 -4.87900414e-02
 -7.22906459e-03  1.40420124e-01 -1.03491992e-01 -3.90538620e-03
 -1.66544896e-02  5.56424335e-02 -6.43018037e-02 -5.55961748e-08
  2.48991586e-02  8.37049335e-02  2.82745739e-03  2.67573688e-02
  1.61871838e-03  3.19414511e-02 -2.91829370e-02  9.35109407e-02
 -9.71254893e-03  2.45642811e-02  1.03996858e-01  1.20324232e-02
  1.22714356e-01  2.78791208e-02 -2.33028606e-02 -4.93170600e-03
 -1.65325794e-02  1.07144751e-01 -6.09388202e-02  2.74932478e-02
  1.78575097e-03  4.18662243e-02 -6.85508624e-02  5.72226197e-03
  2.09670532e-02 -1.63874459e-02  7.76083693e-02  4.49456125e-02
 -3.24883424e-02 -1.00096799e-01 -9.06616077e-02  4.49002832e-02
  5.22093475e-02  1.64667312e-02 -4.62294370e-02 -8.19073394e-02
  6.00353777e-02 -1.50966505e-02  2.37429366e-02 -5.84888682e-02
  7.53412396e-03  8.90331063e-03 -6.64570555e-02 -4.38331291e-02
 -4.34127152e-02 -8.90437290e-02 -1.36554122e-01  8.35982244e-03
 -1.96317472e-02  7.14582428e-02 -4.44755591e-02 -2.03123987e-02
 -2.98244227e-03  9.55707803e-02  3.15780640e-02 -2.06759647e-02
 -7.60687068e-02 -4.98127863e-02 -4.64594401e-02 -3.12885903e-02
  7.18205795e-02 -5.28030694e-02 -1.82241481e-02  4.49721925e-02]",False,False
Progressive Democrats Celebrate Climate Provisions In Inflation Reduction Act,Democrat politicians,progressive,"here and a series of consumer tax credits, including a clean vehicle credit, a previously owned vehicle credit and an extension of the federal income tax credit on alternative fuel vehicle refueling property, bring down the cost of electric vehicles. it makes them affordable and- i'm sorry guys- and accessible for all americans. okay, you've heard of little grumbling and you know joe manchin doesn't want china or the america to become any more dependent on china, and neither do i, so this element may pose some challenges for industry in the short term, but in the long term it is going to strengthen the trajectory of the industry, domestic supply chains and american manufacturing and at the same time, it's going to reduce emissions. and what we got to do- and i'm committed with everybody back here- i had a lot of conversations with people behind me- we're going to make sure that electric vehicles aren't a luxury vehicle that americans can afford. the vehicles and companies that are getting benefits in other ways need to make sure they're sharing that with the consumer. this is hugely impactful for my home state of michigan, as we support the auto industry in the shift to electric vehicles and incentivize clean energy production here in the united states and, at the same time, unions are at the table and we are creating good, paying jobs. this legislation paves the way for innovation and success, not just in the immediate future, but",0.596,"[-4.90415208e-02  4.65185642e-02  1.12147897e-01 -4.95667011e-02
  9.68404412e-02  7.77695924e-02  4.79178764e-02 -3.31080742e-02
 -1.39176816e-01 -7.68865198e-02 -5.75581798e-03 -1.11351088e-02
 -1.76275440e-03  3.37178633e-02 -2.33846791e-02  3.04740090e-02
  4.52181548e-02  2.82760523e-02  1.66497566e-02  5.71690015e-02
  4.03769165e-02 -7.80140888e-03  5.11920936e-02 -6.69905124e-03
  2.78332662e-02  6.33537024e-03 -2.18918212e-02  4.11321148e-02
 -4.05451581e-02 -3.12948637e-02  2.62941308e-02  1.10190092e-02
  3.77443880e-02 -3.13099436e-02  4.93696034e-02  9.80665162e-03
 -2.76283571e-03  6.05368102e-03  1.51056051e-02 -5.08865826e-02
  1.11335646e-02 -9.47566330e-02 -5.61740659e-02 -2.44174972e-02
 -5.44500984e-02 -4.71373908e-02  1.07953876e-01 -6.07739873e-02
 -9.45569202e-03 -5.90721630e-02  5.01430519e-02  2.14171093e-02
  1.67684741e-02 -4.30683158e-02  1.60386972e-02 -1.39338896e-02
  1.51101481e-02 -1.90830603e-02 -6.08734190e-02 -1.52268009e-02
 -1.42269693e-02 -8.28112438e-02  1.21092377e-02 -5.06151374e-03
  1.37518626e-02  9.31347313e-04 -5.33900969e-02  2.61697136e-02
 -8.74781758e-02  3.52121256e-02  4.07434627e-02 -5.08237928e-02
 -2.18658801e-02 -3.95893492e-02 -3.96255441e-02  1.16199953e-02
  7.89898783e-02  3.57082523e-02  8.10134187e-02 -4.32568267e-02
  2.10239943e-02  2.35859305e-02  1.38718169e-02 -6.48014992e-02
 -2.64095757e-02 -1.63496006e-02 -6.02915734e-02 -8.27195123e-02
 -1.50683103e-02  3.53849158e-02 -1.56480744e-02  2.33316491e-03
  9.33167711e-02 -3.81895038e-03  5.40208258e-03  7.58183375e-02
  1.46648576e-02 -5.18119372e-02  6.79654069e-03 -3.22446153e-02
  6.67223930e-02  1.38866797e-01  3.19028683e-02 -9.59870741e-02
 -5.95080629e-02  1.70406867e-02 -3.32742222e-02  4.96932715e-02
  7.52577186e-02 -3.44435535e-02  1.07139029e-01 -2.03241408e-03
 -9.58974436e-02  4.25116420e-02 -9.81897190e-02  5.85739128e-02
  4.79557514e-02 -4.86322381e-02  7.59078041e-02  9.10302065e-03
 -4.41957861e-02  1.00640552e-02 -1.26537699e-02  4.61048000e-02
  1.08507887e-01  5.71512505e-02 -1.35736065e-02  1.51551344e-33
 -8.54240060e-02  6.20053858e-02  2.51721647e-02 -2.43496243e-02
 -7.59447515e-02  5.65825179e-02  3.54255289e-02  1.71108712e-02
 -3.41823250e-02 -2.76830364e-02 -1.03383334e-02  7.76768625e-02
  2.72854585e-02  2.85638627e-02  2.84748413e-02 -5.83663508e-02
 -1.26229942e-01 -3.92685942e-02  6.75700456e-02 -3.67638841e-02
  5.29235527e-02 -1.43019892e-02  5.06994799e-02 -1.16588234e-03
  2.81332191e-02 -1.00516304e-01  1.97024811e-02 -3.91538143e-02
  1.47865219e-02  4.26451787e-02 -6.32594340e-03  1.19910009e-01
  2.96787862e-02  5.18280715e-02 -7.12776855e-02  3.26407477e-02
 -1.53279407e-02  1.39579149e-02 -7.27144256e-02  1.34821152e-02
  1.21869193e-02  2.34129168e-02 -7.88314864e-02 -5.52128442e-02
 -2.31455080e-03 -7.12012930e-04  5.72653674e-02 -2.56952532e-02
 -4.97947037e-02  5.42993136e-02 -6.07123263e-02  3.47987115e-02
  9.32642724e-03 -4.84930314e-02 -2.52576005e-02 -2.80562765e-03
 -9.22762137e-03 -9.48547721e-02  9.20246355e-03 -6.41033426e-02
 -1.19895577e-01  3.04511152e-02 -1.74297076e-02 -8.92906822e-03
 -1.63206924e-02  3.61656509e-02  4.37937258e-03 -3.69796641e-02
 -8.61630812e-02  7.88621306e-02  5.49846441e-02 -9.95157063e-02
 -4.86786105e-02 -1.17130699e-02  5.47222160e-02 -6.52206643e-03
 -8.19611326e-02  4.05451655e-02  4.96282242e-03 -2.53340341e-02
 -6.72282055e-02 -1.84407514e-02 -8.87370110e-03 -1.61389038e-02
  5.00310659e-02 -4.80643064e-02  5.07882982e-02  5.68784587e-02
  5.88973276e-02 -3.93489487e-02 -2.42239423e-03  5.07362075e-02
  4.70042452e-02  2.26383619e-02  2.14368924e-02 -3.62894281e-33
  4.60391082e-02  3.12053300e-02  3.13273072e-02 -1.01775751e-02
 -2.10861154e-02 -6.14721030e-02  1.73304267e-02 -4.10522074e-02
 -2.00136919e-02  1.94042886e-03 -7.95619339e-02  7.14496011e-03
  2.98493262e-02  3.42031606e-02 -1.75991412e-02 -3.49891484e-02
 -2.55247429e-02  6.58956543e-03  2.62357183e-02 -4.35684845e-02
  3.69980633e-02  4.04186621e-02  1.25882244e-02  9.42252129e-02
 -2.24111099e-02  1.37534430e-02 -5.18072359e-02 -2.41861269e-02
  9.55384523e-02 -4.51962128e-02 -5.19796088e-02  7.38513321e-02
  2.17592455e-02 -2.74499953e-02 -1.27784507e-02  1.15424730e-02
 -1.87189523e-02  4.50306349e-02  1.52004920e-02 -3.14586819e-03
  5.29227182e-02 -1.64421007e-01 -6.15017749e-02  3.11437435e-02
  2.86181364e-02 -5.50065823e-02 -4.20820937e-02  5.21387868e-02
 -3.85069251e-02  9.21879932e-02  1.03709595e-02 -1.21503947e-02
 -6.72025457e-02  1.57815777e-02 -8.74167383e-02  3.32133397e-02
  1.62978783e-01  9.53871850e-03 -5.72220348e-02  2.80024782e-02
 -1.26990369e-02  9.57216620e-02 -2.44014785e-02  1.34359496e-02
  1.78471748e-02 -1.23440772e-01  1.44440934e-01 -2.86940187e-02
  4.50477675e-02 -8.93561691e-02 -4.12450843e-02 -7.20044747e-02
 -6.23135231e-02 -2.39776149e-02 -4.84483652e-02  4.36281227e-02
  4.30852808e-02 -1.53002720e-02 -4.28040652e-03 -3.63193378e-02
  4.44561839e-02  1.33353733e-02  6.81258440e-02  1.90321766e-02
  3.24797034e-02 -6.01126887e-02 -5.54253384e-02 -3.99244055e-02
  2.65825484e-02  7.88916349e-02 -8.37790444e-02  3.66624445e-02
 -5.01677915e-02  3.68989669e-02 -3.26741152e-02 -5.68598928e-08
  2.37550884e-02  9.97026544e-03 -1.79212317e-02  6.19305596e-02
 -4.36091684e-02 -2.91311722e-02 -3.81028764e-02  6.31120428e-02
  2.38024145e-02  2.94166226e-02  1.12877332e-01  4.55968529e-02
  5.27748317e-02  3.95531990e-02 -4.47153598e-02  6.68318337e-03
  3.71614918e-02  1.00801297e-01 -5.76619282e-02  1.36362696e-02
 -1.51844099e-02 -1.87426934e-03 -3.57604809e-02  2.96666231e-02
 -1.53455371e-02  1.84077509e-02  1.10832462e-02  5.94174825e-02
  1.27590233e-02 -7.11901188e-02 -3.51371877e-02  2.72151195e-02
  2.23156996e-02  6.50988519e-02 -3.17180939e-02 -6.65893182e-02
 -5.73252444e-04 -3.61434706e-02 -8.85594578e-04 -2.92015765e-02
 -2.12119520e-02 -3.04290769e-03 -4.35814634e-02 -7.56490156e-02
 -3.59223261e-02 -8.37450251e-02 -7.79775754e-02 -3.46945003e-02
  5.29659949e-02  1.28015086e-01 -9.03243870e-02 -1.00140177e-01
  3.00272182e-02  2.05568783e-02  1.43804599e-03  3.81724001e-03
 -7.68431202e-02  1.45762712e-02  8.00752640e-03 -3.45182903e-02
  7.82861486e-02 -3.62132601e-02 -3.02699581e-02  1.50669608e-02]",False,False
Progressive Democrats Celebrate Climate Provisions In Inflation Reduction Act,Democrat politicians,progressive,"lifetime to fight climate change. guess what we need to do? we need to build factories. we need to renovate buildings. we need to develop new technology. we need to build new power plants that use clean, renewable energy. all of those things are going to create jobs- millions of them. going to create jobs, millions of them. i think that's something worth celebrating. construction workers and factory workers and electricians and pipefitters and mechanics and engineers: this is a good day for american families. [Applause]. now we know- i'm from florida. we know that more flooding and worse storms are coming. as the chair of the subcommittee on emergency preparedness, response and recovery last month and several times actually over the last year, i've met with secretary marcus, along with representatives from fema and emergency managers throughout central florida. we're working hard to develop answers to extreme weather conditions, to make sure that america is prepared, lowering the cost for american families, lowering the cost for the american people. i stand before you today as the daughter of a maid and a janitor who worked hard, extremely hard, for what they had, like many of the american people do. we won't let climate change and natural disasters take away anything from america's families that worked so hard to build. but fighting climate change is not just about protecting what we have. it is an opportunity in this land of opportunity. it is an opportunity to create a prosperous future.",0.999,"[-8.16171169e-02  1.09220659e-02  1.00819997e-01  9.15885121e-02
  5.68612255e-02 -2.12832745e-02 -4.09621112e-02 -5.22877537e-02
 -4.41603810e-02  2.33995821e-03 -7.65097067e-02  1.19557688e-02
  3.12779807e-02  2.96286903e-02 -2.39365827e-02  7.01579750e-02
 -6.56807497e-02 -1.28401145e-02 -4.47458029e-02  1.96674857e-02
 -3.22468802e-02  1.39238564e-02 -3.56863625e-02  2.87319813e-02
 -3.87965851e-02  8.90323818e-02 -5.75816557e-02  7.79769868e-02
 -8.63556564e-02  7.13617280e-02 -1.63511559e-02 -4.76982398e-03
  1.21942386e-02  1.09959235e-02  7.43275210e-02  1.13733374e-01
  3.56519967e-02 -6.26696739e-03 -2.76797335e-03 -1.92403700e-02
  1.98320784e-02 -7.70448446e-02  1.78394082e-03  1.25639280e-02
 -5.52929305e-02  1.22313434e-02  4.22050571e-03 -1.74296573e-02
  1.05121629e-02 -2.82028932e-02  1.25332754e-02  2.97057647e-02
 -2.26676092e-02 -1.03753634e-01 -2.19056141e-02  4.53786366e-02
  1.02788232e-01 -6.44333735e-02 -9.81191732e-03 -2.00916361e-03
 -1.10125728e-02 -9.79620367e-02 -4.04533744e-02  1.43435365e-02
  2.05190517e-02 -9.34677385e-03  5.58785116e-03  4.01980095e-02
  7.46878702e-03 -1.57687459e-02 -4.33594249e-02  6.46232516e-02
  3.30334269e-02  6.58577960e-03  3.52635756e-02 -1.51860970e-03
  4.20116484e-02  7.54748061e-02  1.15969881e-01  2.79573724e-04
  9.90373120e-02 -5.87050356e-02  1.48775000e-02 -5.04279770e-02
 -7.54533634e-02  7.20281973e-02  3.68343554e-02  3.48556899e-02
  9.01835263e-02 -2.20910273e-02 -1.15662806e-01 -5.87099828e-02
  6.50683194e-02  6.13916256e-02 -7.74131762e-03  1.06164992e-01
 -3.42383720e-02 -2.09273137e-02 -8.01019147e-02  2.30752639e-02
  5.07840924e-02  3.15920115e-02  5.83166964e-02 -9.22396705e-02
 -4.12799455e-02 -8.80848523e-03 -6.64984658e-02 -8.05217400e-03
 -4.94313017e-02 -4.10201401e-02  7.67805474e-03  2.33394187e-03
 -2.63081118e-02  2.54714047e-03  4.58735041e-02 -1.93212200e-02
  7.78243039e-03 -4.78188619e-02 -1.68317147e-02  9.99605004e-03
 -1.34910159e-02  1.56487469e-02 -1.04564853e-01 -4.92750248e-03
  4.55301926e-02  2.72305533e-02  9.02633183e-03  1.07629649e-33
  1.03801630e-01  1.36944950e-01  4.69572470e-02  5.97431250e-02
  5.00964262e-02  6.95290640e-02  9.64416005e-03 -2.78731696e-02
  1.15387486e-02 -3.55531760e-02  2.96871811e-02  3.93420048e-02
  4.05876562e-02  8.16192552e-02  3.75622534e-03 -1.36488855e-01
 -8.48789886e-02 -4.38484140e-02 -4.15306129e-02 -1.33985169e-02
  5.64848585e-03  2.32631620e-02  3.47847790e-02 -1.06620714e-02
  5.07902317e-02 -7.46569186e-02  4.74179536e-02  2.82475748e-03
 -3.81769277e-02  1.26331951e-02 -1.22880079e-02  7.08477423e-02
  4.72912099e-03  3.63156460e-02 -3.17048766e-02 -7.88075551e-02
  2.13930523e-03 -2.47254549e-03 -2.00688355e-02 -4.90742922e-02
 -6.54969215e-02  6.42000064e-02 -1.19722784e-02  7.41618723e-02
  4.89415340e-02 -4.08902727e-02  1.39098108e-01  8.23414326e-02
 -5.76747693e-02 -2.48138923e-02 -5.55159375e-02  7.38826767e-02
  1.87788568e-02 -5.36283515e-02 -1.31612225e-02 -2.43791305e-02
  5.51250651e-02 -6.65048882e-02  3.80661003e-02 -1.05177745e-01
 -4.09784466e-02  1.69711132e-02  2.64384854e-03  3.63091864e-02
  3.77549627e-03  7.86466151e-03  1.08163198e-02  5.34425266e-02
  4.32367809e-03  6.22223644e-03  7.11236373e-02 -4.09211330e-02
  6.20363001e-03  1.97989140e-02 -1.23899309e-02  4.69844192e-02
  6.70310333e-02  2.86235176e-02 -6.07449468e-03 -2.67264955e-02
 -4.01021242e-02  3.96116115e-02  7.11204335e-02 -3.47528933e-03
  1.26969516e-01 -5.38518280e-02  3.53821111e-03  5.55386394e-02
  2.09988356e-02  6.13959618e-02 -2.27087457e-02  8.08295608e-03
  9.64982361e-02  3.82646658e-02 -8.21052305e-03 -1.48108027e-33
  3.88711393e-02  1.64733380e-02 -3.53460312e-02 -4.98384750e-03
 -4.46886895e-03 -1.06096134e-01 -2.50316299e-02 -1.15718529e-01
  5.03893942e-02 -6.12679496e-02 -6.00404181e-02  7.94103965e-02
  3.79741825e-02 -5.19333854e-02 -8.50008503e-02 -6.95071071e-02
  5.57378605e-02 -4.77265082e-02 -4.19525467e-02 -9.86702517e-02
 -8.81087501e-03  5.92533574e-02 -8.42572749e-02  4.82946411e-02
 -5.74928001e-02  2.21451055e-02  1.51638389e-02 -1.26729382e-03
  1.74507648e-02 -2.17710398e-02 -8.20644721e-02  3.65917459e-02
 -2.29000598e-02  3.02016195e-02  8.62648617e-03  4.45163809e-02
  5.08206673e-02 -7.20888153e-02 -2.30890736e-02 -1.20077226e-02
  4.37727273e-02 -6.97156936e-02 -4.40998701e-03 -4.42476608e-02
  1.44952545e-02  1.77449007e-02 -8.36961903e-03 -5.45440018e-02
 -1.04318000e-01  5.68156280e-02 -9.87238809e-03 -1.94789432e-02
 -1.02910668e-01  1.93870869e-02  5.38360374e-03 -4.73424122e-02
  5.18091545e-02 -7.80965611e-02 -5.44107184e-02  6.77393898e-02
 -2.85771787e-02  3.13038863e-02  6.18829578e-02  3.39678093e-03
  2.77140569e-02 -7.46132433e-02 -1.62088610e-02 -2.52158437e-02
  2.54997704e-02  6.16992824e-02  2.93998700e-03 -2.26290971e-02
 -8.45462382e-02 -5.89521714e-02  6.36794865e-02  1.38111515e-02
 -7.60515109e-02 -1.77908805e-03 -7.54006207e-02  5.84459603e-02
  3.54419113e-03  1.37447938e-02 -4.55371626e-02 -7.19636818e-03
  5.11773005e-02 -8.29505455e-03  1.79181863e-02 -4.44087237e-02
  4.59603965e-02  1.22669883e-01 -9.13532600e-02 -2.70295087e-02
 -5.64451963e-02  1.38892457e-02 -3.54954898e-02 -5.50228307e-08
  4.86594811e-02  4.31671217e-02 -1.65048242e-02 -3.79779749e-02
  2.61217933e-02 -8.32982138e-02 -2.63505206e-02  5.38717471e-02
  4.64822650e-02  4.48822696e-03  8.85313451e-02  7.15326965e-02
  1.27639860e-01  4.38021086e-02 -7.70187611e-03 -2.40321327e-02
  2.29853895e-02  2.99038198e-02 -8.67828131e-02 -4.80921380e-02
  5.91020845e-02  5.16539402e-02 -3.81476693e-02  2.40775347e-02
  7.20313564e-02  6.56031398e-03 -2.71675568e-02  6.57302365e-02
 -3.38582881e-02  2.74132211e-02 -5.62437139e-02 -5.98312169e-02
 -5.53189665e-02 -2.54766289e-02 -4.35606167e-02 -6.25671446e-02
  1.91709679e-02 -2.56314911e-02  1.78109482e-02 -7.59083638e-03
 -1.26117831e-02  6.89434856e-02 -3.34461927e-02  1.36223305e-02
 -3.79782021e-02 -3.83877195e-02 -1.04327075e-01  5.20807318e-02
 -8.33431433e-04 -1.29126885e-03 -3.17125507e-02 -6.42667040e-02
 -4.76266183e-02  7.77004734e-02  7.33000785e-02  2.15275609e-03
 -1.74649991e-02 -1.81683805e-02  1.59210935e-02 -1.32141421e-02
 -3.67766842e-02 -5.76701909e-02 -7.55722076e-02  1.91134345e-02]",False,False
Progressive Democrats Celebrate Climate Provisions In Inflation Reduction Act,Democrat politicians,progressive,"done an incredible job of getting us to this point, and democrats are delivering for the american people. this afternoon, we will pass the single greatest investment the united states has ever made to combat the climate crisis. as my colleagues have said, this is historic legislation that puts us on a path to a cleaner energy future, cutting carbon emissions, creating jobs and lowering energy costs for american consumers. it is also a great day for north carolina. my home state has long been a leader in clean energy, but the previous administration stymied our ability to grow this critical industry. on july 1st of this year, a 10-year moratorium on offshore wind leasing went into effect off the coast of north carolina, south carolina, georgia and florida. this moratorium imperils a new wave of offshore wind energy development and threatens tens of thousands of high-paying jobs. i am excited to report that our legislation includes my provision to overturn this pointless prohibition jump, starting american clean energy development at the time when it's needed most and, thanks to this bill, the same strong winds that lifted the wright brothers into the history books a century ago will create jobs and power homes across our state. the benefits of the inflation reduction act cannot be overstated. a recent study showed that the carolinas alone could see nearly 45 billion dollars in capital investment and over 37 000 jobs supported annually for the next decade by participation in offshore wind.",1.0,"[-6.38267696e-02  8.11752528e-02  7.55329579e-02  5.56093752e-02
  4.06342745e-02  1.75544769e-02 -6.58707172e-02 -9.73727033e-02
 -1.29177675e-01  5.63958054e-03 -3.70108336e-02  6.66736215e-02
 -3.31377028e-03 -2.85490323e-02  1.17126862e-02  1.25670969e-01
 -6.41033053e-02  4.13117139e-03 -3.82495150e-02  3.25376727e-02
  5.04808687e-02  2.94916593e-02 -4.98236530e-02 -6.08163793e-03
  3.79762240e-02  7.62825310e-02 -6.40531853e-02  3.35878320e-02
 -5.45917116e-02  4.27539200e-02  1.41710350e-02  4.30133287e-03
 -2.33438946e-02  7.40388874e-03  1.01280019e-01  6.12965263e-02
  1.02657573e-02  3.50833545e-03 -1.01449164e-02  5.74443350e-03
  4.34520207e-02 -5.90228513e-02 -6.23869337e-03 -3.72739062e-02
 -7.60248899e-02  6.49565905e-02  8.75783898e-03 -1.69497915e-02
 -2.15126034e-02 -1.78591441e-02  4.13965508e-02  2.14695502e-02
 -2.27730069e-02 -3.91786061e-02  8.03447608e-03  1.76661480e-02
  3.63152660e-02 -7.13683516e-02 -1.73301138e-02 -2.33944543e-02
  1.81829445e-02 -7.91392028e-02 -4.19305749e-02 -2.13907771e-02
  6.26046583e-02  5.26666977e-02  1.68451369e-02 -4.25262935e-02
 -7.38817677e-02 -3.83898765e-02 -4.78425575e-03 -6.99440530e-03
 -5.71594723e-02  7.35016540e-03  3.12276930e-02  2.08093990e-02
  4.35451977e-02  2.89680138e-02  9.00354460e-02 -7.68201873e-02
  5.09627275e-02 -9.39209685e-02 -2.96259299e-02 -7.45654702e-02
 -3.59980054e-02  5.70323644e-03 -1.34986937e-02 -4.42650691e-02
  1.33891702e-01 -8.27025902e-03 -7.73898186e-03 -3.79756764e-02
  5.61422445e-02  6.58080308e-03  3.77494656e-02  6.73021227e-02
 -1.42191425e-02 -2.33873557e-02 -6.74379319e-02  1.94592979e-02
  6.37002885e-02  1.66393089e-04 -6.90723676e-03 -1.11474112e-01
 -6.11397997e-02  2.47748699e-02 -2.66532302e-02  1.42136179e-02
 -2.13658679e-02 -4.19618413e-02  7.30093243e-03  2.67120246e-02
 -9.94391390e-04 -1.35418037e-02  3.49774980e-03  3.26836072e-02
  1.06753312e-01 -4.83131520e-02  5.89828864e-02 -2.26323046e-02
 -2.77349399e-03  6.33159876e-02 -2.87422799e-02  2.55531706e-02
  2.59972550e-02 -3.13957855e-02 -6.73723519e-02  1.87683267e-33
 -2.08913758e-02  5.39648943e-02  4.15085033e-02 -4.21746029e-03
  6.19902089e-02  3.01001742e-02  3.30364555e-02 -3.07125803e-02
 -3.05008013e-02 -2.09227744e-02 -1.43878639e-03  5.16399480e-02
  6.14437368e-03  7.61024654e-02  8.19159951e-03 -1.52327716e-01
 -9.91168898e-03 -3.02152690e-02  4.46019322e-02 -6.09604968e-03
  6.35787174e-02 -1.37694534e-02  1.08916126e-02  2.12022290e-03
 -2.42560320e-02 -1.28826380e-01  6.31315913e-03 -1.32620540e-02
 -2.17981283e-02  2.56457608e-02  6.84361085e-02  7.89914951e-02
  4.21613082e-02  1.17040277e-02 -5.04478402e-02 -1.67514030e-02
 -1.91674160e-03  1.08686769e-02 -4.17552516e-02 -1.32575016e-02
 -3.85644138e-02  6.11659847e-02 -6.55938014e-02  5.86262345e-02
  3.45422775e-02 -2.10906565e-02  8.34793523e-02  4.81991582e-02
 -3.68794836e-02 -2.99105980e-02  4.63662930e-02  5.84182329e-02
 -3.75300087e-02 -7.06953779e-02 -2.47021951e-02 -4.46081012e-02
  8.61061364e-03 -6.79827631e-02 -1.34565064e-03 -7.82387182e-02
  8.17606784e-03  4.44142483e-02 -2.38533188e-02 -3.68367787e-03
 -4.89204191e-02 -6.37177797e-03  4.68580350e-02  7.19718635e-02
 -9.77648273e-02 -1.05226110e-03  1.72568522e-02 -4.98530343e-02
 -2.51285471e-02  3.22722225e-03  2.02823393e-02  3.40862013e-02
  3.49637307e-02  6.36078417e-02  1.56214181e-03 -5.24233282e-02
 -6.56518852e-03  1.69516187e-02  8.31644759e-02 -7.41710067e-02
  6.90100938e-02 -1.24220461e-01 -2.67147962e-02  6.45014970e-03
  6.52021915e-02 -3.64730805e-02 -3.57351191e-02  2.22029481e-02
  1.06620759e-01  8.52112286e-03  8.58155731e-03 -3.64468158e-33
 -5.35774790e-02 -9.29628126e-03 -3.11300214e-02 -9.27331019e-03
 -1.56988371e-02 -3.82110663e-02  6.43207803e-02 -8.81875977e-02
 -2.05247533e-02 -1.16941683e-01 -1.49320643e-02  1.26282023e-02
  2.97284834e-02  3.62746716e-02  4.74906806e-03 -3.43429632e-02
 -5.42619871e-03  5.65733155e-03 -5.29708154e-02 -2.55674124e-02
  2.61388309e-02  3.47910374e-02 -6.68937042e-02  8.84134918e-02
 -8.08919743e-02  2.27717850e-02 -1.51338773e-02 -9.26240813e-03
  1.51166856e-01  2.37522228e-03 -6.33768290e-02  1.10405214e-01
 -9.72603168e-03  7.13773668e-02 -2.11873539e-02 -2.15833844e-03
  1.84631571e-02 -4.81990352e-02 -1.96077228e-02 -2.05400214e-02
  9.31562856e-02 -7.17720315e-02 -7.57885128e-02 -1.37676450e-03
 -4.68253973e-04  6.19113166e-03  2.20086109e-02 -4.92828824e-02
 -6.65343776e-02  5.23614250e-02 -4.37571667e-02  1.45762339e-02
 -3.92102301e-02  7.02504292e-02 -4.61653993e-03 -2.46666577e-02
  1.21411391e-01 -7.92564377e-02 -2.80090477e-02  4.35030870e-02
 -4.67088297e-02  6.19610399e-02  2.23960504e-02 -3.37144881e-02
  6.96830675e-02 -2.71639563e-02  4.93805967e-02 -4.32903916e-02
  5.27498983e-02 -3.49253938e-02 -7.00455755e-02 -1.00698201e-02
 -8.58365074e-02 -6.22079037e-02 -2.13923324e-02  7.92140141e-02
  6.66022673e-02  1.05469464e-03 -8.79593417e-02  6.38444200e-02
 -3.15158553e-02  1.12979468e-02 -2.42079590e-02 -6.34807721e-02
  5.19591421e-02 -4.44261916e-02 -2.18557715e-02 -1.03325985e-01
  1.54811535e-02  1.34287953e-01 -1.31185338e-01 -2.11199205e-02
 -3.91736776e-02  2.29216106e-02 -3.48257995e-03 -5.76105954e-08
  1.01847416e-02  3.88056673e-02  1.51382806e-02  3.33779678e-02
  7.87626114e-03 -1.41441803e-02  1.56596731e-02  5.52210212e-02
  8.11777171e-03 -4.57946435e-02  6.95220679e-02  5.54116778e-02
  1.14553198e-01 -3.86925228e-02 -5.74907102e-03 -5.13995923e-02
 -2.33571120e-02  7.37140402e-02 -2.00591926e-02 -6.09666808e-03
  4.77910414e-02  6.89285845e-02 -7.28203878e-02  2.28874721e-02
  1.30125685e-02 -4.76232776e-03  5.42199537e-02  9.98244956e-02
  3.81502323e-02 -2.22777948e-04 -6.49701357e-02  2.91968416e-02
  4.17947285e-02 -4.69684899e-02 -6.57215789e-02 -4.56900783e-02
 -8.97130091e-03 -6.37812493e-03  1.30792689e-02 -5.26879728e-03
 -9.54403891e-04  8.99176225e-02 -6.94015995e-02  1.32785495e-02
  1.15531487e-02 -6.11918792e-02 -9.98211205e-02 -1.70145128e-02
  1.41462181e-02  5.22606112e-02 -2.88822036e-02 -1.00482162e-02
  2.19648108e-02  1.11172862e-01  4.95021380e-02  5.82534559e-02
 -9.38292965e-02 -3.86086479e-02 -7.69921169e-02 -1.14175128e-02
  7.21370475e-03 -1.29339874e-01 -6.48444146e-02  5.86172864e-02]",False,False
Progressive Democrats Celebrate Climate Provisions In Inflation Reduction Act,Democrat politicians,progressive,"infrastructure in communities and putting our communities and their justice and their equity and their jobs at the center of our work. and, let me just say, is the daughter of a former operating engineer who literally helped to build a power plant that is part of the energy transition. as the daughter of a former boilermaker who worked in the oil and gas fields in new mexico, this is deeply personal to me and we will make sure that our communities are not left behind. [Applause]. today, my colleagues and i are about to turn around in about three hours and head back into that building and vote to pass the inflation reduction act. this bill will cut carbon emissions by 40 by 2030. it will make 4 billion in investment in drought resilience all across the west, building on the bipartisan infrastructure bill, which invests in the resilience and the equity of our communities to build infrastructure for water and clean energy, and the inflation reduction act invests 60 billion dollars in environmental justice so that our communities have a seat at the table. finally, i want to turn to each and every one of you who have been our climate champions, especially our young people across the country and across the world, who took to the streets, who raised their voices, who march and demanded that we act on climate action. you never took no for an answer. you pushed us to be better, to dream bigger.",0.998,"[-1.45207467e-02  7.64218196e-02  5.26465997e-02  6.45015314e-02
  6.05204552e-02 -2.98697222e-02 -2.99125370e-02 -2.37781890e-02
 -5.59692457e-02  6.17392012e-04 -1.52368462e-02 -3.54676135e-02
  2.74174614e-03  3.16851214e-02 -2.48937346e-02  1.05055690e-01
 -5.81056215e-02 -1.63528621e-02 -9.62929204e-02  1.36780003e-02
  3.89651358e-02  1.31222131e-02 -7.05574453e-02  2.80073825e-02
  2.04876829e-02  3.37859765e-02 -4.55955938e-02 -1.90144293e-02
 -8.20815489e-02  3.96828800e-02  4.05531600e-02 -9.14287008e-03
  6.72035245e-03 -6.46175584e-03  8.40914175e-02  8.58813152e-02
  6.83052763e-02 -9.96704306e-03  3.74819040e-02 -5.02003320e-02
  3.33971996e-03 -1.21712379e-01 -2.49480419e-02 -8.73668045e-02
 -3.98066780e-03  3.97139639e-02  2.21362263e-02 -3.08954343e-02
  7.13600777e-03 -6.88635483e-02 -2.03414541e-02 -1.16018085e-02
 -3.33153680e-02 -6.34334004e-03 -3.19051114e-03  1.61692314e-02
  5.34934318e-03 -5.14681526e-02  1.88277680e-02 -2.58091912e-02
  2.22817026e-02 -6.50154427e-02 -7.05301911e-02  3.05611212e-02
  3.97185907e-02  1.70830004e-02  4.18282412e-02 -2.57375627e-03
 -4.58617806e-02 -2.15321500e-02  4.05964218e-02  4.68666144e-02
  3.86930406e-02 -2.58416142e-02  1.20568415e-03  3.83993238e-02
  2.61336882e-02  5.80955930e-02  1.03224292e-01 -2.98222881e-02
  8.66557136e-02 -2.92439722e-02  1.14910584e-02 -8.14043581e-02
 -6.19088486e-02 -1.00134267e-02  1.43336495e-02 -7.87736550e-02
  1.05386853e-01 -4.83432524e-02 -5.94615713e-02  1.12670008e-02
  1.26031891e-01  5.57313673e-02  1.31934024e-02  6.02702275e-02
 -6.48156041e-03 -6.12447970e-02 -2.83362053e-04  6.29381388e-02
  2.23215912e-02  2.93942578e-02  5.48652969e-02 -7.16738105e-02
  3.49220529e-04  1.10510187e-02 -2.75287442e-02  6.01322167e-02
 -2.36626249e-02 -1.35387955e-02  3.04332580e-02 -1.81904119e-02
 -1.27848350e-02  2.57259794e-02  1.51083432e-02  1.63345765e-02
  7.71731064e-02 -4.37990464e-02  5.77687174e-02 -3.48456092e-02
 -2.73905415e-03  5.81935793e-02 -8.67159814e-02  1.17888963e-02
  1.11697711e-01 -2.87419464e-02 -4.32749465e-02  4.49076357e-34
 -2.13078950e-02  7.41058961e-02  1.62997171e-02 -1.70034245e-02
  3.20455059e-02 -1.00446977e-02 -4.65665758e-03 -1.60575192e-02
 -7.88507238e-02 -5.55351563e-02  2.64476500e-02  2.04781480e-02
  7.84536079e-02  7.97297582e-02  1.67135447e-02 -1.44870013e-01
 -6.25468418e-02 -2.46730447e-02  3.27314995e-02  2.97831055e-02
  2.68777572e-02 -2.28941459e-02 -8.35391134e-03  3.23460512e-02
  1.12770812e-03 -7.34939352e-02  7.52471611e-02 -2.68692151e-02
  3.07747466e-03  5.45559218e-03  5.90856001e-02  5.56630194e-02
  1.94739103e-02  4.60998475e-04 -4.59858812e-02 -2.60390379e-02
  1.23976339e-02 -9.36357584e-03 -7.65943304e-02 -1.35159642e-02
 -3.40600824e-03  6.69256225e-02 -5.36058880e-02  1.53154917e-02
 -1.22543210e-02 -8.01464915e-03  1.20928824e-01  2.22877786e-02
 -2.21997090e-02 -3.51985916e-02 -6.29264582e-03  3.61413062e-02
 -6.70116395e-02 -2.81757601e-02  9.85205639e-03 -7.09242150e-02
 -1.21595832e-02 -3.50908861e-02  3.09850983e-02 -1.11917034e-01
 -2.51791663e-02 -1.80801358e-02 -3.96807604e-02  6.89221546e-02
 -1.27284869e-03 -4.52627987e-03  1.37589602e-02  7.10795447e-02
 -2.76640654e-02 -8.75519961e-03 -4.39997559e-04 -2.42340583e-02
 -5.05395159e-02  1.97234061e-02 -1.07994219e-02  1.52147859e-02
  1.83618292e-02 -3.71012203e-02 -2.88619064e-02 -2.42054649e-02
 -7.32261762e-02  1.65738049e-03  3.51601504e-02 -6.67947605e-02
  1.25997469e-01 -8.22026506e-02 -2.32374612e-02 -6.98037772e-03
  6.23238645e-02 -5.67953959e-02 -3.05651799e-02 -2.88714245e-02
  7.91517571e-02 -9.80998948e-03 -2.51748110e-03 -3.15582030e-33
  3.06173190e-02  5.59244975e-02  2.45135427e-02  3.79813649e-02
  3.15096751e-02 -8.05510059e-02 -6.45828433e-03 -8.52455422e-02
  6.46950677e-02 -1.70157999e-02 -6.47471249e-02  4.06843573e-02
  3.16738896e-02  7.67627638e-03 -1.15616200e-02 -1.82503089e-02
  5.45422696e-02 -1.89084318e-02 -6.82455599e-02 -7.77476057e-02
 -6.79514706e-02  6.43491372e-02 -7.21566901e-02  9.21357647e-02
 -1.00526713e-01  3.55103724e-02  2.87067760e-02 -1.03598021e-01
  9.21678841e-02  1.86595283e-02 -1.40781239e-01  5.67607135e-02
 -7.31267408e-02  3.77139226e-02 -5.08292280e-02  6.00407086e-02
  4.93874832e-04 -7.72737041e-02 -5.92532046e-02  3.10704093e-02
  8.11533928e-02 -4.78853621e-02 -7.86171854e-02 -4.42271382e-02
 -7.04816729e-02  1.98490676e-02  6.12886548e-02 -2.51859426e-02
 -5.30420840e-02  1.92854479e-02  2.45408081e-02  1.09360963e-02
 -2.43620928e-02  6.56645969e-02 -1.70800311e-03 -4.48536985e-02
  1.96720660e-01 -3.97880711e-02 -4.92080562e-02  1.03397612e-02
  1.13771576e-03  1.82575232e-03  2.53531709e-02  1.42489374e-03
  6.13527857e-02 -4.29244675e-02 -2.10918617e-02 -3.59598584e-02
  2.37442199e-02  3.39351818e-02  9.78718419e-03 -2.40658913e-02
 -8.69296491e-02 -6.94671795e-02 -3.68026295e-03  1.37084154e-02
  1.48362704e-02  6.72023650e-03 -7.58118629e-02  2.34083813e-02
  7.10123181e-02  1.68392584e-02  2.62803808e-02 -9.43769440e-02
  8.80691633e-02 -7.71434680e-02 -6.21701311e-03 -7.92900547e-02
 -1.06162634e-02  1.72389969e-01 -1.00465484e-01 -1.75798554e-02
 -1.50742047e-02 -2.18511019e-02 -4.23067883e-02 -5.90837388e-08
 -2.38292497e-02  3.54338735e-02 -6.91320151e-02  5.80467694e-02
 -1.76558755e-02 -1.09956146e-03 -1.89676862e-02  6.65619001e-02
  3.72758955e-02  3.04177534e-02  9.05164406e-02  3.70818786e-02
  7.55302981e-02  3.03460862e-02  5.44381374e-03 -3.54748629e-02
 -1.70266051e-02  3.21646892e-02 -7.81352967e-02  1.36560518e-02
  1.00446632e-02  4.32226621e-02 -7.91146159e-02  2.56584901e-02
  5.63491508e-02 -2.30407622e-02  1.57372728e-02  9.57764015e-02
 -2.54553054e-02 -4.32302877e-02 -7.11410791e-02  4.64160740e-02
 -2.72326358e-02 -3.94383967e-02 -1.82671975e-02 -2.07919180e-02
  5.69981113e-02  3.39716300e-02  1.37147307e-03  2.89315917e-02
 -2.13906206e-02  4.39927503e-02 -7.02029616e-02  2.04521064e-02
  1.11080008e-02 -4.73027155e-02 -1.56773731e-01  3.49045359e-02
  2.16792263e-02  2.82898992e-02 -3.55435647e-02 -6.54704198e-02
  1.11954799e-02  6.94087744e-02  5.31319603e-02  2.10219630e-04
 -7.81360492e-02  1.73845571e-02 -6.12284578e-02  3.63156805e-03
  6.66905418e-02 -8.39615539e-02 -2.13479474e-02  5.59129007e-03]",False,False
Progressive Democrats Celebrate Climate Provisions In Inflation Reduction Act,Democrat politicians,progressive,"to have courage and to never take no for an answer, because you understand that everything is on the line. you gathered your talents, you put them together for club, for a common purpose, and you put your bodies on the line. and it worked. and that is why this victory is not only ours as a nation, but is yours as the people of this country. we have a lot of work to do. this is just the beginning. we've got to get these dollars into our communities. we've got to make sure that we do the work to actually cut carbon and save our planet. but today we celebrate this incredible victory and all of the people who made it possible. so let's do this, everyone. it's climate action time. [Applause]. all right, the inflation reduction act is the pollution reduction act. it's the kickstart to the clean energy future. so let's go get it done.",1.0,"[-3.88256554e-03  8.88393372e-02  6.59747943e-02  4.86584520e-03
  8.46525803e-02  1.84395146e-02 -1.55471843e-02 -5.14364131e-02
 -3.98803167e-02 -4.42200201e-03 -2.79687699e-02 -4.66839671e-02
  1.61901079e-02 -4.60062921e-02 -4.34052013e-02  8.02695528e-02
 -1.14364974e-01 -4.08752263e-02 -6.36998489e-02  4.38352749e-02
 -3.60647552e-02  1.09384386e-02 -1.50089394e-02  9.79810581e-02
 -4.69845533e-02  7.55657852e-02 -9.32610109e-02  1.91486180e-02
 -4.39560302e-02  5.29993810e-02  5.78364432e-02 -3.91332656e-02
  3.28005552e-02  5.51714897e-02  4.30170335e-02  8.82532522e-02
  3.55534963e-02 -4.05955240e-02 -4.12341021e-02 -6.04044646e-02
  2.56162472e-02 -1.22250102e-01 -2.33724550e-03 -3.22320908e-02
  7.41287228e-03  8.32070559e-02  2.18835529e-02 -6.62811659e-03
  3.57140675e-02 -9.45497528e-02  4.86793220e-02  9.70072020e-03
 -6.26627654e-02 -1.04650334e-01  1.78250528e-04  2.75273975e-02
  5.84297366e-02 -2.95941159e-02 -4.03083488e-03 -5.86082935e-02
 -1.98964849e-02 -8.01910162e-02 -6.41421080e-02  2.86702774e-02
  9.43432078e-02 -9.40644462e-03  7.79282451e-02  2.45345160e-02
 -1.46907894e-02  2.35596094e-02  2.51478758e-02  1.04515450e-02
  6.75555468e-02 -4.25511412e-02 -5.61111160e-02  3.89786474e-02
  1.39940539e-02  3.49278003e-02  9.43078250e-02  5.41425087e-02
  6.83795735e-02 -1.38418907e-02  1.66947935e-02 -2.70396490e-02
 -4.84876111e-02 -3.60337831e-02  1.56326797e-02 -5.87621145e-02
  6.84947222e-02 -5.34741990e-02 -1.02981940e-01 -4.10453649e-03
  6.85691461e-02  7.05185011e-02 -5.28250933e-02  3.51199843e-02
  2.47232821e-02  2.08315533e-02 -1.71054825e-02  4.88462374e-02
  8.50104615e-02  4.66246493e-02 -1.77729651e-02 -1.28096357e-01
 -1.59615893e-02 -1.36737246e-02 -3.53351645e-02  2.71995924e-02
  2.82008387e-02 -2.45956574e-02 -1.24570867e-02 -3.43600996e-02
  4.93886098e-02  3.74623723e-02  3.39187048e-02  1.98519938e-02
  8.75725131e-03 -6.63120747e-02  4.49883426e-03  2.11724229e-02
 -1.87369343e-02  2.49483325e-02 -1.01199828e-01  1.81033406e-02
  8.21499527e-02  1.00582605e-03  4.48977351e-02 -3.14042903e-33
  3.63469124e-02  8.41710046e-02  1.09679058e-01  4.97336611e-02
  1.03175445e-02 -7.67410593e-03 -4.74223644e-02 -3.84503081e-02
 -6.63565248e-02 -2.23339386e-02  4.40224595e-02  2.90172622e-02
  3.08961030e-02  1.05613552e-01  1.46056022e-02 -1.34019867e-01
 -8.59468654e-02 -6.97916746e-02  4.71259132e-02 -1.43369874e-02
  1.43033415e-02 -3.75455134e-02  5.34075871e-03  2.03108322e-03
  2.40713134e-02 -4.74459529e-02  3.37989181e-02 -6.47862954e-03
 -3.81735861e-02 -6.46475609e-03  6.70106858e-02  5.20028956e-02
 -7.07829595e-02 -4.84417519e-03 -6.68927655e-02 -7.81558156e-02
  3.65357995e-02 -3.79643543e-03 -5.23359179e-02  5.95712522e-03
 -4.08736058e-02  4.77265827e-02 -9.21561494e-02 -1.79845020e-02
  2.55514327e-02  3.32694575e-02  6.82311654e-02  2.73914710e-02
 -6.04400113e-02  6.29525585e-03 -1.16691766e-02  3.63462754e-02
 -2.77227024e-03 -3.64828669e-02  4.21935953e-02 -6.84643984e-02
 -1.93348657e-02 -7.37026259e-02 -3.65188383e-02 -1.37539819e-01
  4.64519812e-03 -6.54421002e-03 -7.52231777e-02  1.13257870e-01
 -4.31853347e-02  3.57290618e-02  4.64176107e-03  1.46882348e-02
 -1.68001559e-02 -4.54049036e-02  3.85769829e-02 -4.32740822e-02
 -3.16020511e-02 -1.93449259e-02  6.50002733e-02  4.58850786e-02
  4.54813130e-02 -5.62002920e-02 -9.59980674e-03 -5.33814058e-02
 -5.01029156e-02  4.92719281e-03  3.92850898e-02 -8.28752369e-02
  1.10763572e-01 -1.01071388e-01 -1.20128496e-02 -6.56780845e-04
  8.99759606e-02 -6.12538904e-02 -5.97441532e-02 -3.99045534e-02
  7.65168890e-02 -1.74946319e-02 -5.70812672e-02  4.48787259e-34
  8.31401646e-02  3.10281087e-02  8.28947779e-03 -5.81730716e-03
  5.56437559e-02 -5.00299362e-03 -2.32626591e-02 -9.79564786e-02
  3.98701662e-03  5.91282770e-02 -1.41647933e-02  6.37950748e-02
  4.31841686e-02 -1.13539107e-03  2.50964332e-03 -7.92115182e-02
  3.24274600e-02  1.31723722e-02 -6.03750162e-02 -8.86056423e-02
 -5.90729117e-02  4.66498062e-02 -3.93129475e-02  3.34728062e-02
 -1.02512144e-01 -1.57979280e-02 -6.50343625e-03 -3.44599448e-02
  1.01445235e-01 -2.14902610e-02 -4.18533869e-02  7.70824850e-02
 -5.43156788e-02  3.19772959e-03 -1.55637972e-03  8.86412710e-02
  9.14837327e-03 -3.25622484e-02 -2.72388607e-02  1.97734870e-02
 -6.10652827e-02 -8.64418671e-02 -9.29905176e-02 -4.44943309e-02
 -6.19267002e-02 -5.19105373e-03  2.11578626e-02 -2.00245306e-02
 -3.06706056e-02  2.04874128e-02  3.64085659e-02  1.84623823e-02
 -2.95948945e-02  3.50586921e-02  3.73386703e-02  1.21387548e-03
  1.01996981e-01 -5.50792962e-02 -4.72906567e-02  1.05963610e-02
 -6.64274767e-02  2.28597745e-02 -1.65720657e-02  1.35411033e-02
  7.48373866e-02 -2.66086161e-02 -8.48925859e-03  4.71591502e-02
  9.78123769e-02  4.02632952e-02 -6.50466830e-02  1.16765657e-02
 -8.05175528e-02  1.03604863e-03  1.58793852e-02  2.45022886e-02
 -1.58049562e-03  3.71061973e-02 -1.61820948e-02 -8.46236292e-03
  3.30486968e-02 -1.56854223e-02  5.34773171e-02 -4.07519005e-02
  5.56082055e-02  1.01866480e-02  7.38071138e-03 -5.99619374e-02
 -4.98190429e-03  1.06345505e-01 -3.87087762e-02 -1.86243113e-02
  2.15501711e-02  8.59794095e-02  1.22171063e-02 -5.19440597e-08
 -1.70739775e-03  5.84301166e-02 -2.93865260e-02  3.74273881e-02
 -2.51569357e-02  2.55044196e-02  1.27564948e-02  2.09814664e-02
  7.66102076e-02  1.60946343e-02  8.15764219e-02  3.59155126e-02
  6.51936755e-02  4.07198220e-02  1.57736696e-03 -2.87135337e-02
 -5.16366623e-02  2.75944192e-02 -4.91388664e-02 -1.20529654e-02
  8.34829267e-03  3.28665301e-02 -8.61956403e-02 -5.61425462e-02
  8.10334682e-02  5.76503528e-03  4.98734824e-02  1.16606928e-01
 -5.40634245e-02  1.00624841e-02 -4.55805734e-02 -3.76997539e-03
 -8.47822204e-02 -4.08843011e-02 -6.08374625e-02 -2.05191802e-02
  9.74213928e-02  7.29777198e-03  2.05222834e-02 -1.93532724e-02
 -5.87200783e-02  8.63054320e-02 -3.39996442e-02  1.39361843e-02
 -3.06644961e-02  1.80280209e-02 -8.87301490e-02  5.51953353e-02
 -3.24086170e-03  1.28301764e-02 -3.82873788e-02 -5.99163622e-02
  3.53745953e-03  9.36777443e-02  4.14608829e-02 -3.95839103e-04
 -8.47406238e-02  4.27757353e-02 -3.62171046e-02  1.66978093e-03
  2.61710230e-02 -6.73199445e-02 -7.21422508e-02  6.99276943e-03]",False,False
